table_name,column_name,ordinal,data_type,udt_name,nullable,default,is_identity,is_generated,null_frac,n_distinct,in_pk,fk_target
action_sources,id,1,uuid,uuid,NO,gen_random_uuid(),NO,NEVER,0,-1,Y,
action_sources,source_type,2,text,text,NO,'http'::text,NO,NEVER,0,1,N,
action_sources,route_pattern,3,text,text,NO,,NO,NEVER,0,-0.6410256624221802,N,
action_sources,method,4,text,text,NO,,NO,NEVER,0,2,N,
action_sources,status_min,5,integer,int4,NO,200,NO,NEVER,0,1,N,
action_sources,status_max,6,integer,int4,NO,299,NO,NEVER,0,1,N,
action_sources,success_predicate,7,text,text,YES,,NO,NEVER,0,-0.5384615659713745,N,
action_sources,action_name,8,text,text,NO,,NO,NEVER,0,-0.5897436141967773,N,
action_sources,entity_resolver,9,text,text,NO,,NO,NEVER,0,-0.3589743673801422,N,
action_sources,entity_type,10,text,text,NO,'auto'::text,NO,NEVER,0,3,N,
action_sources,amount_resolver,11,text,text,YES,,NO,NEVER,0.38461539149284363,-0.20512820780277252,N,
action_sources,reference_type,12,text,text,YES,,NO,NEVER,0.05128205195069313,-0.4615384638309479,N,
action_sources,reference_id_resolver,13,text,text,YES,,NO,NEVER,0.05128205195069313,-0.5641025900840759,N,
action_sources,metadata_resolvers,14,jsonb,jsonb,NO,'{}'::jsonb,NO,NEVER,0,2,N,
action_sources,enabled,15,boolean,bool,NO,true,NO,NEVER,0,2,N,
action_sources,priority,16,integer,int4,NO,100,NO,NEVER,0,-0.3333333432674408,N,
action_sources,dry_run,17,boolean,bool,NO,false,NO,NEVER,0,1,N,
action_sources,notes,18,text,text,YES,,NO,NEVER,0.025641025975346565,-0.8974359035491943,N,
action_sources,created_at,19,timestamp with time zone,timestamptz,YES,now(),NO,NEVER,0,-1,N,
action_sources,updated_at,20,timestamp with time zone,timestamptz,YES,now(),NO,NEVER,0,-0.9487179517745972,N,
ad_budget_transactions,id,1,uuid,uuid,NO,gen_random_uuid(),NO,NEVER,,,Y,
ad_budget_transactions,campaign_id,2,uuid,uuid,NO,,NO,NEVER,,,N,advertising_campaigns.id
ad_budget_transactions,vendor_id,3,uuid,uuid,NO,,NO,NEVER,,,N,vendors.id
ad_budget_transactions,transaction_type,4,text,text,NO,,NO,NEVER,,,N,
ad_budget_transactions,amount,5,numeric,numeric,NO,,NO,NEVER,,,N,
ad_budget_transactions,currency,6,text,text,YES,'INR'::text,NO,NEVER,,,N,
ad_budget_transactions,click_id,7,uuid,uuid,YES,,NO,NEVER,,,N,ad_clicks.id
ad_budget_transactions,impression_id,8,uuid,uuid,YES,,NO,NEVER,,,N,ad_impressions.id
ad_budget_transactions,description,9,text,text,YES,,NO,NEVER,,,N,
ad_budget_transactions,created_at,10,timestamp with time zone,timestamptz,YES,now(),NO,NEVER,,,N,
ad_clicks,id,1,uuid,uuid,NO,gen_random_uuid(),NO,NEVER,,,Y,
ad_clicks,campaign_id,2,uuid,uuid,NO,,NO,NEVER,,,N,advertising_campaigns.id
ad_clicks,impression_id,3,uuid,uuid,YES,,NO,NEVER,,,N,ad_impressions.id
ad_clicks,vendor_id,4,uuid,uuid,NO,,NO,NEVER,,,N,vendors.id
ad_clicks,click_type,5,text,text,NO,,NO,NEVER,,,N,
ad_clicks,target_id,6,uuid,uuid,YES,,NO,NEVER,,,N,
ad_clicks,target_type,7,text,text,YES,,NO,NEVER,,,N,
ad_clicks,customer_id,8,uuid,uuid,YES,,NO,NEVER,,,N,customers.id
ad_clicks,session_id,9,text,text,YES,,NO,NEVER,,,N,
ad_clicks,ip_address,10,text,text,YES,,NO,NEVER,,,N,
ad_clicks,user_agent,11,text,text,YES,,NO,NEVER,,,N,
ad_clicks,referrer,12,text,text,YES,,NO,NEVER,,,N,
ad_clicks,location,13,jsonb,jsonb,YES,,NO,NEVER,,,N,
ad_clicks,converted,14,boolean,bool,YES,false,NO,NEVER,,,N,
ad_clicks,conversion_type,15,text,text,YES,,NO,NEVER,,,N,
ad_clicks,conversion_value,16,numeric,numeric,YES,,NO,NEVER,,,N,
ad_clicks,converted_at,17,timestamp with time zone,timestamptz,YES,,NO,NEVER,,,N,
ad_clicks,clicked_at,18,timestamp with time zone,timestamptz,YES,now(),NO,NEVER,,,N,
ad_impressions,id,1,uuid,uuid,NO,gen_random_uuid(),NO,NEVER,,,Y,
ad_impressions,campaign_id,2,uuid,uuid,NO,,NO,NEVER,,,N,advertising_campaigns.id
ad_impressions,vendor_id,3,uuid,uuid,NO,,NO,NEVER,,,N,vendors.id
ad_impressions,impression_type,4,text,text,NO,,NO,NEVER,,,N,
ad_impressions,target_id,5,uuid,uuid,YES,,NO,NEVER,,,N,
ad_impressions,target_type,6,text,text,YES,,NO,NEVER,,,N,
ad_impressions,customer_id,7,uuid,uuid,YES,,NO,NEVER,,,N,customers.id
ad_impressions,session_id,8,text,text,YES,,NO,NEVER,,,N,
ad_impressions,ip_address,9,text,text,YES,,NO,NEVER,,,N,
ad_impressions,user_agent,10,text,text,YES,,NO,NEVER,,,N,
ad_impressions,location,11,jsonb,jsonb,YES,,NO,NEVER,,,N,
ad_impressions,impressed_at,12,timestamp with time zone,timestamptz,YES,now(),NO,NEVER,,,N,
ad_performance_analytics,id,1,uuid,uuid,NO,gen_random_uuid(),NO,NEVER,,,Y,
ad_performance_analytics,campaign_id,2,uuid,uuid,NO,,NO,NEVER,,,N,advertising_campaigns.id
ad_performance_analytics,vendor_id,3,uuid,uuid,NO,,NO,NEVER,,,N,vendors.id
ad_performance_analytics,date,4,date,date,NO,,NO,NEVER,,,N,
ad_performance_analytics,impressions,5,integer,int4,YES,0,NO,NEVER,,,N,
ad_performance_analytics,clicks,6,integer,int4,YES,0,NO,NEVER,,,N,
ad_performance_analytics,conversions,7,integer,int4,YES,0,NO,NEVER,,,N,
ad_performance_analytics,spend,8,numeric,numeric,YES,0,NO,NEVER,,,N,
ad_performance_analytics,revenue,9,numeric,numeric,YES,0,NO,NEVER,,,N,
ad_performance_analytics,ctr,10,numeric,numeric,YES,0,NO,NEVER,,,N,
ad_performance_analytics,cpc,11,numeric,numeric,YES,0,NO,NEVER,,,N,
ad_performance_analytics,cpm,12,numeric,numeric,YES,0,NO,NEVER,,,N,
ad_performance_analytics,conversion_rate,13,numeric,numeric,YES,0,NO,NEVER,,,N,
ad_performance_analytics,roas,14,numeric,numeric,YES,0,NO,NEVER,,,N,
ad_performance_analytics,created_at,15,timestamp with time zone,timestamptz,YES,now(),NO,NEVER,,,N,
ad_performance_analytics,updated_at,16,timestamp with time zone,timestamptz,YES,now(),NO,NEVER,,,N,
admin_ai_audit,id,1,uuid,uuid,NO,,NO,NEVER,,,Y,
admin_ai_audit,admin_principal_id,2,text,text,NO,,NO,NEVER,,,N,
admin_ai_audit,route,3,text,text,NO,,NO,NEVER,,,N,
admin_ai_audit,tool_names,4,text,text,YES,,NO,NEVER,,,N,
admin_ai_audit,request_id,5,text,text,YES,,NO,NEVER,,,N,
admin_ai_audit,created_at,6,timestamp with time zone,timestamptz,NO,now(),NO,NEVER,,,N,
admin_ai_audit,latency_ms,7,integer,int4,YES,,NO,NEVER,,,N,
admin_ai_audit,outcome,8,text,text,NO,,NO,NEVER,,,N,
admin_ai_audit,prompt_hash,9,text,text,YES,,NO,NEVER,,,N,
admin_ai_audit,message_len,10,integer,int4,YES,,NO,NEVER,,,N,
admin_settings,id,1,uuid,uuid,NO,gen_random_uuid(),NO,NEVER,0,-1,Y,
admin_settings,setting_category,2,text,text,NO,,NO,NEVER,0,-0.1818181872367859,N,
admin_settings,setting_key,3,text,text,NO,,NO,NEVER,0,-1,N,
admin_settings,setting_value,4,jsonb,jsonb,NO,,NO,NEVER,0,-0.5,N,
admin_settings,description,5,text,text,YES,,NO,NEVER,0.13636364042758942,-0.8636363744735718,N,
admin_settings,is_active,6,boolean,bool,YES,true,NO,NEVER,0,1,N,
admin_settings,created_at,7,timestamp with time zone,timestamptz,YES,now(),NO,NEVER,0,-1,N,
admin_settings,updated_at,8,timestamp with time zone,timestamptz,YES,now(),NO,NEVER,0,-1,N,
admins,id,1,uuid,uuid,NO,gen_random_uuid(),NO,NEVER,0,-1,Y,
admins,phone,2,character varying,varchar,YES,,NO,NEVER,0.8333333134651184,-0.1666666865348816,N,
admins,email,3,character varying,varchar,NO,,NO,NEVER,0,-1,N,
admins,name,4,character varying,varchar,NO,,NO,NEVER,0,-0.8333333134651184,N,
admins,password_hash,5,character varying,varchar,YES,,NO,NEVER,0,-1,N,
admins,role,6,character varying,varchar,YES,'admin'::character varying,NO,NEVER,0,-0.3333333432674408,N,
admins,permissions,7,jsonb,jsonb,YES,'{}'::jsonb,NO,NEVER,0,-0.1666666716337204,N,
admins,is_active,8,boolean,bool,YES,true,NO,NEVER,0,-0.1666666716337204,N,
admins,last_login_at,9,timestamp without time zone,timestamp,YES,,NO,NEVER,0.3333333432674408,-0.6666666269302368,N,
admins,created_at,10,timestamp without time zone,timestamp,YES,now(),NO,NEVER,0,-1,N,
admins,updated_at,11,timestamp without time zone,timestamp,YES,now(),NO,NEVER,0,-1,N,
admins,admin_role_id,12,uuid,uuid,YES,,NO,NEVER,0.5,-0.3333333432674408,N,roles.id
adoption_applications,id,1,uuid,uuid,NO,gen_random_uuid(),NO,NEVER,,,Y,
adoption_applications,booking_id,2,uuid,uuid,NO,,NO,NEVER,,,N,bookings.id
adoption_applications,customer_id,3,uuid,uuid,NO,,NO,NEVER,,,N,customers.id
adoption_applications,pet_id,4,uuid,uuid,NO,,NO,NEVER,,,N,
adoption_applications,application_status,5,text,text,NO,'pending'::text,NO,NEVER,,,N,
adoption_applications,application_data,6,jsonb,jsonb,NO,,NO,NEVER,,,N,
adoption_applications,submitted_at,7,timestamp with time zone,timestamptz,YES,now(),NO,NEVER,,,N,
adoption_applications,reviewed_at,8,timestamp with time zone,timestamptz,YES,,NO,NEVER,,,N,
adoption_applications,reviewed_by,9,uuid,uuid,YES,,NO,NEVER,,,N,
adoption_applications,approval_reason,10,text,text,YES,,NO,NEVER,,,N,
adoption_applications,rejection_reason,11,text,text,YES,,NO,NEVER,,,N,
adoption_applications,completed_at,12,timestamp with time zone,timestamptz,YES,,NO,NEVER,,,N,
adoption_applications,created_at,13,timestamp with time zone,timestamptz,YES,now(),NO,NEVER,,,N,
adoption_applications,updated_at,14,timestamp with time zone,timestamptz,YES,now(),NO,NEVER,,,N,
adoption_center_profiles,id,1,uuid,uuid,NO,gen_random_uuid(),NO,NEVER,,,Y,
adoption_center_profiles,center_id,2,text,text,NO,,NO,NEVER,,,N,
adoption_center_profiles,vendor_id,3,uuid,uuid,NO,,NO,NEVER,,,N,vendors.id
adoption_center_profiles,center_name,4,text,text,NO,,NO,NEVER,,,N,
adoption_center_profiles,registration_number,5,text,text,YES,,NO,NEVER,,,N,
adoption_center_profiles,type,6,text,text,NO,,NO,NEVER,,,N,
adoption_center_profiles,years_active,7,integer,int4,YES,0,NO,NEVER,,,N,
adoption_center_profiles,location,8,jsonb,jsonb,NO,'{}'::jsonb,NO,NEVER,,,N,
adoption_center_profiles,contact,9,jsonb,jsonb,NO,'{}'::jsonb,NO,NEVER,,,N,
adoption_center_profiles,capacity,10,integer,int4,YES,50,NO,NEVER,,,N,
adoption_center_profiles,current_animals,11,integer,int4,YES,0,NO,NEVER,,,N,
adoption_center_profiles,animal_types,12,jsonb,jsonb,NO,'[]'::jsonb,NO,NEVER,,,N,
adoption_center_profiles,services,13,jsonb,jsonb,NO,'[]'::jsonb,NO,NEVER,,,N,
adoption_center_profiles,adoption_process,14,jsonb,jsonb,NO,'{}'::jsonb,NO,NEVER,,,N,
adoption_center_profiles,volunteer_program,15,boolean,bool,YES,false,NO,NEVER,,,N,
adoption_center_profiles,donation_accepted,16,boolean,bool,YES,false,NO,NEVER,,,N,
adoption_center_profiles,gallery,17,jsonb,jsonb,NO,'[]'::jsonb,NO,NEVER,,,N,
adoption_center_profiles,success_stories,18,jsonb,jsonb,NO,'[]'::jsonb,NO,NEVER,,,N,
adoption_center_profiles,rating,19,numeric,numeric,YES,5.0,NO,NEVER,,,N,
adoption_center_profiles,total_adoptions,20,integer,int4,YES,0,NO,NEVER,,,N,
adoption_center_profiles,is_verified,21,boolean,bool,YES,false,NO,NEVER,,,N,
adoption_center_profiles,is_published,22,boolean,bool,YES,true,NO,NEVER,,,N,
adoption_center_profiles,created_at,23,timestamp with time zone,timestamptz,NO,now(),NO,NEVER,,,N,
adoption_center_profiles,updated_at,24,timestamp with time zone,timestamptz,NO,now(),NO,NEVER,,,N,
advertising_campaigns,id,1,uuid,uuid,NO,gen_random_uuid(),NO,NEVER,,,Y,
advertising_campaigns,vendor_id,2,uuid,uuid,NO,,NO,NEVER,,,N,vendors.id
advertising_campaigns,campaign_name,3,text,text,NO,,NO,NEVER,,,N,
advertising_campaigns,campaign_type,4,text,text,NO,,NO,NEVER,,,N,
advertising_campaigns,budget_amount,5,numeric,numeric,NO,,NO,NEVER,,,N,
advertising_campaigns,spent_amount,6,numeric,numeric,YES,0,NO,NEVER,,,N,
advertising_campaigns,daily_budget,7,numeric,numeric,YES,,NO,NEVER,,,N,
advertising_campaigns,cost_per_click,8,numeric,numeric,YES,,NO,NEVER,,,N,
advertising_campaigns,cost_per_impression,9,numeric,numeric,YES,,NO,NEVER,,,N,
advertising_campaigns,target_audience,10,jsonb,jsonb,YES,'{}'::jsonb,NO,NEVER,,,N,
advertising_campaigns,target_keywords,11,ARRAY,_text,YES,'{}'::text[],NO,NEVER,,,N,
advertising_campaigns,target_categories,12,ARRAY,_uuid,YES,'{}'::uuid[],NO,NEVER,,,N,
advertising_campaigns,ad_creative,13,jsonb,jsonb,NO,,NO,NEVER,,,N,
advertising_campaigns,landing_url,14,text,text,NO,,NO,NEVER,,,N,
advertising_campaigns,status,15,text,text,YES,'draft'::text,NO,NEVER,,,N,
advertising_campaigns,start_date,16,date,date,NO,,NO,NEVER,,,N,
advertising_campaigns,end_date,17,date,date,YES,,NO,NEVER,,,N,
advertising_campaigns,total_impressions,18,integer,int4,YES,0,NO,NEVER,,,N,
advertising_campaigns,total_clicks,19,integer,int4,YES,0,NO,NEVER,,,N,
advertising_campaigns,total_conversions,20,integer,int4,YES,0,NO,NEVER,,,N,
advertising_campaigns,click_through_rate,21,numeric,numeric,YES,0,NO,NEVER,,,N,
advertising_campaigns,conversion_rate,22,numeric,numeric,YES,0,NO,NEVER,,,N,
advertising_campaigns,created_at,23,timestamp with time zone,timestamptz,YES,now(),NO,NEVER,,,N,
advertising_campaigns,updated_at,24,timestamp with time zone,timestamptz,YES,now(),NO,NEVER,,,N,
ai_booking_wizard_sessions,id,1,uuid,uuid,NO,gen_random_uuid(),NO,NEVER,0,-1,Y,
ai_booking_wizard_sessions,version,2,integer,int4,NO,1,NO,NEVER,0,-0.15789473056793213,N,
ai_booking_wizard_sessions,customer_id,3,uuid,uuid,YES,,NO,NEVER,0,-0.21052631735801697,N,customers.id
ai_booking_wizard_sessions,customer_phone,4,text,text,YES,,NO,NEVER,0,-0.21052631735801697,N,
ai_booking_wizard_sessions,category,5,text,text,NO,'vet'::text,NO,NEVER,0,2,N,
ai_booking_wizard_sessions,vendor_id,6,uuid,uuid,YES,,NO,NEVER,0,-0.31578946113586426,N,
ai_booking_wizard_sessions,vendor_service_id,7,uuid,uuid,YES,,NO,NEVER,0.5,-0.2631579041481018,N,
ai_booking_wizard_sessions,service_style,8,text,text,YES,,NO,NEVER,0,3,N,
ai_booking_wizard_sessions,booking_date,9,text,text,YES,,NO,NEVER,0.5789473652839661,-0.34210526943206787,N,
ai_booking_wizard_sessions,slot_time,10,text,text,YES,,NO,NEVER,0.7105262875556946,-0.21052631735801697,N,
ai_booking_wizard_sessions,total_duration,11,integer,int4,NO,30,NO,NEVER,0,-0.10526315867900848,N,
ai_booking_wizard_sessions,staff_id,12,text,text,YES,,NO,NEVER,1,0,N,
ai_booking_wizard_sessions,pet_id,13,uuid,uuid,YES,,NO,NEVER,0.02631578966975212,-0.21052631735801697,N,
ai_booking_wizard_sessions,address_id,14,uuid,uuid,YES,,NO,NEVER,1,0,N,
ai_booking_wizard_sessions,slots_snapshot,15,text,text,YES,,NO,NEVER,0.7105262875556946,-0.2894737124443054,N,
ai_booking_wizard_sessions,status,16,text,text,NO,'draft'::text,NO,NEVER,0,2,N,
ai_booking_wizard_sessions,expires_at,17,timestamp with time zone,timestamptz,NO,(now() + '24:00:00'::interval),NO,NEVER,0,-1,N,
ai_booking_wizard_sessions,created_at,18,timestamp with time zone,timestamptz,NO,now(),NO,NEVER,0,-1,N,
ai_booking_wizard_sessions,updated_at,19,timestamp with time zone,timestamptz,NO,now(),NO,NEVER,0,-1,N,
ai_chatbot_conversations,id,1,uuid,uuid,NO,gen_random_uuid(),NO,NEVER,0,-1,Y,
ai_chatbot_conversations,conversation_id,2,text,text,NO,,NO,NEVER,0,-0.5555555820465088,N,
ai_chatbot_conversations,customer_id,3,uuid,uuid,YES,,NO,NEVER,0.30158731341362,4,N,customers.id
ai_chatbot_conversations,customer_phone,4,text,text,YES,,NO,NEVER,0.30158731341362,4,N,
ai_chatbot_conversations,user_message,5,text,text,YES,,NO,NEVER,0,-0.7936508059501648,N,
ai_chatbot_conversations,bot_response,6,text,text,YES,,NO,NEVER,0,-0.3333333432674408,N,
ai_chatbot_conversations,intent,7,text,text,YES,,NO,NEVER,0,-0.1428571492433548,N,
ai_chatbot_conversations,confidence,8,double precision,float8,YES,,NO,NEVER,0,6,N,
ai_chatbot_conversations,requires_agent,9,boolean,bool,YES,false,NO,NEVER,0,2,N,
ai_chatbot_conversations,escalated_to_agent,10,boolean,bool,YES,false,NO,NEVER,0,2,N,
ai_chatbot_conversations,escalation_reason,11,text,text,YES,,NO,NEVER,0.7936508059501648,3,N,
ai_chatbot_conversations,escalation_ticket_id,12,uuid,uuid,YES,,NO,NEVER,0.7936508059501648,6,N,support_tickets.id
ai_chatbot_conversations,created_at,13,timestamp with time zone,timestamptz,NO,now(),NO,NEVER,0,-1,N,
ai_chatbot_conversations,updated_at,14,timestamp with time zone,timestamptz,YES,,NO,NEVER,0.7936508059501648,6,N,
ambulance_vehicles,id,1,uuid,uuid,NO,gen_random_uuid(),NO,NEVER,,,Y,
ambulance_vehicles,vendor_id,2,uuid,uuid,NO,,NO,NEVER,,,N,vendors.id
ambulance_vehicles,vehicle_number,3,text,text,NO,,NO,NEVER,,,N,
ambulance_vehicles,vehicle_type,4,text,text,YES,'basic'::text,NO,NEVER,,,N,
ambulance_vehicles,capacity,5,integer,int4,YES,2,NO,NEVER,,,N,
ambulance_vehicles,equipment,6,jsonb,jsonb,YES,'[]'::jsonb,NO,NEVER,,,N,
ambulance_vehicles,current_location,7,jsonb,jsonb,YES,,NO,NEVER,,,N,
ambulance_vehicles,is_available,8,boolean,bool,YES,true,NO,NEVER,,,N,
ambulance_vehicles,rating,9,numeric,numeric,YES,5.0,NO,NEVER,,,N,
ambulance_vehicles,total_trips,10,integer,int4,YES,0,NO,NEVER,,,N,
ambulance_vehicles,created_at,11,timestamp with time zone,timestamptz,YES,now(),NO,NEVER,,,N,
ambulance_vehicles,updated_at,12,timestamp with time zone,timestamptz,YES,now(),NO,NEVER,,,N,
analytics_events,id,1,uuid,uuid,NO,gen_random_uuid(),NO,NEVER,0,-1,Y,
analytics_events,session_id,2,uuid,uuid,NO,,NO,NEVER,0,2826,N,analytics_sessions.id
analytics_events,actor_type,3,USER-DEFINED,analytics_actor_type_enum,YES,,NO,NEVER,0.03166666626930237,1,N,
analytics_events,actor_id,4,uuid,uuid,YES,,NO,NEVER,0.03166666626930237,174,N,
analytics_events,app,5,USER-DEFINED,analytics_app_enum,NO,,NO,NEVER,0,2,N,
analytics_events,event_type,6,USER-DEFINED,analytics_event_type_enum,NO,,NO,NEVER,0,4,N,
analytics_events,event_name,7,text,text,NO,,NO,NEVER,0,861,N,
analytics_events,screen_name,8,text,text,YES,,NO,NEVER,0.03290000185370445,528,N,
analytics_events,duration_ms,9,integer,int4,YES,,NO,NEVER,0.5490666627883911,-0.17706088721752167,N,
analytics_events,api_name,10,text,text,YES,,NO,NEVER,1,0,N,
analytics_events,error_code,11,text,text,YES,,NO,NEVER,0.9970333576202393,3,N,
analytics_events,environment,12,USER-DEFINED,analytics_environment_enum,NO,,NO,NEVER,0,1,N,
analytics_events,version,13,smallint,int2,NO,1,NO,NEVER,0,1,N,
analytics_events,occurred_at,14,timestamp with time zone,timestamptz,NO,now(),NO,NEVER,0,-0.8756964206695557,N,
analytics_events,client_ts,15,timestamp with time zone,timestamptz,YES,,NO,NEVER,1,0,N,
analytics_events,properties,16,jsonb,jsonb,NO,'{}'::jsonb,NO,NEVER,0,1414,N,
analytics_sessions,id,1,uuid,uuid,NO,gen_random_uuid(),NO,NEVER,0,-1,Y,
analytics_sessions,session_key,2,text,text,NO,,NO,NEVER,0,-1,N,
analytics_sessions,actor_type,3,USER-DEFINED,analytics_actor_type_enum,YES,,NO,NEVER,0.09836561977863312,1,N,
analytics_sessions,actor_id,4,uuid,uuid,YES,,NO,NEVER,0.09836561977863312,183,N,
analytics_sessions,app,5,USER-DEFINED,analytics_app_enum,NO,,NO,NEVER,0,2,N,
analytics_sessions,started_at,6,timestamp with time zone,timestamptz,NO,now(),NO,NEVER,0,-0.9996973276138306,N,
analytics_sessions,last_seen_at,7,timestamp with time zone,timestamptz,NO,now(),NO,NEVER,0,-0.9996973276138306,N,
analytics_sessions,device,8,jsonb,jsonb,NO,'{}'::jsonb,NO,NEVER,0,151,N,
analytics_sessions,context,9,jsonb,jsonb,NO,'{}'::jsonb,NO,NEVER,0,120,N,
audit_logs,id,1,uuid,uuid,NO,gen_random_uuid(),NO,NEVER,0,-1,Y,
audit_logs,entity_type,2,text,text,NO,,NO,NEVER,0,4,N,
audit_logs,entity_id,3,uuid,uuid,NO,,NO,NEVER,0,-0.33778315782546997,N,
audit_logs,action,4,text,text,NO,,NO,NEVER,0,4,N,
audit_logs,actor_id,5,uuid,uuid,YES,,NO,NEVER,0.9937297701835632,13,N,
audit_logs,actor_type,6,text,text,YES,,NO,NEVER,0.9937297701835632,1,N,
audit_logs,changes,7,jsonb,jsonb,YES,,NO,NEVER,0,-0.9939320683479309,N,
audit_logs,created_at,8,timestamp with time zone,timestamptz,YES,now(),NO,NEVER,0,-0.7210760712623596,N,
audit_logs,actor_role,9,text,text,YES,,NO,NEVER,1,0,N,
audit_logs,details,10,jsonb,jsonb,YES,,NO,NEVER,1,0,N,
audit_logs,ip_address,11,inet,inet,YES,,NO,NEVER,1,0,N,
audit_logs,user_agent,12,text,text,YES,,NO,NEVER,1,0,N,
audit_trail,id,1,uuid,uuid,NO,gen_random_uuid(),NO,NEVER,,,Y,
audit_trail,entity_type,2,text,text,NO,,NO,NEVER,,,N,
audit_trail,entity_id,3,uuid,uuid,NO,,NO,NEVER,,,N,
audit_trail,action,4,text,text,NO,,NO,NEVER,,,N,
audit_trail,action_details,5,jsonb,jsonb,YES,,NO,NEVER,,,N,
audit_trail,user_id,6,uuid,uuid,YES,,NO,NEVER,,,N,
audit_trail,user_type,7,text,text,YES,,NO,NEVER,,,N,
audit_trail,user_name,8,text,text,YES,,NO,NEVER,,,N,
audit_trail,old_values,9,jsonb,jsonb,YES,,NO,NEVER,,,N,
audit_trail,new_values,10,jsonb,jsonb,YES,,NO,NEVER,,,N,
audit_trail,ip_address,11,text,text,YES,,NO,NEVER,,,N,
audit_trail,user_agent,12,text,text,YES,,NO,NEVER,,,N,
audit_trail,created_at,13,timestamp with time zone,timestamptz,NO,now(),NO,NEVER,,,N,
auth_operation_rate_events,id,1,uuid,uuid,NO,gen_random_uuid(),NO,NEVER,0,-1,Y,
auth_operation_rate_events,rate_key,2,text,text,NO,,NO,NEVER,0,-0.5279502868652344,N,
auth_operation_rate_events,operation_scope,3,text,text,NO,,NO,NEVER,0,6,N,
auth_operation_rate_events,created_at,4,timestamp with time zone,timestamptz,NO,now(),NO,NEVER,0,-1,N,
automation_jobs,id,1,uuid,uuid,NO,gen_random_uuid(),NO,NEVER,,,Y,
automation_jobs,job_type,2,text,text,NO,,NO,NEVER,,,N,
automation_jobs,job_status,3,text,text,NO,'pending'::text,NO,NEVER,,,N,
automation_jobs,entity_type,4,text,text,NO,,NO,NEVER,,,N,
automation_jobs,entity_id,5,uuid,uuid,NO,,NO,NEVER,,,N,
automation_jobs,scheduled_at,6,timestamp with time zone,timestamptz,NO,,NO,NEVER,,,N,
automation_jobs,executed_at,7,timestamp with time zone,timestamptz,YES,,NO,NEVER,,,N,
automation_jobs,retry_count,8,integer,int4,YES,0,NO,NEVER,,,N,
automation_jobs,max_retries,9,integer,int4,YES,3,NO,NEVER,,,N,
automation_jobs,error_message,10,text,text,YES,,NO,NEVER,,,N,
automation_jobs,metadata,11,jsonb,jsonb,YES,,NO,NEVER,,,N,
automation_jobs,created_at,12,timestamp with time zone,timestamptz,YES,now(),NO,NEVER,,,N,
automation_jobs,updated_at,13,timestamp with time zone,timestamptz,YES,now(),NO,NEVER,,,N,
aws_settings,id,1,uuid,uuid,NO,gen_random_uuid(),NO,NEVER,,,Y,
aws_settings,setting_key,2,text,text,NO,'aws'::text,NO,NEVER,,,N,
aws_settings,credentials,3,jsonb,jsonb,NO,'{}'::jsonb,NO,NEVER,,,N,
aws_settings,s3_config,4,jsonb,jsonb,YES,'{}'::jsonb,NO,NEVER,,,N,
aws_settings,sns_config,5,jsonb,jsonb,YES,'{}'::jsonb,NO,NEVER,,,N,
aws_settings,sqs_config,6,jsonb,jsonb,YES,'{}'::jsonb,NO,NEVER,,,N,
aws_settings,chime_config,7,jsonb,jsonb,YES,'{}'::jsonb,NO,NEVER,,,N,
aws_settings,bedrock_config,8,jsonb,jsonb,YES,'{}'::jsonb,NO,NEVER,,,N,
aws_settings,updated_at,9,timestamp with time zone,timestamptz,YES,now(),NO,NEVER,,,N,
aws_settings,updated_by,10,uuid,uuid,YES,,NO,NEVER,,,N,
bank_verifications,id,1,uuid,uuid,NO,gen_random_uuid(),NO,NEVER,,,Y,
bank_verifications,vendor_id,2,uuid,uuid,NO,,NO,NEVER,,,N,vendors.id
bank_verifications,bank_detail_id,3,uuid,uuid,NO,,NO,NEVER,,,N,vendor_bank_details.id
bank_verifications,verification_status,4,text,text,NO,'pending'::text,NO,NEVER,,,N,
bank_verifications,verification_method,5,text,text,YES,,NO,NEVER,,,N,
bank_verifications,verification_data,6,jsonb,jsonb,YES,,NO,NEVER,,,N,
bank_verifications,verified_at,7,timestamp with time zone,timestamptz,YES,,NO,NEVER,,,N,
bank_verifications,failure_reason,8,text,text,YES,,NO,NEVER,,,N,
bank_verifications,created_at,9,timestamp with time zone,timestamptz,YES,now(),NO,NEVER,,,N,
bank_verifications,updated_at,10,timestamp with time zone,timestamptz,YES,now(),NO,NEVER,,,N,
banner_analytics,id,1,uuid,uuid,NO,gen_random_uuid(),NO,NEVER,,,Y,
banner_analytics,banner_id,2,uuid,uuid,NO,,NO,NEVER,,,N,banners.id
banner_analytics,customer_id,3,uuid,uuid,YES,,NO,NEVER,,,N,customers.id
banner_analytics,event_type,4,text,text,NO,,NO,NEVER,,,N,
banner_analytics,user_agent,5,text,text,YES,,NO,NEVER,,,N,
banner_analytics,ip_address,6,text,text,YES,,NO,NEVER,,,N,
banner_analytics,created_at,7,timestamp with time zone,timestamptz,YES,now(),NO,NEVER,,,N,
banner_clicks,id,1,uuid,uuid,NO,gen_random_uuid(),NO,NEVER,0,-1,Y,
banner_clicks,banner_id,2,uuid,uuid,NO,,NO,NEVER,0,11,N,
banner_clicks,customer_id,3,uuid,uuid,YES,,NO,NEVER,1,0,N,
banner_clicks,source,4,character varying,varchar,YES,,NO,NEVER,0,3,N,
banner_clicks,clicked_at,5,timestamp with time zone,timestamptz,YES,CURRENT_TIMESTAMP,NO,NEVER,0,-1,N,
banner_clicks,ip_address,6,character varying,varchar,YES,,NO,NEVER,1,0,N,
banner_clicks,user_agent,7,text,text,YES,,NO,NEVER,1,0,N,
banners,id,1,uuid,uuid,NO,gen_random_uuid(),NO,NEVER,0,-1,Y,
banners,type,2,text,text,NO,,NO,NEVER,0,-0.4285714328289032,N,
banners,title,3,text,text,NO,,NO,NEVER,0,-1,N,
banners,subtitle,4,text,text,YES,,NO,NEVER,0,-1,N,
banners,image_url,5,text,text,YES,,NO,NEVER,0.2857142984867096,-0.4285714328289032,N,
banners,cta_text,6,text,text,YES,,NO,NEVER,0,-0.5714285969734192,N,
banners,cta_link,7,text,text,YES,,NO,NEVER,0,-0.7142857313156128,N,
banners,metadata,8,jsonb,jsonb,YES,,NO,NEVER,0,-0.8571428656578064,N,
banners,start_date,9,timestamp with time zone,timestamptz,YES,,NO,NEVER,0.1428571492433548,-0.7142857313156128,N,
banners,end_date,10,timestamp with time zone,timestamptz,YES,,NO,NEVER,1,0,N,
banners,is_active,11,boolean,bool,YES,true,NO,NEVER,0,-0.1428571492433548,N,
banners,display_order,12,integer,int4,YES,0,NO,NEVER,0,-0.5714285969734192,N,
banners,target_role_id,13,text,text,YES,,NO,NEVER,1,0,N,
banners,target_service_category,14,text,text,YES,,NO,NEVER,1,0,N,
banners,created_at,15,timestamp with time zone,timestamptz,YES,now(),NO,NEVER,0,-1,N,
banners,updated_at,16,timestamp with time zone,timestamptz,YES,now(),NO,NEVER,0,-1,N,
banners,target_state_code,17,text,text,YES,,NO,NEVER,1,0,N,
banners,target_city,18,text,text,YES,,NO,NEVER,1,0,N,
banners,target_state,19,text,text,YES,,NO,NEVER,1,0,N,
boarding_facilities,id,1,uuid,uuid,NO,gen_random_uuid(),NO,NEVER,,,Y,
boarding_facilities,vendor_id,2,uuid,uuid,NO,,NO,NEVER,,,N,vendors.id
boarding_facilities,has_daycare,3,boolean,bool,YES,false,NO,NEVER,,,N,
boarding_facilities,has_boarding,4,boolean,bool,YES,false,NO,NEVER,,,N,
boarding_facilities,amenities,5,jsonb,jsonb,YES,'[]'::jsonb,NO,NEVER,,,N,
boarding_facilities,created_at,6,timestamp with time zone,timestamptz,YES,now(),NO,NEVER,,,N,
boarding_facilities,updated_at,7,timestamp with time zone,timestamptz,YES,now(),NO,NEVER,,,N,
boarding_rooms,id,1,uuid,uuid,NO,gen_random_uuid(),NO,NEVER,,,Y,
boarding_rooms,vendor_id,2,uuid,uuid,NO,,NO,NEVER,,,N,vendors.id
boarding_rooms,name,3,text,text,NO,,NO,NEVER,,,N,
boarding_rooms,description,4,text,text,YES,,NO,NEVER,,,N,
boarding_rooms,day_price,5,numeric,numeric,NO,,NO,NEVER,,,N,
boarding_rooms,night_price,6,numeric,numeric,NO,,NO,NEVER,,,N,
boarding_rooms,capacity,7,integer,int4,YES,1,NO,NEVER,,,N,
boarding_rooms,pet_types,8,ARRAY,_text,YES,"ARRAY['dog'::text, 'cat'::text]",NO,NEVER,,,N,
boarding_rooms,amenities,9,jsonb,jsonb,YES,'[]'::jsonb,NO,NEVER,,,N,
boarding_rooms,included,10,jsonb,jsonb,YES,'[]'::jsonb,NO,NEVER,,,N,
boarding_rooms,not_included,11,jsonb,jsonb,YES,'[]'::jsonb,NO,NEVER,,,N,
boarding_rooms,photos,12,ARRAY,_text,YES,'{}'::text[],NO,NEVER,,,N,
boarding_rooms,videos,13,ARRAY,_text,YES,'{}'::text[],NO,NEVER,,,N,
boarding_rooms,size,14,text,text,YES,,NO,NEVER,,,N,
boarding_rooms,features,15,text,text,YES,,NO,NEVER,,,N,
boarding_rooms,rules,16,text,text,YES,,NO,NEVER,,,N,
boarding_rooms,is_active,17,boolean,bool,YES,true,NO,NEVER,,,N,
boarding_rooms,total_units,18,integer,int4,YES,1,NO,NEVER,,,N,
boarding_rooms,created_at,19,timestamp with time zone,timestamptz,YES,now(),NO,NEVER,,,N,
boarding_rooms,updated_at,20,timestamp with time zone,timestamptz,YES,now(),NO,NEVER,,,N,
booking_cancellation_rules,id,1,uuid,uuid,NO,gen_random_uuid(),NO,NEVER,,,Y,
booking_cancellation_rules,vendor_id,2,uuid,uuid,YES,,NO,NEVER,,,N,vendors.id
booking_cancellation_rules,service_id,3,uuid,uuid,YES,,NO,NEVER,,,N,
booking_cancellation_rules,cancellation_cutoff_hours,4,integer,int4,NO,24,NO,NEVER,,,N,
booking_cancellation_rules,full_refund_before_hours,5,integer,int4,YES,48,NO,NEVER,,,N,
booking_cancellation_rules,partial_refund_before_hours,6,integer,int4,YES,24,NO,NEVER,,,N,
booking_cancellation_rules,partial_refund_percentage,7,numeric,numeric,YES,50.00,NO,NEVER,,,N,
booking_cancellation_rules,no_refund_before_hours,8,integer,int4,YES,0,NO,NEVER,,,N,
booking_cancellation_rules,reschedule_allowed,9,boolean,bool,YES,true,NO,NEVER,,,N,
booking_cancellation_rules,reschedule_cutoff_hours,10,integer,int4,YES,12,NO,NEVER,,,N,
booking_cancellation_rules,max_reschedules,11,integer,int4,YES,2,NO,NEVER,,,N,
booking_cancellation_rules,created_at,12,timestamp with time zone,timestamptz,YES,now(),NO,NEVER,,,N,
booking_cancellation_rules,updated_at,13,timestamp with time zone,timestamptz,YES,now(),NO,NEVER,,,N,
booking_limits,id,1,uuid,uuid,NO,gen_random_uuid(),NO,NEVER,,,Y,
booking_limits,limit_type,2,text,text,NO,,NO,NEVER,,,N,
booking_limits,limit_value,3,integer,int4,NO,,NO,NEVER,,,N,
booking_limits,service_type,4,text,text,YES,,NO,NEVER,,,N,
booking_limits,is_active,5,boolean,bool,YES,true,NO,NEVER,,,N,
booking_limits,created_at,6,timestamp with time zone,timestamptz,YES,now(),NO,NEVER,,,N,
booking_limits,updated_at,7,timestamp with time zone,timestamptz,YES,now(),NO,NEVER,,,N,
booking_policies,id,1,uuid,uuid,NO,gen_random_uuid(),NO,NEVER,,,Y,
booking_policies,vendor_id,2,uuid,uuid,YES,,NO,NEVER,,,N,vendors.id
booking_policies,service_type,3,text,text,YES,,NO,NEVER,,,N,
booking_policies,policy_type,4,text,text,NO,,NO,NEVER,,,N,
booking_policies,policy_name,5,text,text,NO,,NO,NEVER,,,N,
booking_policies,rules,6,jsonb,jsonb,NO,'{}'::jsonb,NO,NEVER,,,N,
booking_policies,is_active,7,boolean,bool,YES,true,NO,NEVER,,,N,
booking_policies,priority,8,integer,int4,YES,0,NO,NEVER,,,N,
booking_policies,created_at,9,timestamp with time zone,timestamptz,YES,now(),NO,NEVER,,,N,
booking_policies,updated_at,10,timestamp with time zone,timestamptz,YES,now(),NO,NEVER,,,N,
booking_rules,id,1,uuid,uuid,NO,gen_random_uuid(),NO,NEVER,,,Y,
booking_rules,rule_name,2,text,text,NO,,NO,NEVER,,,N,
booking_rules,rule_type,3,text,text,NO,,NO,NEVER,,,N,
booking_rules,rule_config,4,jsonb,jsonb,NO,,NO,NEVER,,,N,
booking_rules,is_active,5,boolean,bool,YES,true,NO,NEVER,,,N,
booking_rules,created_at,6,timestamp with time zone,timestamptz,YES,now(),NO,NEVER,,,N,
booking_rules,updated_at,7,timestamp with time zone,timestamptz,YES,now(),NO,NEVER,,,N,
booking_staff_assignments,id,1,uuid,uuid,NO,gen_random_uuid(),NO,NEVER,,,Y,
booking_staff_assignments,booking_id,2,uuid,uuid,NO,,NO,NEVER,,,N,bookings.id
booking_staff_assignments,staff_id,3,uuid,uuid,NO,,NO,NEVER,,,N,staff.id
booking_staff_assignments,assignment_type,4,text,text,NO,,NO,NEVER,,,N,
booking_staff_assignments,assigned_at,5,timestamp with time zone,timestamptz,YES,now(),NO,NEVER,,,N,
booking_staff_assignments,accepted_at,6,timestamp with time zone,timestamptz,YES,,NO,NEVER,,,N,
booking_staff_assignments,rejected_at,7,timestamp with time zone,timestamptz,YES,,NO,NEVER,,,N,
booking_staff_assignments,rejection_reason,8,text,text,YES,,NO,NEVER,,,N,
booking_state_transitions,from_status,1,text,text,NO,,NO,NEVER,,,Y,
booking_state_transitions,to_status,2,text,text,NO,,NO,NEVER,,,Y,
booking_state_transitions,allowed,3,boolean,bool,YES,false,NO,NEVER,,,N,
booking_status_history,id,1,uuid,uuid,NO,gen_random_uuid(),NO,NEVER,,,Y,
booking_status_history,booking_id,2,uuid,uuid,NO,,NO,NEVER,,,N,bookings.id
booking_status_history,from_status,3,text,text,YES,,NO,NEVER,,,N,
booking_status_history,to_status,4,text,text,NO,,NO,NEVER,,,N,
booking_status_history,changed_by,5,text,text,YES,,NO,NEVER,,,N,
booking_status_history,changed_by_id,6,uuid,uuid,YES,,NO,NEVER,,,N,
booking_status_history,note,7,text,text,YES,,NO,NEVER,,,N,
booking_status_history,created_at,8,timestamp with time zone,timestamptz,YES,now(),NO,NEVER,,,N,
booking_status_transitions,id,1,uuid,uuid,NO,gen_random_uuid(),NO,NEVER,,,Y,
booking_status_transitions,booking_id,2,uuid,uuid,NO,,NO,NEVER,,,N,bookings.id
booking_status_transitions,from_status,3,text,text,NO,,NO,NEVER,,,N,
booking_status_transitions,to_status,4,text,text,NO,,NO,NEVER,,,N,
booking_status_transitions,transition_type,5,text,text,NO,,NO,NEVER,,,N,
booking_status_transitions,scheduled_at,6,timestamp with time zone,timestamptz,YES,,NO,NEVER,,,N,
booking_status_transitions,executed_at,7,timestamp with time zone,timestamptz,YES,,NO,NEVER,,,N,
booking_status_transitions,executed_by,8,uuid,uuid,YES,,NO,NEVER,,,N,
booking_status_transitions,metadata,9,jsonb,jsonb,YES,,NO,NEVER,,,N,
booking_status_transitions,created_at,10,timestamp with time zone,timestamptz,YES,now(),NO,NEVER,,,N,
bookings,id,1,uuid,uuid,NO,gen_random_uuid(),NO,NEVER,0,-1,Y,
bookings,customer_id,2,uuid,uuid,NO,,NO,NEVER,0,28,N,customers.id
bookings,vendor_id,3,uuid,uuid,YES,,NO,NEVER,0,-0.11627907305955887,N,vendors.id
bookings,staff_id,4,uuid,uuid,YES,,NO,NEVER,1,0,N,staff.id
bookings,service_id,5,uuid,uuid,NO,,NO,NEVER,0,-0.25968992710113525,N,vendor_services.id
bookings,booking_date,6,date,date,NO,,NO,NEVER,0,-0.1860465109348297,N,
bookings,booking_time,7,time without time zone,time,NO,,NO,NEVER,0,-0.2945736348628998,N,
bookings,status,8,text,text,NO,'pending'::text,NO,NEVER,0,5,N,
bookings,service_type,9,text,text,NO,,NO,NEVER,0,3,N,
bookings,address,10,text,text,YES,,NO,NEVER,0.3740310072898865,-0.11046511679887772,N,
bookings,city,11,text,text,YES,,NO,NEVER,1,0,N,
bookings,state,12,text,text,YES,,NO,NEVER,1,0,N,
bookings,pincode,13,text,text,YES,,NO,NEVER,1,0,N,
bookings,latitude,14,numeric,numeric,YES,,NO,NEVER,0.39147287607192993,24,N,
bookings,longitude,15,numeric,numeric,YES,,NO,NEVER,0.39147287607192993,24,N,
bookings,base_price,16,numeric,numeric,NO,,NO,NEVER,0,-0.1860465109348297,N,
bookings,discount_amount,17,numeric,numeric,YES,0,NO,NEVER,0,1,N,
bookings,tax_amount,18,numeric,numeric,YES,0,NO,NEVER,0,1,N,
bookings,total_amount,19,numeric,numeric,NO,,NO,NEVER,0,-0.18410852551460266,N,
bookings,loyalty_points_used,20,integer,int4,YES,0,NO,NEVER,0,1,N,
bookings,coupon_code,21,text,text,YES,,NO,NEVER,1,0,N,
bookings,promotion_id,22,uuid,uuid,YES,,NO,NEVER,1,0,N,
bookings,is_package,23,boolean,bool,YES,false,NO,NEVER,0,2,N,
bookings,package_id,24,uuid,uuid,YES,,NO,NEVER,0.8217054009437561,15,N,
bookings,package_details,25,jsonb,jsonb,YES,,NO,NEVER,0.8217054009437561,-0.1782945990562439,N,
bookings,payment_status,26,text,text,YES,'pending'::text,NO,NEVER,0,3,N,
bookings,payment_id,27,uuid,uuid,YES,,NO,NEVER,0.9709302186965942,-0.02906978130340576,N,
bookings,otp_code,28,text,text,YES,,NO,NEVER,0.6007751822471619,-0.39534884691238403,N,
bookings,otp_verified,29,boolean,bool,YES,false,NO,NEVER,0,2,N,
bookings,otp_expires_at,30,timestamp with time zone,timestamptz,YES,,NO,NEVER,0.6007751822471619,-0.39922481775283813,N,
bookings,notes,31,text,text,YES,,NO,NEVER,0.08527132123708725,-0.2732558250427246,N,
bookings,cancellation_reason,32,text,text,YES,,NO,NEVER,0.569767415523529,51,N,
bookings,rescheduled_from_booking_id,33,uuid,uuid,YES,,NO,NEVER,1,0,N,bookings.id
bookings,created_at,34,timestamp with time zone,timestamptz,YES,now(),NO,NEVER,0,-1,N,
bookings,updated_at,35,timestamp with time zone,timestamptz,YES,now(),NO,NEVER,0,-0.34302327036857605,N,
bookings,completed_at,36,timestamp with time zone,timestamptz,YES,,NO,NEVER,0.819767415523529,-0.18023258447647095,N,
bookings,cancelled_at,37,timestamp with time zone,timestamptz,YES,,NO,NEVER,0.569767415523529,-0.14922480285167694,N,
bookings,settled,38,boolean,bool,YES,false,NO,NEVER,0,1,N,
bookings,settled_at,39,timestamp with time zone,timestamptz,YES,,NO,NEVER,0.8333333134651184,26,N,
bookings,otp_start_code,40,text,text,YES,,NO,NEVER,1,0,N,
bookings,otp_start_verified,41,boolean,bool,YES,false,NO,NEVER,0,1,N,
bookings,otp_start_attempts,42,integer,int4,YES,0,NO,NEVER,0,1,N,
bookings,otp_end_code,43,text,text,YES,,NO,NEVER,1,0,N,
bookings,otp_end_verified,44,boolean,bool,YES,false,NO,NEVER,0,1,N,
bookings,otp_end_attempts,45,integer,int4,YES,0,NO,NEVER,0,1,N,
bookings,started_at,46,timestamp with time zone,timestamptz,YES,,NO,NEVER,0.9941860437393188,-0.005813956260681152,N,
bookings,earnings_realized,47,boolean,bool,YES,false,NO,NEVER,0,1,N,
bookings,earnings_amount,48,numeric,numeric,YES,,NO,NEVER,1,0,N,
bookings,settlement_id,49,uuid,uuid,YES,,NO,NEVER,1,0,N,settlements.id
bookings,customer_phone,50,character varying,varchar,YES,,NO,NEVER,0.36627906560897827,24,N,
bookings,duration_minutes,51,integer,int4,YES,,NO,NEVER,0.302325576543808,20,N,
bookings,total_duration_minutes,52,integer,int4,YES,,NO,NEVER,0.7248061895370483,20,N,
bookings,pet_id,53,uuid,uuid,YES,,NO,NEVER,0.4651162922382355,36,N,pets.id
bookings,selected_services,54,jsonb,jsonb,YES,'[]'::jsonb,NO,NEVER,0.45348837971687317,43,N,
bookings,subscription_id,55,uuid,uuid,YES,,NO,NEVER,1,0,N,
bookings,subscription_booking,56,boolean,bool,YES,false,NO,NEVER,0,1,N,
bookings,room_id,57,uuid,uuid,YES,,NO,NEVER,1,0,N,
bookings,package_purchase_id,58,uuid,uuid,YES,,NO,NEVER,0.8217054009437561,15,N,
bookings,is_package_session,59,boolean,bool,YES,false,NO,NEVER,0,2,N,
bookings,package_session_number,60,integer,int4,YES,,NO,NEVER,0.8507751822471619,14,N,
bookings,estimated_arrival,61,timestamp with time zone,timestamptz,YES,,NO,NEVER,1,0,N,
bookings,video_call_meeting_id,62,text,text,YES,,NO,NEVER,0.8759689927101135,-0.12403100728988647,N,
bookings,video_call_started_at,63,timestamp with time zone,timestamptz,YES,,NO,NEVER,0.8759689927101135,-0.12403100728988647,N,
bookings,video_call_ended_at,64,timestamp with time zone,timestamptz,YES,,NO,NEVER,0.9205426573753357,-0.0794573426246643,N,
bookings,video_call_duration,65,integer,int4,YES,,NO,NEVER,0.9205426573753357,38,N,
bookings,video_call_status,66,text,text,YES,,NO,NEVER,1,0,N,
bookings,address_id,67,uuid,uuid,YES,,NO,NEVER,0.3895348906517029,20,N,
bookings,delivery_latitude,68,numeric,numeric,YES,,NO,NEVER,0.39147287607192993,24,N,
bookings,delivery_longitude,69,numeric,numeric,YES,,NO,NEVER,0.39147287607192993,24,N,
bookings,delivery_address,70,text,text,YES,,NO,NEVER,1,0,N,
bookings,vendor_departed_at,71,timestamp with time zone,timestamptz,YES,,NO,NEVER,1,0,N,
bookings,vendor_started_at,72,timestamp with time zone,timestamptz,YES,,NO,NEVER,1,0,N,
bookings,vendor_arrived_at,73,timestamp with time zone,timestamptz,YES,,NO,NEVER,0.9825581312179565,-0.017441868782043457,N,
bookings,estimated_arrival_time,74,timestamp with time zone,timestamptz,YES,,NO,NEVER,0.9786821603775024,-0.02131783962249756,N,
bookings,is_instant_tele,75,boolean,bool,YES,false,NO,NEVER,0,2,N,
bookings,rescheduled_at,76,timestamp with time zone,timestamptz,YES,,NO,NEVER,0.9515503644943237,-0.04844963550567627,N,
bookings,cancelled_by,77,text,text,YES,,NO,NEVER,0.961240291595459,2,N,
bookings,penalty_processed,78,boolean,bool,YES,false,NO,NEVER,0,2,N,
bookings,is_trial,79,boolean,bool,YES,false,NO,NEVER,0,1,N,
bookings,converted_to_package_id,80,uuid,uuid,YES,,NO,NEVER,1,0,N,
bookings,parent_booking_id,81,uuid,uuid,YES,,NO,NEVER,0.8507751822471619,12,N,bookings.id
bookings,video_call_reminder_sent,82,boolean,bool,YES,false,NO,NEVER,0,1,N,
bookings,address_line1,83,text,text,YES,,NO,NEVER,1,0,N,
bookings,address_line2,84,text,text,YES,,NO,NEVER,1,0,N,
bookings,service_style,85,text,text,YES,,NO,NEVER,1,0,N,
bookings,flow_variant,86,text,text,YES,,NO,NEVER,0.9961240291595459,1,N,
bookings,reschedule_reason,87,text,text,YES,,NO,NEVER,1,0,N,
bookings,otp_verified_at,88,timestamp with time zone,timestamptz,YES,,NO,NEVER,1,0,N,
bookings,vendor_timezone,89,text,text,YES,'Asia/Kolkata'::text,NO,NEVER,0,1,N,
bookings,tele_completion_status,90,character varying,varchar,YES,,NO,NEVER,1,0,N,
bookings,payment_hold_expires_at,91,timestamp with time zone,timestamptz,YES,,NO,NEVER,0.7015503644943237,-0.29844963550567627,N,
bookings,payment_checkout_started_at,92,timestamp with time zone,timestamptz,YES,,NO,NEVER,0.7015503644943237,-0.29844963550567627,N,
breeder_profiles,id,1,uuid,uuid,NO,gen_random_uuid(),NO,NEVER,,,Y,
breeder_profiles,breeder_id,2,text,text,NO,,NO,NEVER,,,N,
breeder_profiles,vendor_id,3,uuid,uuid,NO,,NO,NEVER,,,N,vendors.id
breeder_profiles,business_name,4,text,text,NO,,NO,NEVER,,,N,
breeder_profiles,owner_name,5,text,text,NO,,NO,NEVER,,,N,
breeder_profiles,license_number,6,text,text,YES,,NO,NEVER,,,N,
breeder_profiles,kci_registration,7,text,text,YES,,NO,NEVER,,,N,
breeder_profiles,years_in_business,8,integer,int4,YES,0,NO,NEVER,,,N,
breeder_profiles,specialized_breeds,9,jsonb,jsonb,NO,'[]'::jsonb,NO,NEVER,,,N,
breeder_profiles,location,10,jsonb,jsonb,NO,'{}'::jsonb,NO,NEVER,,,N,
breeder_profiles,contact,11,jsonb,jsonb,NO,'{}'::jsonb,NO,NEVER,,,N,
breeder_profiles,certifications,12,jsonb,jsonb,NO,'[]'::jsonb,NO,NEVER,,,N,
breeder_profiles,gallery,13,jsonb,jsonb,NO,'[]'::jsonb,NO,NEVER,,,N,
breeder_profiles,rating,14,numeric,numeric,YES,5.0,NO,NEVER,,,N,
breeder_profiles,total_sales,15,integer,int4,YES,0,NO,NEVER,,,N,
breeder_profiles,description,16,text,text,YES,''::text,NO,NEVER,,,N,
breeder_profiles,facilities,17,jsonb,jsonb,NO,'[]'::jsonb,NO,NEVER,,,N,
breeder_profiles,is_verified,18,boolean,bool,NO,false,NO,NEVER,,,N,
breeder_profiles,is_published,19,boolean,bool,NO,true,NO,NEVER,,,N,
breeder_profiles,created_at,20,timestamp with time zone,timestamptz,NO,now(),NO,NEVER,,,N,
breeder_profiles,updated_at,21,timestamp with time zone,timestamptz,NO,now(),NO,NEVER,,,N,
cache_stats,id,1,uuid,uuid,NO,gen_random_uuid(),NO,NEVER,,,Y,
cache_stats,stat_date,2,date,date,NO,,NO,NEVER,,,N,
cache_stats,hits,3,integer,int4,YES,0,NO,NEVER,,,N,
cache_stats,misses,4,integer,int4,YES,0,NO,NEVER,,,N,
cache_stats,evictions,5,integer,int4,YES,0,NO,NEVER,,,N,
cache_stats,created_at,6,timestamp with time zone,timestamptz,YES,now(),NO,NEVER,,,N,
cache_tokens,id,1,uuid,uuid,NO,gen_random_uuid(),NO,NEVER,,,Y,
cache_tokens,cache_key,2,text,text,NO,,NO,NEVER,,,N,
cache_tokens,cache_value,3,text,text,NO,,NO,NEVER,,,N,
cache_tokens,expires_at,4,timestamp with time zone,timestamptz,NO,,NO,NEVER,,,N,
cache_tokens,created_at,5,timestamp with time zone,timestamptz,YES,now(),NO,NEVER,,,N,
cafe_tables,id,1,uuid,uuid,NO,gen_random_uuid(),NO,NEVER,,,Y,
cafe_tables,vendor_id,2,uuid,uuid,NO,,NO,NEVER,,,N,vendors.id
cafe_tables,table_number,3,text,text,NO,,NO,NEVER,,,N,
cafe_tables,name,4,text,text,YES,,NO,NEVER,,,N,
cafe_tables,capacity,5,integer,int4,NO,,NO,NEVER,,,N,
cafe_tables,section,6,text,text,YES,'Main Area'::text,NO,NEVER,,,N,
cafe_tables,location,7,text,text,YES,'Indoor'::text,NO,NEVER,,,N,
cafe_tables,is_outdoor,8,boolean,bool,YES,false,NO,NEVER,,,N,
cafe_tables,amenities,9,jsonb,jsonb,YES,'[]'::jsonb,NO,NEVER,,,N,
cafe_tables,status,10,text,text,YES,'available'::text,NO,NEVER,,,N,
cafe_tables,is_active,11,boolean,bool,YES,true,NO,NEVER,,,N,
cafe_tables,created_at,12,timestamp with time zone,timestamptz,YES,now(),NO,NEVER,,,N,
cafe_tables,updated_at,13,timestamp with time zone,timestamptz,YES,now(),NO,NEVER,,,N,
cancellation_policies,id,1,uuid,uuid,NO,gen_random_uuid(),NO,NEVER,,,Y,
cancellation_policies,policy_name,2,text,text,NO,,NO,NEVER,,,N,
cancellation_policies,description,3,text,text,YES,,NO,NEVER,,,N,
cancellation_policies,hours_before_booking,4,integer,int4,NO,,NO,NEVER,,,N,
cancellation_policies,cancellation_fee_percentage,5,numeric,numeric,NO,,NO,NEVER,,,N,
cancellation_policies,is_active,6,boolean,bool,YES,true,NO,NEVER,,,N,
cancellation_policies,created_at,7,timestamp with time zone,timestamptz,YES,now(),NO,NEVER,,,N,
cancellation_policies,updated_at,8,timestamp with time zone,timestamptz,YES,now(),NO,NEVER,,,N,
cancellation_policies,cancellation_windows,9,jsonb,jsonb,YES,'[]'::jsonb,NO,NEVER,,,N,
cancellation_policies,vendor_cancellation_penalty,10,jsonb,jsonb,YES,"'{""enabled"": true, ""penaltyPercentage"": 10, ""compensationPercentage"": 50}'::jsonb",NO,NEVER,,,N,
cancellation_policies,no_show_policy,11,jsonb,jsonb,YES,"'{""enabled"": true, ""penaltyAmount"": 0, ""refundPercentage"": 0}'::jsonb",NO,NEVER,,,N,
cancellation_policies,service_category,12,text,text,YES,,NO,NEVER,,,N,
cancellation_policies,service_format,13,text,text,YES,,NO,NEVER,,,N,
chat_messages,id,1,uuid,uuid,NO,gen_random_uuid(),NO,NEVER,0,-1,Y,
chat_messages,booking_id,2,uuid,uuid,NO,,NO,NEVER,0,-0.40740740299224854,N,bookings.id
chat_messages,sender_phone,3,text,text,NO,,NO,NEVER,0,-0.16049382090568542,N,
chat_messages,sender_name,4,text,text,YES,,NO,NEVER,0.32098764181137085,6,N,
chat_messages,sender_type,5,text,text,NO,'customer'::text,NO,NEVER,0,2,N,
chat_messages,message,6,text,text,NO,,NO,NEVER,0,-0.5679012537002563,N,
chat_messages,message_type,7,text,text,YES,'text'::text,NO,NEVER,0,3,N,
chat_messages,file_id,8,text,text,YES,,NO,NEVER,0.9382715821266174,-0.06172841787338257,N,
chat_messages,file_name,9,text,text,YES,,NO,NEVER,0.9382715821266174,4,N,
chat_messages,file_type,10,text,text,YES,,NO,NEVER,0.9382715821266174,3,N,
chat_messages,file_size,11,integer,int4,YES,,NO,NEVER,0.9382715821266174,4,N,
chat_messages,is_read,12,boolean,bool,YES,false,NO,NEVER,0,2,N,
chat_messages,read_at,13,timestamp with time zone,timestamptz,YES,,NO,NEVER,0.3086419701576233,-0.6419752836227417,N,
chat_messages,created_at,14,timestamp with time zone,timestamptz,YES,now(),NO,NEVER,0,-1,N,
commission_tiers,id,1,uuid,uuid,NO,gen_random_uuid(),NO,NEVER,,,Y,
commission_tiers,tier_name,2,character varying,varchar,NO,,NO,NEVER,,,N,
commission_tiers,tier_level,3,integer,int4,NO,,NO,NEVER,,,N,
commission_tiers,min_monthly_revenue,4,numeric,numeric,YES,0,NO,NEVER,,,N,
commission_tiers,max_monthly_revenue,5,numeric,numeric,YES,,NO,NEVER,,,N,
commission_tiers,default_commission_rate,6,numeric,numeric,NO,,NO,NEVER,,,N,
commission_tiers,booking_commission_rate,7,numeric,numeric,YES,,NO,NEVER,,,N,
commission_tiers,order_commission_rate,8,numeric,numeric,YES,,NO,NEVER,,,N,
commission_tiers,pharmacy_commission_rate,9,numeric,numeric,YES,,NO,NEVER,,,N,
commission_tiers,description,10,text,text,YES,,NO,NEVER,,,N,
commission_tiers,is_active,11,boolean,bool,YES,true,NO,NEVER,,,N,
commission_tiers,created_at,12,timestamp with time zone,timestamptz,YES,now(),NO,NEVER,,,N,
commission_tiers,updated_at,13,timestamp with time zone,timestamptz,YES,now(),NO,NEVER,,,N,
content_pages,id,1,uuid,uuid,NO,gen_random_uuid(),NO,NEVER,,,Y,
content_pages,title,2,text,text,NO,,NO,NEVER,,,N,
content_pages,slug,3,text,text,NO,,NO,NEVER,,,N,
content_pages,content,4,text,text,YES,,NO,NEVER,,,N,
content_pages,category,5,text,text,YES,,NO,NEVER,,,N,
content_pages,is_published,6,boolean,bool,YES,false,NO,NEVER,,,N,
content_pages,created_at,7,timestamp with time zone,timestamptz,YES,now(),NO,NEVER,,,N,
content_pages,updated_at,8,timestamp with time zone,timestamptz,YES,now(),NO,NEVER,,,N,
content_pages,metadata,9,jsonb,jsonb,NO,'{}'::jsonb,NO,NEVER,,,N,
coupon_usage,id,1,uuid,uuid,NO,gen_random_uuid(),NO,NEVER,,,Y,
coupon_usage,coupon_id,2,uuid,uuid,NO,,NO,NEVER,,,N,
coupon_usage,customer_id,3,uuid,uuid,NO,,NO,NEVER,,,N,
coupon_usage,booking_id,4,uuid,uuid,YES,,NO,NEVER,,,N,
coupon_usage,order_id,5,uuid,uuid,YES,,NO,NEVER,,,N,
coupon_usage,discount_amount,6,numeric,numeric,NO,,NO,NEVER,,,N,
coupon_usage,used_at,7,timestamp with time zone,timestamptz,YES,now(),NO,NEVER,,,N,
coupon_usages,id,1,uuid,uuid,NO,gen_random_uuid(),NO,NEVER,,,Y,
coupon_usages,coupon_id,2,uuid,uuid,NO,,NO,NEVER,,,N,coupons.id
coupon_usages,customer_id,3,uuid,uuid,YES,,NO,NEVER,,,N,customers.id
coupon_usages,booking_id,4,uuid,uuid,YES,,NO,NEVER,,,N,bookings.id
coupon_usages,order_id,5,uuid,uuid,YES,,NO,NEVER,,,N,orders.id
coupon_usages,used_at,6,timestamp with time zone,timestamptz,YES,now(),NO,NEVER,,,N,
coupons,id,1,uuid,uuid,NO,gen_random_uuid(),NO,NEVER,,,Y,
coupons,code,2,text,text,NO,,NO,NEVER,,,N,
coupons,name,3,text,text,NO,,NO,NEVER,,,N,
coupons,description,4,text,text,YES,,NO,NEVER,,,N,
coupons,discount_type,5,text,text,NO,,NO,NEVER,,,N,
coupons,discount_value,6,numeric,numeric,NO,,NO,NEVER,,,N,
coupons,min_order_amount,7,numeric,numeric,YES,,NO,NEVER,,,N,
coupons,max_uses,8,integer,int4,YES,,NO,NEVER,,,N,
coupons,uses_count,9,integer,int4,YES,0,NO,NEVER,,,N,
coupons,start_date,10,date,date,NO,,NO,NEVER,,,N,
coupons,end_date,11,date,date,NO,,NO,NEVER,,,N,
coupons,is_active,12,boolean,bool,YES,true,NO,NEVER,,,N,
coupons,created_at,13,timestamp with time zone,timestamptz,YES,now(),NO,NEVER,,,N,
coupons,updated_at,14,timestamp with time zone,timestamptz,YES,now(),NO,NEVER,,,N,
coupons,max_discount_amount,15,numeric,numeric,YES,,NO,NEVER,,,N,
customer_addresses,id,1,uuid,uuid,NO,gen_random_uuid(),NO,NEVER,0,-1,Y,
customer_addresses,customer_id,2,uuid,uuid,NO,,NO,NEVER,0,-0.9360465407371521,N,customers.id
customer_addresses,address_type,3,text,text,YES,'home'::text,NO,NEVER,0,3,N,
customer_addresses,full_name,4,text,text,NO,,NO,NEVER,0,-0.8372092843055725,N,
customer_addresses,phone,5,text,text,NO,,NO,NEVER,0,-0.9360465407371521,N,
customer_addresses,address_line1,6,text,text,NO,,NO,NEVER,0,-0.7674418687820435,N,
customer_addresses,address_line2,7,text,text,YES,,NO,NEVER,0.9593023061752319,6,N,
customer_addresses,city,8,text,text,NO,,NO,NEVER,0,-0.12209302186965942,N,
customer_addresses,state,9,text,text,NO,,NO,NEVER,0,17,N,
customer_addresses,pincode,10,text,text,NO,,NO,NEVER,0,-0.36627906560897827,N,
customer_addresses,landmark,11,text,text,YES,,NO,NEVER,1,0,N,
customer_addresses,is_default,12,boolean,bool,YES,false,NO,NEVER,0,2,N,
customer_addresses,created_at,13,timestamp with time zone,timestamptz,YES,now(),NO,NEVER,0,-1,N,
customer_addresses,updated_at,14,timestamp with time zone,timestamptz,YES,now(),NO,NEVER,0,-1,N,
customer_addresses,coordinates,15,jsonb,jsonb,YES,,NO,NEVER,0.2906976640224457,-0.645348846912384,N,
customer_addresses,flat_no,16,text,text,YES,,NO,NEVER,0.9767441749572754,3,N,
customer_addresses,house_no,17,text,text,YES,,NO,NEVER,0.023255813866853714,-0.7383720874786377,N,
customer_addresses,floor,18,text,text,YES,,NO,NEVER,0.22674418985843658,-0.302325576543808,N,
customer_addresses,street_name,19,text,text,YES,,NO,NEVER,0.9069767594337463,4,N,
customer_addresses,apartment_name,20,text,text,YES,,NO,NEVER,0.9244186282157898,2,N,
customer_addresses,label,21,text,text,YES,,NO,NEVER,1,0,N,
customer_addresses,latitude,22,numeric,numeric,YES,,NO,NEVER,0.5930232405662537,-0.3779069781303406,N,
customer_addresses,longitude,23,numeric,numeric,YES,,NO,NEVER,0.5930232405662537,-0.3779069781303406,N,
customer_admin_portal_codes,id,1,uuid,uuid,NO,gen_random_uuid(),NO,NEVER,0,-1,Y,
customer_admin_portal_codes,code,2,text,text,NO,,NO,NEVER,0,-1,N,
customer_admin_portal_codes,customer_id,3,uuid,uuid,NO,,NO,NEVER,0,-0.4333333373069763,N,customers.id
customer_admin_portal_codes,created_by_admin_id,4,uuid,uuid,YES,,NO,NEVER,0,1,N,admins.id
customer_admin_portal_codes,expires_at,5,timestamp with time zone,timestamptz,NO,,NO,NEVER,0,-1,N,
customer_admin_portal_codes,used_at,6,timestamp with time zone,timestamptz,YES,,NO,NEVER,0.0033333334140479565,-0.996666669845581,N,
customer_admin_portal_codes,created_at,7,timestamp with time zone,timestamptz,NO,now(),NO,NEVER,0,-1,N,
customer_compliance_issues,id,1,uuid,uuid,NO,gen_random_uuid(),NO,NEVER,,,Y,
customer_compliance_issues,customer_id,2,uuid,uuid,NO,,NO,NEVER,,,N,customers.id
customer_compliance_issues,issue_type,3,text,text,NO,'other'::text,NO,NEVER,,,N,
customer_compliance_issues,severity,4,text,text,NO,'medium'::text,NO,NEVER,,,N,
customer_compliance_issues,title,5,text,text,YES,,NO,NEVER,,,N,
customer_compliance_issues,description,6,text,text,NO,''::text,NO,NEVER,,,N,
customer_compliance_issues,status,7,text,text,NO,'open'::text,NO,NEVER,,,N,
customer_compliance_issues,investigated_at,8,timestamp with time zone,timestamptz,YES,,NO,NEVER,,,N,
customer_compliance_issues,resolved_at,9,timestamp with time zone,timestamptz,YES,,NO,NEVER,,,N,
customer_compliance_issues,created_at,10,timestamp with time zone,timestamptz,NO,now(),NO,NEVER,,,N,
customer_compliance_issues,updated_at,11,timestamp with time zone,timestamptz,NO,now(),NO,NEVER,,,N,
customer_deactivation_requests,id,1,uuid,uuid,NO,gen_random_uuid(),NO,NEVER,,,Y,
customer_deactivation_requests,customer_id,2,uuid,uuid,NO,,NO,NEVER,,,N,customers.id
customer_deactivation_requests,reason,3,text,text,YES,,NO,NEVER,,,N,
customer_deactivation_requests,status,4,text,text,NO,'pending'::text,NO,NEVER,,,N,
customer_deactivation_requests,requested_at,5,timestamp with time zone,timestamptz,NO,now(),NO,NEVER,,,N,
customer_deactivation_requests,resolved_at,6,timestamp with time zone,timestamptz,YES,,NO,NEVER,,,N,
customer_deactivation_requests,admin_notes,7,text,text,YES,,NO,NEVER,,,N,
customer_deactivation_requests,created_at,8,timestamp with time zone,timestamptz,NO,now(),NO,NEVER,,,N,
customer_deactivation_requests,updated_at,9,timestamp with time zone,timestamptz,NO,now(),NO,NEVER,,,N,
customer_identity,id,1,uuid,uuid,NO,gen_random_uuid(),NO,NEVER,0,-1,Y,
customer_identity,phone,2,text,text,NO,,NO,NEVER,0,-1,N,
customer_identity,email,3,text,text,YES,,NO,NEVER,1,0,N,
customer_identity,onboarding_status,4,text,text,NO,'INIT'::text,NO,NEVER,0,4,N,
customer_identity,current_step,5,text,text,YES,,NO,NEVER,0.1679389327764511,2,N,
customer_identity,customer_id,6,uuid,uuid,YES,,NO,NEVER,0.04580152779817581,-0.847328245639801,N,customers.id
customer_identity,metadata,7,jsonb,jsonb,YES,'{}'::jsonb,NO,NEVER,0,1,N,
customer_identity,last_activity_at,8,timestamp with time zone,timestamptz,YES,now(),NO,NEVER,0,-1,N,
customer_identity,created_at,9,timestamp with time zone,timestamptz,YES,now(),NO,NEVER,0,-1,N,
customer_identity,updated_at,10,timestamp with time zone,timestamptz,YES,now(),NO,NEVER,0,-1,N,
customer_loyalty_points,id,1,uuid,uuid,NO,gen_random_uuid(),NO,NEVER,0,-1,Y,
customer_loyalty_points,customer_id,2,uuid,uuid,NO,,NO,NEVER,0,-1,N,
customer_loyalty_points,total_points,3,integer,int4,YES,0,NO,NEVER,0,28,N,
customer_loyalty_points,lifetime_points_earned,4,integer,int4,YES,0,NO,NEVER,0,27,N,
customer_loyalty_points,lifetime_points_redeemed,5,integer,int4,YES,0,NO,NEVER,0,7,N,
customer_loyalty_points,created_at,6,timestamp with time zone,timestamptz,YES,now(),NO,NEVER,0,-1,N,
customer_loyalty_points,updated_at,7,timestamp with time zone,timestamptz,YES,now(),NO,NEVER,0,-1,N,
customer_loyalty_points,qualifying_purchase_count,8,integer,int4,NO,0,NO,NEVER,0,1,N,
customer_payment_methods,id,1,uuid,uuid,NO,gen_random_uuid(),NO,NEVER,,,Y,
customer_payment_methods,customer_id,2,uuid,uuid,NO,,NO,NEVER,,,N,customers.id
customer_payment_methods,payment_type,3,text,text,NO,,NO,NEVER,,,N,
customer_payment_methods,razorpay_token,4,text,text,YES,,NO,NEVER,,,N,
customer_payment_methods,card_last4,5,text,text,YES,,NO,NEVER,,,N,
customer_payment_methods,card_brand,6,text,text,YES,,NO,NEVER,,,N,
customer_payment_methods,card_holder_name,7,text,text,YES,,NO,NEVER,,,N,
customer_payment_methods,card_expiry_month,8,text,text,YES,,NO,NEVER,,,N,
customer_payment_methods,card_expiry_year,9,text,text,YES,,NO,NEVER,,,N,
customer_payment_methods,upi_id,10,text,text,YES,,NO,NEVER,,,N,
customer_payment_methods,bank_name,11,text,text,YES,,NO,NEVER,,,N,
customer_payment_methods,is_default,12,boolean,bool,NO,false,NO,NEVER,,,N,
customer_payment_methods,is_active,13,boolean,bool,NO,true,NO,NEVER,,,N,
customer_payment_methods,created_at,14,timestamp with time zone,timestamptz,NO,now(),NO,NEVER,,,N,
customer_payment_methods,updated_at,15,timestamp with time zone,timestamptz,NO,now(),NO,NEVER,,,N,
customer_profile_completion,id,1,uuid,uuid,NO,gen_random_uuid(),NO,NEVER,0,-1,Y,
customer_profile_completion,customer_id,2,uuid,uuid,NO,,NO,NEVER,0,-1,N,customers.id
customer_profile_completion,basic_info_completed,3,boolean,bool,YES,false,NO,NEVER,0,1,N,
customer_profile_completion,address_completed,4,boolean,bool,YES,false,NO,NEVER,0,1,N,
customer_profile_completion,pet_profile_completed,5,boolean,bool,YES,false,NO,NEVER,0,1,N,
customer_profile_completion,preferences_completed,6,boolean,bool,YES,false,NO,NEVER,0,1,N,
customer_profile_completion,basic_info_completed_at,7,timestamp with time zone,timestamptz,YES,,NO,NEVER,0,-1,N,
customer_profile_completion,address_completed_at,8,timestamp with time zone,timestamptz,YES,,NO,NEVER,0,-1,N,
customer_profile_completion,pet_profile_completed_at,9,timestamp with time zone,timestamptz,YES,,NO,NEVER,1,0,N,
customer_profile_completion,preferences_completed_at,10,timestamp with time zone,timestamptz,YES,,NO,NEVER,1,0,N,
customer_profile_completion,is_profile_complete,11,boolean,bool,YES,false,NO,NEVER,0,1,N,
customer_profile_completion,profile_completed_at,12,timestamp with time zone,timestamptz,YES,,NO,NEVER,1,0,N,
customer_profile_completion,completion_metadata,13,jsonb,jsonb,YES,'{}'::jsonb,NO,NEVER,0,1,N,
customer_profile_completion,created_at,14,timestamp with time zone,timestamptz,YES,now(),NO,NEVER,0,-1,N,
customer_profile_completion,updated_at,15,timestamp with time zone,timestamptz,YES,now(),NO,NEVER,0,-1,N,
customer_provider_history,id,1,uuid,uuid,NO,gen_random_uuid(),NO,NEVER,,,Y,
customer_provider_history,customer_id,2,uuid,uuid,NO,,NO,NEVER,,,N,customers.id
customer_provider_history,vendor_id,3,uuid,uuid,NO,,NO,NEVER,,,N,vendors.id
customer_provider_history,staff_id,4,uuid,uuid,YES,,NO,NEVER,,,N,
customer_provider_history,service_type,5,text,text,NO,,NO,NEVER,,,N,
customer_provider_history,total_bookings,6,integer,int4,YES,1,NO,NEVER,,,N,
customer_provider_history,last_booking_id,7,uuid,uuid,YES,,NO,NEVER,,,N,bookings.id
customer_provider_history,last_booking_date,8,timestamp with time zone,timestamptz,YES,,NO,NEVER,,,N,
customer_provider_history,average_rating,9,numeric,numeric,YES,,NO,NEVER,,,N,
customer_provider_history,is_favorite,10,boolean,bool,YES,false,NO,NEVER,,,N,
customer_provider_history,notes,11,text,text,YES,,NO,NEVER,,,N,
customer_provider_history,created_at,12,timestamp with time zone,timestamptz,YES,now(),NO,NEVER,,,N,
customer_provider_history,updated_at,13,timestamp with time zone,timestamptz,YES,now(),NO,NEVER,,,N,
customer_referrals,id,1,uuid,uuid,NO,gen_random_uuid(),NO,NEVER,,,Y,
customer_referrals,referrer_customer_id,2,uuid,uuid,YES,,NO,NEVER,,,N,customers.id
customer_referrals,referrer_vendor_id,3,uuid,uuid,YES,,NO,NEVER,,,N,vendors.id
customer_referrals,referred_customer_id,4,uuid,uuid,YES,,NO,NEVER,,,N,customers.id
customer_referrals,referred_phone,5,text,text,NO,,NO,NEVER,,,N,
customer_referrals,referral_code,6,text,text,NO,,NO,NEVER,,,N,
customer_referrals,status,7,text,text,NO,'pending'::text,NO,NEVER,,,N,
customer_referrals,applied_at,8,timestamp with time zone,timestamptz,YES,,NO,NEVER,,,N,
customer_referrals,approved_at,9,timestamp with time zone,timestamptz,YES,,NO,NEVER,,,N,
customer_referrals,created_at,10,timestamp with time zone,timestamptz,YES,now(),NO,NEVER,,,N,
customer_referrals,updated_at,11,timestamp with time zone,timestamptz,YES,now(),NO,NEVER,,,N,
customer_segment_assignments,id,1,uuid,uuid,NO,gen_random_uuid(),NO,NEVER,,,Y,
customer_segment_assignments,customer_id,2,uuid,uuid,NO,,NO,NEVER,,,N,customers.id
customer_segment_assignments,segment_id,3,uuid,uuid,NO,,NO,NEVER,,,N,loyalty_segments.id
customer_segment_assignments,assigned_at,4,timestamp with time zone,timestamptz,YES,now(),NO,NEVER,,,N,
customer_segment_assignments,expires_at,5,timestamp with time zone,timestamptz,YES,,NO,NEVER,,,N,
customer_segment_assignments,is_active,6,boolean,bool,YES,true,NO,NEVER,,,N,
customer_subscriptions,id,1,uuid,uuid,NO,gen_random_uuid(),NO,NEVER,,,Y,
customer_subscriptions,subscription_id,2,text,text,NO,,NO,NEVER,,,N,
customer_subscriptions,customer_id,3,uuid,uuid,NO,,NO,NEVER,,,N,customers.id
customer_subscriptions,plan_id,4,text,text,NO,,NO,NEVER,,,N,vendor_subscription_plans.plan_id
customer_subscriptions,vendor_id,5,uuid,uuid,NO,,NO,NEVER,,,N,vendors.id
customer_subscriptions,plan_name,6,text,text,NO,,NO,NEVER,,,N,
customer_subscriptions,price,7,numeric,numeric,NO,,NO,NEVER,,,N,
customer_subscriptions,interval,8,text,text,NO,,NO,NEVER,,,N,
customer_subscriptions,status,9,text,text,NO,'active'::text,NO,NEVER,,,N,
customer_subscriptions,start_date,10,timestamp with time zone,timestamptz,NO,now(),NO,NEVER,,,N,
customer_subscriptions,next_billing_date,11,timestamp with time zone,timestamptz,YES,,NO,NEVER,,,N,
customer_subscriptions,payment_method_id,12,text,text,YES,,NO,NEVER,,,N,
customer_subscriptions,cancelled_at,13,timestamp with time zone,timestamptz,YES,,NO,NEVER,,,N,
customer_subscriptions,cancellation_reason,14,text,text,YES,,NO,NEVER,,,N,
customer_subscriptions,created_at,15,timestamp with time zone,timestamptz,YES,now(),NO,NEVER,,,N,
customer_subscriptions,updated_at,16,timestamp with time zone,timestamptz,YES,now(),NO,NEVER,,,N,
customer_tiers,customer_id,1,uuid,uuid,NO,,NO,NEVER,,,Y,customers.id
customer_tiers,tier,2,text,text,NO,,NO,NEVER,,,N,
customer_tiers,created_at,3,timestamp with time zone,timestamptz,YES,now(),NO,NEVER,,,N,
customer_tiers,updated_at,4,timestamp with time zone,timestamptz,YES,now(),NO,NEVER,,,N,
customer_wallets,id,1,uuid,uuid,NO,gen_random_uuid(),NO,NEVER,0,-1,Y,
customer_wallets,customer_id,2,uuid,uuid,NO,,NO,NEVER,0,-1,N,customers.id
customer_wallets,balance,3,numeric,numeric,NO,0,NO,NEVER,0,-0.26923078298568726,N,
customer_wallets,created_at,4,timestamp with time zone,timestamptz,YES,now(),NO,NEVER,0,-1,N,
customer_wallets,updated_at,5,timestamp with time zone,timestamptz,YES,now(),NO,NEVER,0,-1,N,
customer_wallets,version,6,integer,int4,YES,0,NO,NEVER,0,1,N,
customer_wallets,total_earned,7,numeric,numeric,YES,0,NO,NEVER,0,1,N,
customer_wallets,total_spent,8,numeric,numeric,YES,0,NO,NEVER,0,1,N,
customers,id,1,uuid,uuid,NO,gen_random_uuid(),NO,NEVER,0,-1,Y,
customers,phone,2,text,text,NO,,NO,NEVER,0,-1,N,
customers,email,3,text,text,YES,,NO,NEVER,0.19574467837810516,-0.6893616914749146,N,
customers,full_name,4,text,text,NO,,NO,NEVER,0,-0.8723404407501221,N,
customers,date_of_birth,5,date,date,YES,,NO,NEVER,1,0,N,
customers,gender,6,text,text,YES,,NO,NEVER,1,0,N,
customers,address,7,text,text,YES,,NO,NEVER,0.19574467837810516,-0.6340425610542297,N,
customers,city,8,text,text,YES,,NO,NEVER,0.22978723049163818,23,N,
customers,state,9,text,text,YES,,NO,NEVER,0.23829787969589233,17,N,
customers,pincode,10,text,text,YES,,NO,NEVER,0.19574467837810516,-0.2978723347187042,N,
customers,profile_photo_url,11,text,text,YES,,NO,NEVER,0.8765957355499268,-0.12340426445007324,N,
customers,is_active,12,boolean,bool,YES,true,NO,NEVER,0,2,N,
customers,created_at,13,timestamp with time zone,timestamptz,YES,now(),NO,NEVER,0,-1,N,
customers,updated_at,14,timestamp with time zone,timestamptz,YES,now(),NO,NEVER,0,-1,N,
customers,last_login_at,15,timestamp with time zone,timestamptz,YES,,NO,NEVER,0.012765957042574883,-0.9872340559959412,N,
customers,user_id,16,uuid,uuid,YES,,NO,NEVER,1,0,N,
customers,status,17,text,text,YES,'new'::text,NO,NEVER,0,2,N,
customers,onboarding_status,18,text,text,YES,'INIT'::text,NO,NEVER,0,3,N,
customers,profile_completed,19,boolean,bool,YES,false,NO,NEVER,0,2,N,
customers,profile_completed_at,20,timestamp with time zone,timestamptz,YES,,NO,NEVER,1,0,N,
customers,customer_identity_id,21,uuid,uuid,YES,,NO,NEVER,0,-1,N,customer_identity.id
customers,name,22,text,text,YES,,NO,NEVER,0.9872340559959412,2,N,
customers,longitude,23,numeric,numeric,YES,,NO,NEVER,0.4382978677749634,-0.5021276473999023,N,
customers,flatNo,24,text,text,YES,,NO,NEVER,1,0,N,
customers,houseNo,25,text,text,YES,,NO,NEVER,1,0,N,
customers,floor,26,text,text,YES,,NO,NEVER,0.42127659916877747,-0.22127659618854523,N,
customers,wing,27,text,text,YES,,NO,NEVER,1,0,N,
customers,streetName,28,text,text,YES,,NO,NEVER,1,0,N,
customers,latitude,29,numeric,numeric,YES,,NO,NEVER,0.4382978677749634,-0.5063830018043518,N,
customers,house_no,30,text,text,YES,,NO,NEVER,0.23404255509376526,-0.5872340202331543,N,
customers,username,31,text,text,YES,,NO,NEVER,0.03404255211353302,-0.9659574627876282,N,
customers,password_set_at,32,timestamp with time zone,timestamptz,YES,,NO,NEVER,0.4000000059604645,-0.6000000238418579,N,
customers,is_phone_verified,33,boolean,bool,NO,false,NO,NEVER,0,2,N,
customers,password_hash,34,text,text,YES,,NO,NEVER,0.4000000059604645,-0.6000000238418579,N,
customers,auth_version,35,integer,int4,NO,0,NO,NEVER,0,5,N,
customers,preferences,36,jsonb,jsonb,YES,'{}'::jsonb,NO,NEVER,0,2,N,
customers,last_password_reset_at,37,timestamp with time zone,timestamptz,YES,,NO,NEVER,0.978723406791687,-0.02127659320831299,N,
dating_analytics,id,1,uuid,uuid,NO,gen_random_uuid(),NO,NEVER,,,Y,
dating_analytics,date,2,date,date,NO,,NO,NEVER,,,N,
dating_analytics,metric_type,3,text,text,NO,,NO,NEVER,,,N,
dating_analytics,metric_value,4,numeric,numeric,NO,,NO,NEVER,,,N,
dating_analytics,metadata,5,jsonb,jsonb,YES,'{}'::jsonb,NO,NEVER,,,N,
dating_analytics,created_at,6,timestamp with time zone,timestamptz,YES,now(),NO,NEVER,,,N,
dating_chat_messages,id,1,uuid,uuid,NO,gen_random_uuid(),NO,NEVER,,,Y,
dating_chat_messages,match_id,2,uuid,uuid,NO,,NO,NEVER,,,N,dating_matches.id
dating_chat_messages,sender_id,3,uuid,uuid,NO,,NO,NEVER,,,N,customers.id
dating_chat_messages,message_type,4,text,text,YES,'text'::text,NO,NEVER,,,N,
dating_chat_messages,content,5,text,text,NO,,NO,NEVER,,,N,
dating_chat_messages,media_url,6,text,text,YES,,NO,NEVER,,,N,
dating_chat_messages,is_read,7,boolean,bool,YES,false,NO,NEVER,,,N,
dating_chat_messages,read_at,8,timestamp with time zone,timestamptz,YES,,NO,NEVER,,,N,
dating_chat_messages,created_at,9,timestamp with time zone,timestamptz,YES,now(),NO,NEVER,,,N,
dating_matches,id,1,uuid,uuid,NO,gen_random_uuid(),NO,NEVER,,,Y,
dating_matches,match_id,2,text,text,NO,,NO,NEVER,,,N,
dating_matches,profile_type,3,text,text,NO,,NO,NEVER,,,N,
dating_matches,profile1_id,4,text,text,NO,,NO,NEVER,,,N,
dating_matches,profile2_id,5,text,text,NO,,NO,NEVER,,,N,
dating_matches,customer1_id,6,uuid,uuid,NO,,NO,NEVER,,,N,customers.id
dating_matches,customer2_id,7,uuid,uuid,NO,,NO,NEVER,,,N,customers.id
dating_matches,status,8,text,text,YES,'active'::text,NO,NEVER,,,N,
dating_matches,chat_unlocked,9,boolean,bool,YES,false,NO,NEVER,,,N,
dating_matches,chat_unlocked_by,10,uuid,uuid,YES,,NO,NEVER,,,N,customers.id
dating_matches,chat_unlocked_at,11,timestamp with time zone,timestamptz,YES,,NO,NEVER,,,N,
dating_matches,chat_channel_arn,12,text,text,YES,,NO,NEVER,,,N,
dating_matches,chat_channel_name,13,text,text,YES,,NO,NEVER,,,N,
dating_matches,chime_app_instance_arn,14,text,text,YES,,NO,NEVER,,,N,
dating_matches,created_at,15,timestamp with time zone,timestamptz,YES,now(),NO,NEVER,,,N,
dating_matches,updated_at,16,timestamp with time zone,timestamptz,YES,now(),NO,NEVER,,,N,
dating_meetups,id,1,uuid,uuid,NO,gen_random_uuid(),NO,NEVER,,,Y,
dating_meetups,meetup_id,2,text,text,NO,,NO,NEVER,,,N,
dating_meetups,match_id,3,uuid,uuid,YES,,NO,NEVER,,,N,dating_matches.id
dating_meetups,initiated_by,4,uuid,uuid,NO,,NO,NEVER,,,N,customers.id
dating_meetups,customer1_id,5,uuid,uuid,NO,,NO,NEVER,,,N,customers.id
dating_meetups,customer2_id,6,uuid,uuid,NO,,NO,NEVER,,,N,customers.id
dating_meetups,cafe_vendor_id,7,uuid,uuid,YES,,NO,NEVER,,,N,vendors.id
dating_meetups,booking_id,8,uuid,uuid,YES,,NO,NEVER,,,N,bookings.id
dating_meetups,scheduled_date,9,date,date,NO,,NO,NEVER,,,N,
dating_meetups,scheduled_time,10,time without time zone,time,NO,,NO,NEVER,,,N,
dating_meetups,notes,11,text,text,YES,,NO,NEVER,,,N,
dating_meetups,status,12,text,text,YES,'pending'::text,NO,NEVER,,,N,
dating_meetups,feedback1,13,jsonb,jsonb,YES,,NO,NEVER,,,N,
dating_meetups,feedback2,14,jsonb,jsonb,YES,,NO,NEVER,,,N,
dating_meetups,created_at,15,timestamp with time zone,timestamptz,YES,now(),NO,NEVER,,,N,
dating_meetups,updated_at,16,timestamp with time zone,timestamptz,YES,now(),NO,NEVER,,,N,
dating_profiles_owner,id,1,uuid,uuid,NO,gen_random_uuid(),NO,NEVER,,,Y,
dating_profiles_owner,profile_id,2,text,text,NO,,NO,NEVER,,,N,
dating_profiles_owner,customer_id,3,uuid,uuid,YES,,NO,NEVER,,,N,customers.id
dating_profiles_owner,name,4,text,text,NO,,NO,NEVER,,,N,
dating_profiles_owner,age,5,integer,int4,YES,,NO,NEVER,,,N,
dating_profiles_owner,photos,6,jsonb,jsonb,YES,'[]'::jsonb,NO,NEVER,,,N,
dating_profiles_owner,bio,7,text,text,YES,,NO,NEVER,,,N,
dating_profiles_owner,pets,8,jsonb,jsonb,YES,'[]'::jsonb,NO,NEVER,,,N,
dating_profiles_owner,interests,9,jsonb,jsonb,YES,'[]'::jsonb,NO,NEVER,,,N,
dating_profiles_owner,location,10,jsonb,jsonb,YES,,NO,NEVER,,,N,
dating_profiles_owner,is_active,11,boolean,bool,YES,true,NO,NEVER,,,N,
dating_profiles_owner,likes,12,jsonb,jsonb,YES,'[]'::jsonb,NO,NEVER,,,N,
dating_profiles_owner,dislikes,13,jsonb,jsonb,YES,'[]'::jsonb,NO,NEVER,,,N,
dating_profiles_owner,matches,14,jsonb,jsonb,YES,'[]'::jsonb,NO,NEVER,,,N,
dating_profiles_owner,preferences,15,jsonb,jsonb,YES,'{}'::jsonb,NO,NEVER,,,N,
dating_profiles_owner,flagged,16,boolean,bool,YES,false,NO,NEVER,,,N,
dating_profiles_owner,suspended,17,boolean,bool,YES,false,NO,NEVER,,,N,
dating_profiles_owner,created_at,18,timestamp with time zone,timestamptz,YES,now(),NO,NEVER,,,N,
dating_profiles_owner,updated_at,19,timestamp with time zone,timestamptz,YES,now(),NO,NEVER,,,N,
dating_profiles_pet,id,1,uuid,uuid,NO,gen_random_uuid(),NO,NEVER,,,Y,
dating_profiles_pet,profile_id,2,text,text,NO,,NO,NEVER,,,N,
dating_profiles_pet,pet_id,3,uuid,uuid,YES,,NO,NEVER,,,N,pets.id
dating_profiles_pet,customer_id,4,uuid,uuid,YES,,NO,NEVER,,,N,customers.id
dating_profiles_pet,name,5,text,text,NO,,NO,NEVER,,,N,
dating_profiles_pet,breed,6,text,text,NO,,NO,NEVER,,,N,
dating_profiles_pet,age,7,integer,int4,YES,,NO,NEVER,,,N,
dating_profiles_pet,gender,8,text,text,YES,,NO,NEVER,,,N,
dating_profiles_pet,photos,9,jsonb,jsonb,YES,'[]'::jsonb,NO,NEVER,,,N,
dating_profiles_pet,temperament,10,text,text,YES,'friendly'::text,NO,NEVER,,,N,
dating_profiles_pet,vaccinated,11,boolean,bool,YES,false,NO,NEVER,,,N,
dating_profiles_pet,bio,12,text,text,YES,,NO,NEVER,,,N,
dating_profiles_pet,looking_for,13,text,text,YES,'both'::text,NO,NEVER,,,N,
dating_profiles_pet,location,14,jsonb,jsonb,YES,,NO,NEVER,,,N,
dating_profiles_pet,is_active,15,boolean,bool,YES,true,NO,NEVER,,,N,
dating_profiles_pet,likes,16,jsonb,jsonb,YES,'[]'::jsonb,NO,NEVER,,,N,
dating_profiles_pet,dislikes,17,jsonb,jsonb,YES,'[]'::jsonb,NO,NEVER,,,N,
dating_profiles_pet,matches,18,jsonb,jsonb,YES,'[]'::jsonb,NO,NEVER,,,N,
dating_profiles_pet,preferences,19,jsonb,jsonb,YES,'{}'::jsonb,NO,NEVER,,,N,
dating_profiles_pet,flagged,20,boolean,bool,YES,false,NO,NEVER,,,N,
dating_profiles_pet,suspended,21,boolean,bool,YES,false,NO,NEVER,,,N,
dating_profiles_pet,created_at,22,timestamp with time zone,timestamptz,YES,now(),NO,NEVER,,,N,
dating_profiles_pet,updated_at,23,timestamp with time zone,timestamptz,YES,now(),NO,NEVER,,,N,
deliveries,id,1,uuid,uuid,NO,gen_random_uuid(),NO,NEVER,,,Y,
deliveries,order_id,2,text,text,NO,,NO,NEVER,,,N,
deliveries,customer_id,3,uuid,uuid,NO,,NO,NEVER,,,N,customers.id
deliveries,vendor_id,4,uuid,uuid,NO,,NO,NEVER,,,N,vendors.id
deliveries,nutritionist_id,5,uuid,uuid,YES,,NO,NEVER,,,N,vendors.id
deliveries,items,6,jsonb,jsonb,NO,'[]'::jsonb,NO,NEVER,,,N,
deliveries,pickup_address,7,text,text,NO,,NO,NEVER,,,N,
deliveries,pickup_lat,8,numeric,numeric,NO,,NO,NEVER,,,N,
deliveries,pickup_lng,9,numeric,numeric,NO,,NO,NEVER,,,N,
deliveries,pickup_contact_name,10,text,text,NO,,NO,NEVER,,,N,
deliveries,pickup_contact_phone,11,text,text,NO,,NO,NEVER,,,N,
deliveries,dropoff_address,12,text,text,NO,,NO,NEVER,,,N,
deliveries,dropoff_lat,13,numeric,numeric,NO,,NO,NEVER,,,N,
deliveries,dropoff_lng,14,numeric,numeric,NO,,NO,NEVER,,,N,
deliveries,dropoff_contact_name,15,text,text,NO,,NO,NEVER,,,N,
deliveries,dropoff_contact_phone,16,text,text,NO,,NO,NEVER,,,N,
deliveries,distance_km,17,numeric,numeric,YES,,NO,NEVER,,,N,
deliveries,estimated_duration_minutes,18,integer,int4,YES,,NO,NEVER,,,N,
deliveries,delivery_fee,19,numeric,numeric,YES,0,NO,NEVER,,,N,
deliveries,status,20,text,text,NO,'pending'::text,NO,NEVER,,,N,
deliveries,delivery_partner_id,21,uuid,uuid,YES,,NO,NEVER,,,N,staff.id
deliveries,delivery_partner_name,22,text,text,YES,,NO,NEVER,,,N,
deliveries,delivery_partner_phone,23,text,text,YES,,NO,NEVER,,,N,
deliveries,current_lat,24,numeric,numeric,YES,,NO,NEVER,,,N,
deliveries,current_lng,25,numeric,numeric,YES,,NO,NEVER,,,N,
deliveries,current_location_timestamp,26,timestamp with time zone,timestamptz,YES,,NO,NEVER,,,N,
deliveries,ordered_at,27,timestamp with time zone,timestamptz,YES,now(),NO,NEVER,,,N,
deliveries,confirmed_at,28,timestamp with time zone,timestamptz,YES,,NO,NEVER,,,N,
deliveries,prepared_at,29,timestamp with time zone,timestamptz,YES,,NO,NEVER,,,N,
deliveries,picked_up_at,30,timestamp with time zone,timestamptz,YES,,NO,NEVER,,,N,
deliveries,delivered_at,31,timestamp with time zone,timestamptz,YES,,NO,NEVER,,,N,
deliveries,pickup_otp,32,text,text,YES,,NO,NEVER,,,N,
deliveries,delivery_otp,33,text,text,YES,,NO,NEVER,,,N,
deliveries,instructions,34,text,text,YES,,NO,NEVER,,,N,
deliveries,notes,35,text,text,YES,,NO,NEVER,,,N,
deliveries,created_at,36,timestamp with time zone,timestamptz,YES,now(),NO,NEVER,,,N,
deliveries,updated_at,37,timestamp with time zone,timestamptz,YES,now(),NO,NEVER,,,N,
delivery_location_history,id,1,uuid,uuid,NO,gen_random_uuid(),NO,NEVER,,,Y,
delivery_location_history,tracking_id,2,uuid,uuid,NO,,NO,NEVER,,,N,delivery_tracking.id
delivery_location_history,lat,3,numeric,numeric,NO,,NO,NEVER,,,N,
delivery_location_history,lng,4,numeric,numeric,NO,,NO,NEVER,,,N,
delivery_location_history,accuracy_meters,5,numeric,numeric,YES,,NO,NEVER,,,N,
delivery_location_history,speed_kmh,6,numeric,numeric,YES,,NO,NEVER,,,N,
delivery_location_history,heading,7,integer,int4,YES,,NO,NEVER,,,N,
delivery_location_history,recorded_at,8,timestamp with time zone,timestamptz,YES,now(),NO,NEVER,,,N,
delivery_location_history,source,9,character varying,varchar,YES,,NO,NEVER,,,N,
delivery_partners,id,1,uuid,uuid,NO,gen_random_uuid(),NO,NEVER,,,Y,
delivery_partners,partner_id,2,text,text,NO,,NO,NEVER,,,N,
delivery_partners,vendor_id,3,uuid,uuid,NO,,NO,NEVER,,,N,vendors.id
delivery_partners,name,4,text,text,NO,,NO,NEVER,,,N,
delivery_partners,phone,5,text,text,NO,,NO,NEVER,,,N,
delivery_partners,vehicle_type,6,text,text,NO,,NO,NEVER,,,N,
delivery_partners,vehicle_number,7,text,text,NO,,NO,NEVER,,,N,
delivery_partners,current_location,8,jsonb,jsonb,NO,'{}'::jsonb,NO,NEVER,,,N,
delivery_partners,status,9,text,text,NO,'available'::text,NO,NEVER,,,N,
delivery_partners,rating,10,numeric,numeric,YES,5.0,NO,NEVER,,,N,
delivery_partners,total_deliveries,11,integer,int4,YES,0,NO,NEVER,,,N,
delivery_partners,is_active,12,boolean,bool,NO,true,NO,NEVER,,,N,
delivery_partners,created_at,13,timestamp with time zone,timestamptz,NO,now(),NO,NEVER,,,N,
delivery_partners,updated_at,14,timestamp with time zone,timestamptz,NO,now(),NO,NEVER,,,N,
delivery_routes,id,1,uuid,uuid,NO,gen_random_uuid(),NO,NEVER,,,Y,
delivery_routes,route_id,2,text,text,NO,,NO,NEVER,,,N,
delivery_routes,partner_id,3,text,text,YES,,NO,NEVER,,,N,delivery_partners.partner_id
delivery_routes,deliveries,4,jsonb,jsonb,NO,'[]'::jsonb,NO,NEVER,,,N,
delivery_routes,optimized_order,5,jsonb,jsonb,NO,'[]'::jsonb,NO,NEVER,,,N,
delivery_routes,total_distance,6,numeric,numeric,YES,0,NO,NEVER,,,N,
delivery_routes,total_time,7,integer,int4,YES,0,NO,NEVER,,,N,
delivery_routes,status,8,text,text,NO,'planned'::text,NO,NEVER,,,N,
delivery_routes,created_at,9,timestamp with time zone,timestamptz,NO,now(),NO,NEVER,,,N,
delivery_routes,updated_at,10,timestamp with time zone,timestamptz,NO,now(),NO,NEVER,,,N,
delivery_settlements,id,1,uuid,uuid,NO,gen_random_uuid(),NO,NEVER,0,-1,Y,
delivery_settlements,settlement_batch_id,2,character varying,varchar,YES,,NO,NEVER,1,0,N,
delivery_settlements,pharmacy_order_id,3,uuid,uuid,YES,,NO,NEVER,1,0,N,pharmacy_orders.id
delivery_settlements,meal_order_id,4,uuid,uuid,YES,,NO,NEVER,0,-1,N,meal_orders.id
delivery_settlements,vendor_id,5,uuid,uuid,NO,,NO,NEVER,0,-0.5,N,vendors.id
delivery_settlements,order_amount,6,numeric,numeric,NO,,NO,NEVER,0,-1,N,
delivery_settlements,delivery_fee_collected,7,numeric,numeric,YES,0,NO,NEVER,0,-1,N,
delivery_settlements,platform_fee,8,numeric,numeric,YES,0,NO,NEVER,0,-1,N,
delivery_settlements,commission_rate,9,numeric,numeric,YES,,NO,NEVER,0,-0.5,N,
delivery_settlements,commission_amount,10,numeric,numeric,YES,,NO,NEVER,0,-1,N,
delivery_settlements,logistics_cost,11,numeric,numeric,YES,0,NO,NEVER,0,-0.5,N,
delivery_settlements,gst_amount,12,numeric,numeric,YES,0,NO,NEVER,0,-0.5,N,
delivery_settlements,tds_amount,13,numeric,numeric,YES,0,NO,NEVER,0,-0.5,N,
delivery_settlements,net_payout,14,numeric,numeric,NO,,NO,NEVER,0,-1,N,
delivery_settlements,status,15,character varying,varchar,YES,'pending'::character varying,NO,NEVER,0,-0.5,N,
delivery_settlements,razorpay_transfer_id,16,character varying,varchar,YES,,NO,NEVER,1,0,N,
delivery_settlements,razorpay_payout_id,17,character varying,varchar,YES,,NO,NEVER,1,0,N,
delivery_settlements,transfer_error,18,text,text,YES,,NO,NEVER,1,0,N,
delivery_settlements,order_delivered_at,19,timestamp with time zone,timestamptz,YES,,NO,NEVER,0,-1,N,
delivery_settlements,scheduled_payout_date,20,date,date,YES,,NO,NEVER,1,0,N,
delivery_settlements,actual_payout_date,21,date,date,YES,,NO,NEVER,1,0,N,
delivery_settlements,created_at,22,timestamp with time zone,timestamptz,YES,now(),NO,NEVER,0,-1,N,
delivery_settlements,updated_at,23,timestamp with time zone,timestamptz,YES,now(),NO,NEVER,0,-1,N,
delivery_settlements,convenience_fee,24,numeric,numeric,YES,0,NO,NEVER,0,-0.5,N,
delivery_settlements,tier_name,25,character varying,varchar,YES,,NO,NEVER,0,-0.5,N,
delivery_settlements,tier_level,26,integer,int4,YES,,NO,NEVER,1,0,N,
delivery_tracking,id,1,uuid,uuid,NO,gen_random_uuid(),NO,NEVER,0,-1,Y,
delivery_tracking,pharmacy_order_id,2,uuid,uuid,YES,,NO,NEVER,0.5,-0.5,N,pharmacy_orders.id
delivery_tracking,meal_order_id,3,uuid,uuid,YES,,NO,NEVER,0.5,-0.5,N,
delivery_tracking,logistics_partner_id,4,uuid,uuid,YES,,NO,NEVER,1,0,N,vendors.id
delivery_tracking,delivery_person_name,5,character varying,varchar,YES,,NO,NEVER,0.75,-0.25,N,
delivery_tracking,delivery_person_phone,6,character varying,varchar,YES,,NO,NEVER,0.75,-0.25,N,
delivery_tracking,delivery_person_photo,7,text,text,YES,,NO,NEVER,1,0,N,
delivery_tracking,vehicle_number,8,character varying,varchar,YES,,NO,NEVER,1,0,N,
delivery_tracking,current_lat,9,numeric,numeric,YES,,NO,NEVER,0.75,-0.25,N,
delivery_tracking,current_lng,10,numeric,numeric,YES,,NO,NEVER,0.75,-0.25,N,
delivery_tracking,last_location_update,11,timestamp with time zone,timestamptz,YES,,NO,NEVER,0.75,-0.25,N,
delivery_tracking,status,12,character varying,varchar,YES,'assigned'::character varying,NO,NEVER,0,-0.20000000298023224,N,
delivery_tracking,eta_to_pickup_minutes,13,integer,int4,YES,,NO,NEVER,1,0,N,
delivery_tracking,eta_to_delivery_minutes,14,integer,int4,YES,,NO,NEVER,1,0,N,
delivery_tracking,distance_remaining_km,15,numeric,numeric,YES,,NO,NEVER,1,0,N,
delivery_tracking,assigned_at,16,timestamp with time zone,timestamptz,YES,now(),NO,NEVER,0,-1,N,
delivery_tracking,reached_pickup_at,17,timestamp with time zone,timestamptz,YES,,NO,NEVER,1,0,N,
delivery_tracking,picked_up_at,18,timestamp with time zone,timestamptz,YES,,NO,NEVER,0.8500000238418579,-0.1499999761581421,N,
delivery_tracking,delivered_at,19,timestamp with time zone,timestamptz,YES,,NO,NEVER,0.8500000238418579,-0.1499999761581421,N,
delivery_tracking,delivery_photo,20,text,text,YES,,NO,NEVER,1,0,N,
delivery_tracking,recipient_name,21,character varying,varchar,YES,,NO,NEVER,1,0,N,
delivery_tracking,delivery_notes,22,text,text,YES,,NO,NEVER,1,0,N,
delivery_tracking,delivery_otp,23,character varying,varchar,YES,,NO,NEVER,0.5,-0.5,N,
delivery_tracking,otp_verified,24,boolean,bool,YES,false,NO,NEVER,0,1,N,
delivery_tracking,created_at,25,timestamp with time zone,timestamptz,YES,now(),NO,NEVER,0,-1,N,
delivery_tracking,updated_at,26,timestamp with time zone,timestamptz,YES,now(),NO,NEVER,0,-1,N,
delivery_tracking,external_task_id,27,character varying,varchar,YES,,NO,NEVER,0.5,-0.5,N,
delivery_tracking,logistics_partner,28,character varying,varchar,YES,'warmpawz'::character varying,NO,NEVER,0,2,N,
delivery_tracking,tracking_url,29,text,text,YES,,NO,NEVER,0.6499999761581421,-0.3500000238418579,N,
delivery_tracking,metadata,30,jsonb,jsonb,YES,'{}'::jsonb,NO,NEVER,0,-0.550000011920929,N,
delivery_tracking,subscription_delivery_id,31,uuid,uuid,YES,,NO,NEVER,1,0,N,meal_subscription_deliveries.id
device_tokens,id,1,uuid,uuid,NO,gen_random_uuid(),NO,NEVER,0,-1,Y,
device_tokens,user_id,2,uuid,uuid,NO,,NO,NEVER,0,-0.5953488349914551,N,
device_tokens,user_type,3,text,text,NO,,NO,NEVER,0,2,N,
device_tokens,device_id,4,text,text,NO,,NO,NEVER,0,-0.7488372325897217,N,
device_tokens,fcm_token,5,text,text,NO,,NO,NEVER,0,-0.7534883618354797,N,
device_tokens,platform,6,text,text,NO,,NO,NEVER,0,3,N,
device_tokens,app_version,7,text,text,YES,,NO,NEVER,1,0,N,
device_tokens,is_active,8,boolean,bool,YES,true,NO,NEVER,0,2,N,
device_tokens,last_used_at,9,timestamp with time zone,timestamptz,YES,now(),NO,NEVER,0,-1,N,
device_tokens,created_at,10,timestamp with time zone,timestamptz,YES,now(),NO,NEVER,0,-1,N,
device_tokens,updated_at,11,timestamp with time zone,timestamptz,YES,now(),NO,NEVER,0,-0.9116278886795044,N,
diagnostic_bookings,id,1,uuid,uuid,NO,gen_random_uuid(),NO,NEVER,,,Y,
diagnostic_bookings,customer_id,2,uuid,uuid,NO,,NO,NEVER,,,N,customers.id
diagnostic_bookings,pet_id,3,uuid,uuid,NO,,NO,NEVER,,,N,pets.id
diagnostic_bookings,vendor_id,4,uuid,uuid,NO,,NO,NEVER,,,N,vendors.id
diagnostic_bookings,center_id,5,text,text,YES,,NO,NEVER,,,N,
diagnostic_bookings,booking_number,6,text,text,NO,,NO,NEVER,,,N,
diagnostic_bookings,tests,7,jsonb,jsonb,NO,,NO,NEVER,,,N,
diagnostic_bookings,booking_type,8,text,text,NO,,NO,NEVER,,,N,
diagnostic_bookings,scheduled_date,9,date,date,NO,,NO,NEVER,,,N,
diagnostic_bookings,scheduled_time,10,text,text,NO,,NO,NEVER,,,N,
diagnostic_bookings,collection_address,11,jsonb,jsonb,YES,,NO,NEVER,,,N,
diagnostic_bookings,prescription_id,12,uuid,uuid,YES,,NO,NEVER,,,N,prescriptions.id
diagnostic_bookings,prescription_url,13,text,text,YES,,NO,NEVER,,,N,
diagnostic_bookings,special_instructions,14,text,text,YES,,NO,NEVER,,,N,
diagnostic_bookings,status,15,text,text,NO,'scheduled'::text,NO,NEVER,,,N,
diagnostic_bookings,status_changed_at,16,timestamp with time zone,timestamptz,YES,now(),NO,NEVER,,,N,
diagnostic_bookings,status_changed_by,17,uuid,uuid,YES,,NO,NEVER,,,N,
diagnostic_bookings,status_change_reason,18,text,text,YES,,NO,NEVER,,,N,
diagnostic_bookings,collector_id,19,uuid,uuid,YES,,NO,NEVER,,,N,staff.id
diagnostic_bookings,collector_name,20,text,text,YES,,NO,NEVER,,,N,
diagnostic_bookings,sample_collection_time,21,timestamp with time zone,timestamptz,YES,,NO,NEVER,,,N,
diagnostic_bookings,reports,22,jsonb,jsonb,YES,,NO,NEVER,,,N,
diagnostic_bookings,report_generation_time,23,timestamp with time zone,timestamptz,YES,,NO,NEVER,,,N,
diagnostic_bookings,all_reports_uploaded,24,boolean,bool,YES,false,NO,NEVER,,,N,
diagnostic_bookings,total_amount,25,numeric,numeric,NO,,NO,NEVER,,,N,
diagnostic_bookings,home_collection_charge,26,numeric,numeric,YES,0,NO,NEVER,,,N,
diagnostic_bookings,payment_status,27,text,text,NO,'pending'::text,NO,NEVER,,,N,
diagnostic_bookings,created_at,28,timestamp with time zone,timestamptz,NO,now(),NO,NEVER,,,N,
diagnostic_bookings,updated_at,29,timestamp with time zone,timestamptz,YES,now(),NO,NEVER,,,N,
diagnostic_reports,id,1,uuid,uuid,NO,gen_random_uuid(),NO,NEVER,,,Y,
diagnostic_reports,diagnostic_booking_id,2,uuid,uuid,NO,,NO,NEVER,,,N,diagnostic_bookings.id
diagnostic_reports,test_id,3,text,text,NO,,NO,NEVER,,,N,
diagnostic_reports,test_name,4,text,text,NO,,NO,NEVER,,,N,
diagnostic_reports,report_url,5,text,text,NO,,NO,NEVER,,,N,
diagnostic_reports,report_type,6,text,text,YES,,NO,NEVER,,,N,
diagnostic_reports,file_size,7,bigint,int8,YES,,NO,NEVER,,,N,
diagnostic_reports,version,8,integer,int4,YES,1,NO,NEVER,,,N,
diagnostic_reports,previous_version_id,9,uuid,uuid,YES,,NO,NEVER,,,N,diagnostic_reports.id
diagnostic_reports,is_latest,10,boolean,bool,YES,true,NO,NEVER,,,N,
diagnostic_reports,uploaded_by,11,uuid,uuid,NO,,NO,NEVER,,,N,staff.id
diagnostic_reports,uploaded_at,12,timestamp with time zone,timestamptz,NO,now(),NO,NEVER,,,N,
diagnostic_reports,created_at,13,timestamp with time zone,timestamptz,NO,now(),NO,NEVER,,,N,
diagnostic_reports,updated_at,14,timestamp with time zone,timestamptz,YES,now(),NO,NEVER,,,N,
diagnostic_reports,booking_id,15,uuid,uuid,YES,,NO,NEVER,,,N,bookings.id
diagnostic_tests,id,1,uuid,uuid,NO,gen_random_uuid(),NO,NEVER,,,Y,
diagnostic_tests,vendor_id,2,uuid,uuid,NO,,NO,NEVER,,,N,vendors.id
diagnostic_tests,test_name,3,text,text,NO,,NO,NEVER,,,N,
diagnostic_tests,test_code,4,text,text,YES,,NO,NEVER,,,N,
diagnostic_tests,category,5,text,text,YES,,NO,NEVER,,,N,
diagnostic_tests,description,6,text,text,YES,,NO,NEVER,,,N,
diagnostic_tests,price,7,numeric,numeric,YES,,NO,NEVER,,,N,
diagnostic_tests,duration_minutes,8,integer,int4,YES,,NO,NEVER,,,N,
diagnostic_tests,sample_type,9,text,text,YES,,NO,NEVER,,,N,
diagnostic_tests,preparation_instructions,10,text,text,YES,,NO,NEVER,,,N,
diagnostic_tests,is_available,11,boolean,bool,YES,true,NO,NEVER,,,N,
diagnostic_tests,created_at,12,timestamp with time zone,timestamptz,YES,now(),NO,NEVER,,,N,
diagnostic_tests,updated_at,13,timestamp with time zone,timestamptz,YES,now(),NO,NEVER,,,N,
diagnostic_tests,is_free_home_collection,14,boolean,bool,YES,false,NO,NEVER,,,N,
diagnostic_tests,home_collection_fee,15,numeric,numeric,YES,0,NO,NEVER,,,N,
diagnostic_tests,terms_conditions,16,text,text,YES,,NO,NEVER,,,N,
diagnostic_tests,turnaround_time_hours,17,integer,int4,YES,,NO,NEVER,,,N,
diagnostic_tests,is_package_available,18,boolean,bool,YES,false,NO,NEVER,,,N,
diagnostic_tests,package_price,19,numeric,numeric,YES,,NO,NEVER,,,N,
diagnostic_tests,package_test_count,20,integer,int4,YES,,NO,NEVER,,,N,
diagnostic_tests,service_style,21,character varying,varchar,YES,'at_center'::character varying,NO,NEVER,,,N,
discovery_rules,id,1,uuid,uuid,NO,gen_random_uuid(),NO,NEVER,0,-1,Y,
discovery_rules,role_id,2,text,text,NO,,NO,NEVER,0,-0.2926829159259796,N,
discovery_rules,rule_key,3,text,text,NO,,NO,NEVER,0,-0.3658536672592163,N,
discovery_rules,rule_value,4,jsonb,jsonb,NO,,NO,NEVER,0,-0.3414634168148041,N,
discovery_rules,applies_to_flow,5,text,text,YES,''::text,NO,NEVER,0,-0.19512194395065308,N,
discovery_rules,city,6,text,text,YES,''::text,NO,NEVER,0,1,N,
discovery_rules,is_active,7,boolean,bool,YES,true,NO,NEVER,0,2,N,
discovery_rules,created_at,8,timestamp with time zone,timestamptz,YES,now(),NO,NEVER,0,3,N,
discovery_rules,updated_at,9,timestamp with time zone,timestamptz,YES,now(),NO,NEVER,0,4,N,
discovery_rules,service_style,10,text,text,NO,''::text,NO,NEVER,0,1,N,
discovery_rules,service_type,11,text,text,NO,''::text,NO,NEVER,0,1,N,
disputes,id,1,uuid,uuid,NO,gen_random_uuid(),NO,NEVER,,,Y,
disputes,booking_id,2,uuid,uuid,YES,,NO,NEVER,,,N,bookings.id
disputes,order_id,3,uuid,uuid,YES,,NO,NEVER,,,N,orders.id
disputes,customer_id,4,uuid,uuid,NO,,NO,NEVER,,,N,customers.id
disputes,vendor_id,5,uuid,uuid,NO,,NO,NEVER,,,N,vendors.id
disputes,dispute_type,6,text,text,NO,,NO,NEVER,,,N,
disputes,status,7,text,text,NO,'open'::text,NO,NEVER,,,N,
disputes,resolution,8,text,text,YES,,NO,NEVER,,,N,
disputes,created_at,9,timestamp with time zone,timestamptz,YES,now(),NO,NEVER,,,N,
disputes,updated_at,10,timestamp with time zone,timestamptz,YES,now(),NO,NEVER,,,N,
disputes,resolved_at,11,timestamp with time zone,timestamptz,YES,,NO,NEVER,,,N,
ecommerce_categories,id,1,uuid,uuid,NO,gen_random_uuid(),NO,NEVER,,,Y,
ecommerce_categories,name,2,text,text,NO,,NO,NEVER,,,N,
ecommerce_categories,description,3,text,text,YES,,NO,NEVER,,,N,
ecommerce_categories,parent_category_id,4,uuid,uuid,YES,,NO,NEVER,,,N,ecommerce_categories.id
ecommerce_categories,display_order,5,integer,int4,YES,0,NO,NEVER,,,N,
ecommerce_categories,is_active,6,boolean,bool,YES,true,NO,NEVER,,,N,
ecommerce_categories,created_at,7,timestamp with time zone,timestamptz,YES,now(),NO,NEVER,,,N,
ecommerce_categories,image_url,8,text,text,YES,,NO,NEVER,,,N,
ecommerce_categories,default_commission_rate,9,numeric,numeric,YES,,NO,NEVER,,,N,
ecommerce_commission_settings,id,1,uuid,uuid,NO,gen_random_uuid(),NO,NEVER,,,Y,
ecommerce_commission_settings,setting_key,2,text,text,NO,'default'::text,NO,NEVER,,,N,
ecommerce_commission_settings,default_rate,3,numeric,numeric,NO,15.00,NO,NEVER,,,N,
ecommerce_commission_settings,rules,4,jsonb,jsonb,NO,'[]'::jsonb,NO,NEVER,,,N,
ecommerce_commission_settings,vendor_tiers,5,jsonb,jsonb,NO,'[]'::jsonb,NO,NEVER,,,N,
ecommerce_commission_settings,seller_rates,6,jsonb,jsonb,NO,'{}'::jsonb,NO,NEVER,,,N,
ecommerce_commission_settings,created_at,7,timestamp with time zone,timestamptz,YES,now(),NO,NEVER,,,N,
ecommerce_commission_settings,updated_at,8,timestamp with time zone,timestamptz,YES,now(),NO,NEVER,,,N,
ecommerce_loyalty_pending_awards,id,1,uuid,uuid,NO,gen_random_uuid(),NO,NEVER,,,Y,
ecommerce_loyalty_pending_awards,order_id,2,uuid,uuid,NO,,NO,NEVER,,,N,
ecommerce_loyalty_pending_awards,customer_id,3,uuid,uuid,NO,,NO,NEVER,,,N,
ecommerce_loyalty_pending_awards,amount,4,numeric,numeric,NO,0,NO,NEVER,,,N,
ecommerce_loyalty_pending_awards,action_name,5,text,text,NO,'buy_product'::text,NO,NEVER,,,N,
ecommerce_loyalty_pending_awards,award_after,6,timestamp with time zone,timestamptz,NO,,NO,NEVER,,,N,
ecommerce_loyalty_pending_awards,status,7,text,text,NO,'pending'::text,NO,NEVER,,,N,
ecommerce_loyalty_pending_awards,awarded_at,8,timestamp with time zone,timestamptz,YES,,NO,NEVER,,,N,
ecommerce_loyalty_pending_awards,cancelled_at,9,timestamp with time zone,timestamptz,YES,,NO,NEVER,,,N,
ecommerce_loyalty_pending_awards,cancel_reason,10,text,text,YES,,NO,NEVER,,,N,
ecommerce_loyalty_pending_awards,created_at,11,timestamp with time zone,timestamptz,NO,now(),NO,NEVER,,,N,
ecommerce_policies,id,1,uuid,uuid,NO,gen_random_uuid(),NO,NEVER,,,Y,
ecommerce_policies,vendor_id,2,uuid,uuid,YES,,NO,NEVER,,,N,vendors.id
ecommerce_policies,policy_type,3,text,text,NO,,NO,NEVER,,,N,
ecommerce_policies,policy_name,4,text,text,NO,,NO,NEVER,,,N,
ecommerce_policies,policy_description,5,text,text,YES,,NO,NEVER,,,N,
ecommerce_policies,policy_data,6,jsonb,jsonb,NO,,NO,NEVER,,,N,
ecommerce_policies,return_window_days,7,integer,int4,YES,,NO,NEVER,,,N,
ecommerce_policies,return_conditions,8,ARRAY,_text,YES,,NO,NEVER,,,N,
ecommerce_policies,return_shipping_cost,9,numeric,numeric,YES,,NO,NEVER,,,N,
ecommerce_policies,refund_processing_days,10,integer,int4,YES,,NO,NEVER,,,N,
ecommerce_policies,shipping_zones,11,jsonb,jsonb,YES,,NO,NEVER,,,N,
ecommerce_policies,shipping_rates,12,jsonb,jsonb,YES,,NO,NEVER,,,N,
ecommerce_policies,delivery_timeframes,13,jsonb,jsonb,YES,,NO,NEVER,,,N,
ecommerce_policies,free_shipping_threshold,14,numeric,numeric,YES,,NO,NEVER,,,N,
ecommerce_policies,warranty_period_days,15,integer,int4,YES,,NO,NEVER,,,N,
ecommerce_policies,warranty_terms,16,text,text,YES,,NO,NEVER,,,N,
ecommerce_policies,warranty_claim_process,17,text,text,YES,,NO,NEVER,,,N,
ecommerce_policies,refund_method,18,text,text,YES,,NO,NEVER,,,N,
ecommerce_policies,refund_processing_time_days,19,integer,int4,YES,,NO,NEVER,,,N,
ecommerce_policies,is_active,20,boolean,bool,YES,true,NO,NEVER,,,N,
ecommerce_policies,is_default,21,boolean,bool,YES,false,NO,NEVER,,,N,
ecommerce_policies,created_at,22,timestamp with time zone,timestamptz,YES,now(),NO,NEVER,,,N,
ecommerce_policies,updated_at,23,timestamp with time zone,timestamptz,YES,now(),NO,NEVER,,,N,
ecommerce_policies,return_window_hours,24,integer,int4,YES,48,NO,NEVER,,,N,
ecommerce_policies,cancel_before_dispatch_full_refund,25,boolean,bool,YES,true,NO,NEVER,,,N,
ecommerce_policies,non_returnable_categories,26,ARRAY,_text,YES,'{}'::text[],NO,NEVER,,,N,
emergency_booking_queue,id,1,uuid,uuid,NO,gen_random_uuid(),NO,NEVER,,,Y,
emergency_booking_queue,booking_id,2,uuid,uuid,NO,,NO,NEVER,,,N,bookings.id
emergency_booking_queue,priority,3,integer,int4,YES,5,NO,NEVER,,,N,
emergency_booking_queue,queued_at,4,timestamp with time zone,timestamptz,YES,now(),NO,NEVER,,,N,
emergency_booking_queue,assigned_vendor_id,5,uuid,uuid,YES,,NO,NEVER,,,N,vendors.id
emergency_booking_queue,assigned_at,6,timestamp with time zone,timestamptz,YES,,NO,NEVER,,,N,
error_case_occurrences,id,1,uuid,uuid,NO,gen_random_uuid(),NO,NEVER,0,-1,Y,
error_case_occurrences,case_id,2,uuid,uuid,NO,,NO,NEVER,0,-0.15909090638160706,N,product_error_cases.id
error_case_occurrences,event_id,3,uuid,uuid,NO,,NO,NEVER,0,-1,N,analytics_events.id
error_case_occurrences,created_at,4,timestamp with time zone,timestamptz,NO,now(),NO,NEVER,0,-0.7642045617103577,N,
featured_vendors,id,1,uuid,uuid,NO,gen_random_uuid(),NO,NEVER,,,Y,
featured_vendors,vendor_id,2,uuid,uuid,NO,,NO,NEVER,,,N,vendors.id
featured_vendors,display_order,3,integer,int4,YES,0,NO,NEVER,,,N,
featured_vendors,start_date,4,date,date,YES,,NO,NEVER,,,N,
featured_vendors,end_date,5,date,date,YES,,NO,NEVER,,,N,
featured_vendors,is_active,6,boolean,bool,YES,true,NO,NEVER,,,N,
featured_vendors,created_at,7,timestamp with time zone,timestamptz,YES,now(),NO,NEVER,,,N,
google_maps_settings,id,1,uuid,uuid,NO,gen_random_uuid(),NO,NEVER,,,Y,
google_maps_settings,setting_key,2,text,text,NO,'google_maps'::text,NO,NEVER,,,N,
google_maps_settings,api_key,3,text,text,NO,,NO,NEVER,,,N,
google_maps_settings,enabled,4,boolean,bool,YES,true,NO,NEVER,,,N,
google_maps_settings,region,5,text,text,YES,'IN'::text,NO,NEVER,,,N,
google_maps_settings,language,6,text,text,YES,'en'::text,NO,NEVER,,,N,
google_maps_settings,updated_at,7,timestamp with time zone,timestamptz,YES,now(),NO,NEVER,,,N,
google_maps_settings,updated_by,8,uuid,uuid,YES,,NO,NEVER,,,N,
gps_location_history,id,1,uuid,uuid,NO,gen_random_uuid(),NO,NEVER,0,-1,Y,
gps_location_history,session_id,2,uuid,uuid,YES,,NO,NEVER,0,-0.10880828648805618,N,gps_tracking_sessions.id
gps_location_history,latitude,3,numeric,numeric,NO,,NO,NEVER,0,-0.5388600826263428,N,
gps_location_history,longitude,4,numeric,numeric,NO,,NO,NEVER,0,-0.5699481964111328,N,
gps_location_history,accuracy,5,numeric,numeric,YES,,NO,NEVER,0.9896373152732849,1,N,
gps_location_history,heading,6,numeric,numeric,YES,,NO,NEVER,1,0,N,
gps_location_history,speed,7,numeric,numeric,YES,,NO,NEVER,1,0,N,
gps_location_history,eta_minutes,8,integer,int4,YES,,NO,NEVER,0,17,N,
gps_location_history,recorded_at,9,timestamp with time zone,timestamptz,YES,now(),NO,NEVER,0,-1,N,
gps_location_history,created_at,10,timestamp with time zone,timestamptz,YES,now(),NO,NEVER,0,-1,N,
gps_tracking_points,id,1,uuid,uuid,NO,gen_random_uuid(),NO,NEVER,,,Y,
gps_tracking_points,booking_id,2,uuid,uuid,NO,,NO,NEVER,,,N,
gps_tracking_points,session_id,3,uuid,uuid,YES,,NO,NEVER,,,N,
gps_tracking_points,latitude,4,numeric,numeric,NO,,NO,NEVER,,,N,
gps_tracking_points,longitude,5,numeric,numeric,NO,,NO,NEVER,,,N,
gps_tracking_points,accuracy,6,numeric,numeric,YES,,NO,NEVER,,,N,
gps_tracking_points,speed,7,numeric,numeric,YES,,NO,NEVER,,,N,
gps_tracking_points,heading,8,numeric,numeric,YES,,NO,NEVER,,,N,
gps_tracking_points,timestamp,9,timestamp with time zone,timestamptz,YES,now(),NO,NEVER,,,N,
gps_tracking_points,created_at,10,timestamp with time zone,timestamptz,YES,now(),NO,NEVER,,,N,
gps_tracking_sessions,id,1,uuid,uuid,NO,gen_random_uuid(),NO,NEVER,0,-1,Y,
gps_tracking_sessions,booking_id,2,uuid,uuid,NO,,NO,NEVER,0,-0.5263158082962036,N,bookings.id
gps_tracking_sessions,tracking_id,3,text,text,YES,,NO,NEVER,1,0,N,
gps_tracking_sessions,start_location,4,jsonb,jsonb,YES,,NO,NEVER,1,0,N,
gps_tracking_sessions,current_location,5,jsonb,jsonb,YES,,NO,NEVER,1,0,N,
gps_tracking_sessions,waypoints,6,jsonb,jsonb,YES,'[]'::jsonb,NO,NEVER,0,1,N,
gps_tracking_sessions,total_distance_km,7,numeric,numeric,YES,0,NO,NEVER,0,1,N,
gps_tracking_sessions,estimated_eta_minutes,8,integer,int4,YES,,NO,NEVER,0,-0.4736842215061188,N,
gps_tracking_sessions,is_active,9,boolean,bool,YES,false,NO,NEVER,0,1,N,
gps_tracking_sessions,started_at,10,timestamp with time zone,timestamptz,YES,,NO,NEVER,0,-1,N,
gps_tracking_sessions,stopped_at,11,timestamp with time zone,timestamptz,YES,,NO,NEVER,1,0,N,
gps_tracking_sessions,created_at,12,timestamp with time zone,timestamptz,YES,now(),NO,NEVER,0,-1,N,
gps_tracking_sessions,updated_at,13,timestamp with time zone,timestamptz,YES,now(),NO,NEVER,0,-1,N,
gps_tracking_sessions,vendor_id,14,uuid,uuid,YES,,NO,NEVER,0,-0.2631579041481018,N,
gps_tracking_sessions,customer_id,15,uuid,uuid,YES,,NO,NEVER,0,-0.21052631735801697,N,
gps_tracking_sessions,staff_id,16,uuid,uuid,YES,,NO,NEVER,1,0,N,
gps_tracking_sessions,status,17,character varying,varchar,YES,'active'::character varying,NO,NEVER,0,-0.15789473056793213,N,
gps_tracking_sessions,current_latitude,18,numeric,numeric,YES,,NO,NEVER,0,-0.8947368264198303,N,
gps_tracking_sessions,current_longitude,19,numeric,numeric,YES,,NO,NEVER,0,-0.8421052694320679,N,
gps_tracking_sessions,destination_latitude,20,numeric,numeric,YES,,NO,NEVER,0,-0.31578946113586426,N,
gps_tracking_sessions,destination_longitude,21,numeric,numeric,YES,,NO,NEVER,0,-0.31578946113586426,N,
gps_tracking_sessions,distance_remaining_km,22,numeric,numeric,YES,,NO,NEVER,0,-0.6315789222717285,N,
gps_tracking_sessions,arrived_at,23,timestamp without time zone,timestamp,YES,,NO,NEVER,0.31578946113586426,-0.6842105388641357,N,
gps_tracking_sessions,last_update_at,24,timestamp without time zone,timestamp,YES,,NO,NEVER,0,-1,N,
gps_tracking_sessions,current_accuracy,25,numeric,numeric,YES,,NO,NEVER,0.9473684430122375,-0.05263155698776245,N,
gps_tracking_sessions,current_heading,26,numeric,numeric,YES,,NO,NEVER,1,0,N,
gps_tracking_sessions,current_speed,27,numeric,numeric,YES,,NO,NEVER,1,0,N,
gps_tracking_sessions,start_latitude,28,numeric,numeric,YES,,NO,NEVER,0,-0.8947368264198303,N,
gps_tracking_sessions,start_longitude,29,numeric,numeric,YES,,NO,NEVER,0,-0.8947368264198303,N,
gps_tracking_sessions,destination_address,30,text,text,YES,,NO,NEVER,1,0,N,
gps_tracking_sessions,distance_km,31,numeric,numeric,YES,,NO,NEVER,0,-0.6315789222717285,N,
gps_tracking_sessions,route_polyline,32,text,text,YES,,NO,NEVER,1,0,N,
gps_tracking_sessions,completed_at,33,timestamp with time zone,timestamptz,YES,,NO,NEVER,0.7894737124443054,-0.21052628755569458,N,
gps_tracking_sessions,cancelled_at,34,timestamp with time zone,timestamptz,YES,,NO,NEVER,1,0,N,
gps_tracking_sessions,cancellation_reason,35,text,text,YES,,NO,NEVER,1,0,N,
groomer_gallery,id,1,uuid,uuid,NO,gen_random_uuid(),NO,NEVER,,,Y,
groomer_gallery,booking_id,2,uuid,uuid,YES,,NO,NEVER,,,N,bookings.id
groomer_gallery,vendor_id,3,uuid,uuid,NO,,NO,NEVER,,,N,vendors.id
groomer_gallery,pet_id,4,uuid,uuid,YES,,NO,NEVER,,,N,pets.id
groomer_gallery,pet_name,5,text,text,YES,,NO,NEVER,,,N,
groomer_gallery,service_name,6,text,text,YES,,NO,NEVER,,,N,
groomer_gallery,before_photo,7,text,text,YES,,NO,NEVER,,,N,
groomer_gallery,after_photo,8,text,text,YES,,NO,NEVER,,,N,
groomer_gallery,description,9,text,text,YES,,NO,NEVER,,,N,
groomer_gallery,tags,10,jsonb,jsonb,YES,'[]'::jsonb,NO,NEVER,,,N,
groomer_gallery,is_public,11,boolean,bool,YES,false,NO,NEVER,,,N,
groomer_gallery,is_portfolio,12,boolean,bool,YES,false,NO,NEVER,,,N,
groomer_gallery,likes,13,integer,int4,YES,0,NO,NEVER,,,N,
groomer_gallery,views,14,integer,int4,YES,0,NO,NEVER,,,N,
groomer_gallery,uploaded_at,15,timestamp with time zone,timestamptz,YES,now(),NO,NEVER,,,N,
groomer_gallery,created_at,16,timestamp with time zone,timestamptz,YES,now(),NO,NEVER,,,N,
groomer_gallery,updated_at,17,timestamp with time zone,timestamptz,YES,now(),NO,NEVER,,,N,
gst_configs,id,1,uuid,uuid,NO,gen_random_uuid(),NO,NEVER,,,Y,
gst_configs,config_name,2,text,text,NO,,NO,NEVER,,,N,
gst_configs,gst_percentage,3,numeric,numeric,NO,,NO,NEVER,,,N,
gst_configs,cgst_percentage,4,numeric,numeric,YES,,NO,NEVER,,,N,
gst_configs,sgst_percentage,5,numeric,numeric,YES,,NO,NEVER,,,N,
gst_configs,igst_percentage,6,numeric,numeric,YES,,NO,NEVER,,,N,
gst_configs,is_active,7,boolean,bool,YES,true,NO,NEVER,,,N,
gst_configs,created_at,8,timestamp with time zone,timestamptz,YES,now(),NO,NEVER,,,N,
gst_configs,updated_at,9,timestamp with time zone,timestamptz,YES,now(),NO,NEVER,,,N,
gst_configurations,id,1,uuid,uuid,NO,gen_random_uuid(),NO,NEVER,,,Y,
gst_configurations,hsn_code,2,text,text,YES,,NO,NEVER,,,N,
gst_configurations,category,3,text,text,YES,,NO,NEVER,,,N,
gst_configurations,gst_rate,4,numeric,numeric,NO,,NO,NEVER,,,N,
gst_configurations,cgst_rate,5,numeric,numeric,YES,,NO,NEVER,,,N,
gst_configurations,sgst_rate,6,numeric,numeric,YES,,NO,NEVER,,,N,
gst_configurations,igst_rate,7,numeric,numeric,YES,,NO,NEVER,,,N,
gst_configurations,applicable_states,8,jsonb,jsonb,YES,'[]'::jsonb,NO,NEVER,,,N,
gst_configurations,is_active,9,boolean,bool,YES,true,NO,NEVER,,,N,
gst_configurations,created_at,10,timestamp with time zone,timestamptz,YES,now(),NO,NEVER,,,N,
gst_configurations,updated_at,11,timestamp with time zone,timestamptz,YES,now(),NO,NEVER,,,N,
gst_rules,id,1,uuid,uuid,NO,gen_random_uuid(),NO,NEVER,,,Y,
gst_rules,rule_name,2,text,text,NO,,NO,NEVER,,,N,
gst_rules,enabled,3,boolean,bool,YES,true,NO,NEVER,,,N,
gst_rules,priority,4,integer,int4,YES,100,NO,NEVER,,,N,
gst_rules,role_id,5,uuid,uuid,YES,,NO,NEVER,,,N,
gst_rules,service_style,6,text,text,YES,,NO,NEVER,,,N,
gst_rules,category,7,text,text,YES,,NO,NEVER,,,N,
gst_rules,min_amount,8,numeric,numeric,YES,,NO,NEVER,,,N,
gst_rules,max_amount,9,numeric,numeric,YES,,NO,NEVER,,,N,
gst_rules,customer_state,10,text,text,YES,,NO,NEVER,,,N,
gst_rules,vendor_state,11,text,text,YES,,NO,NEVER,,,N,
gst_rules,gst_type,12,text,text,NO,'percentage'::text,NO,NEVER,,,N,
gst_rules,gst_rate,13,numeric,numeric,NO,,NO,NEVER,,,N,
gst_rules,cgst_percentage,14,numeric,numeric,YES,,NO,NEVER,,,N,
gst_rules,sgst_percentage,15,numeric,numeric,YES,,NO,NEVER,,,N,
gst_rules,igst_percentage,16,numeric,numeric,YES,,NO,NEVER,,,N,
gst_rules,description,17,text,text,YES,,NO,NEVER,,,N,
gst_rules,created_at,18,timestamp with time zone,timestamptz,YES,now(),NO,NEVER,,,N,
gst_rules,updated_at,19,timestamp with time zone,timestamptz,YES,now(),NO,NEVER,,,N,
gst_rules,tax_category_id,20,uuid,uuid,YES,,NO,NEVER,,,N,tax_categories.id
gst_rules,conditions_metadata,21,text,text,YES,,NO,NEVER,,,N,
health_checks,id,1,uuid,uuid,NO,gen_random_uuid(),NO,NEVER,,,Y,
health_checks,check_type,2,text,text,NO,,NO,NEVER,,,N,
health_checks,status,3,text,text,NO,,NO,NEVER,,,N,
health_checks,details,4,jsonb,jsonb,YES,,NO,NEVER,,,N,
health_checks,checked_at,5,timestamp with time zone,timestamptz,YES,now(),NO,NEVER,,,N,
holiday_bookings,id,1,uuid,uuid,NO,gen_random_uuid(),NO,NEVER,,,Y,
holiday_bookings,booking_id,2,text,text,NO,,NO,NEVER,,,N,
holiday_bookings,package_id,3,text,text,NO,,NO,NEVER,,,N,holiday_packages.package_id
holiday_bookings,customer_id,4,uuid,uuid,NO,,NO,NEVER,,,N,customers.id
holiday_bookings,vendor_id,5,uuid,uuid,NO,,NO,NEVER,,,N,vendors.id
holiday_bookings,selected_start_date,6,date,date,NO,,NO,NEVER,,,N,
holiday_bookings,selected_end_date,7,date,date,NO,,NO,NEVER,,,N,
holiday_bookings,travelers,8,jsonb,jsonb,NO,'{}'::jsonb,NO,NEVER,,,N,
holiday_bookings,pricing,9,jsonb,jsonb,NO,'{}'::jsonb,NO,NEVER,,,N,
holiday_bookings,status,10,text,text,NO,'pending'::text,NO,NEVER,,,N,
holiday_bookings,payment_status,11,text,text,NO,'pending'::text,NO,NEVER,,,N,
holiday_bookings,is_group_tour,12,boolean,bool,YES,false,NO,NEVER,,,N,
holiday_bookings,group_members,13,jsonb,jsonb,YES,'[]'::jsonb,NO,NEVER,,,N,
holiday_bookings,special_requests,14,text,text,YES,,NO,NEVER,,,N,
holiday_bookings,dietary_requirements,15,text,text,YES,,NO,NEVER,,,N,
holiday_bookings,cancellation_reason,16,text,text,YES,,NO,NEVER,,,N,
holiday_bookings,refund_amount,17,numeric,numeric,YES,,NO,NEVER,,,N,
holiday_bookings,payment_id,18,text,text,YES,,NO,NEVER,,,N,
holiday_bookings,payment_method,19,text,text,YES,,NO,NEVER,,,N,
holiday_bookings,created_at,20,timestamp with time zone,timestamptz,YES,now(),NO,NEVER,,,N,
holiday_bookings,updated_at,21,timestamp with time zone,timestamptz,YES,now(),NO,NEVER,,,N,
holiday_bookings,confirmed_at,22,timestamp with time zone,timestamptz,YES,,NO,NEVER,,,N,
holiday_bookings,cancelled_at,23,timestamp with time zone,timestamptz,YES,,NO,NEVER,,,N,
holiday_bookings,completed_at,24,timestamp with time zone,timestamptz,YES,,NO,NEVER,,,N,
holiday_packages,id,1,uuid,uuid,NO,gen_random_uuid(),NO,NEVER,,,Y,
holiday_packages,package_id,2,text,text,NO,,NO,NEVER,,,N,
holiday_packages,vendor_id,3,uuid,uuid,NO,,NO,NEVER,,,N,vendors.id
holiday_packages,package_name,4,text,text,NO,,NO,NEVER,,,N,
holiday_packages,description,5,text,text,YES,,NO,NEVER,,,N,
holiday_packages,destination,6,text,text,NO,,NO,NEVER,,,N,
holiday_packages,destination_image,7,text,text,YES,,NO,NEVER,,,N,
holiday_packages,package_type,8,text,text,NO,,NO,NEVER,,,N,
holiday_packages,duration_days,9,integer,int4,NO,,NO,NEVER,,,N,
holiday_packages,duration_nights,10,integer,int4,NO,,NO,NEVER,,,N,
holiday_packages,base_price,11,numeric,numeric,NO,,NO,NEVER,,,N,
holiday_packages,price_per_pet,12,numeric,numeric,NO,,NO,NEVER,,,N,
holiday_packages,price_per_adult,13,numeric,numeric,NO,,NO,NEVER,,,N,
holiday_packages,price_per_child,14,numeric,numeric,NO,,NO,NEVER,,,N,
holiday_packages,currency,15,text,text,YES,'INR'::text,NO,NEVER,,,N,
holiday_packages,inclusions,16,jsonb,jsonb,YES,'[]'::jsonb,NO,NEVER,,,N,
holiday_packages,exclusions,17,jsonb,jsonb,YES,'[]'::jsonb,NO,NEVER,,,N,
holiday_packages,is_group_tour,18,boolean,bool,YES,false,NO,NEVER,,,N,
holiday_packages,min_group_size,19,integer,int4,YES,,NO,NEVER,,,N,
holiday_packages,max_group_size,20,integer,int4,YES,,NO,NEVER,,,N,
holiday_packages,available_dates,21,jsonb,jsonb,YES,'[]'::jsonb,NO,NEVER,,,N,
holiday_packages,itinerary,22,jsonb,jsonb,YES,'[]'::jsonb,NO,NEVER,,,N,
holiday_packages,requirements,23,jsonb,jsonb,YES,'{}'::jsonb,NO,NEVER,,,N,
holiday_packages,cancellation_policy,24,text,text,YES,,NO,NEVER,,,N,
holiday_packages,refund_policy,25,text,text,YES,,NO,NEVER,,,N,
holiday_packages,rating,26,numeric,numeric,YES,0,NO,NEVER,,,N,
holiday_packages,current_bookings,27,integer,int4,YES,0,NO,NEVER,,,N,
holiday_packages,max_capacity,28,integer,int4,YES,,NO,NEVER,,,N,
holiday_packages,is_active,29,boolean,bool,YES,true,NO,NEVER,,,N,
holiday_packages,created_at,30,timestamp with time zone,timestamptz,YES,now(),NO,NEVER,,,N,
holiday_packages,updated_at,31,timestamp with time zone,timestamptz,YES,now(),NO,NEVER,,,N,
hsn_codes,id,1,uuid,uuid,NO,gen_random_uuid(),NO,NEVER,,,Y,
hsn_codes,hsn_code,2,text,text,NO,,NO,NEVER,,,N,
hsn_codes,description,3,text,text,YES,,NO,NEVER,,,N,
hsn_codes,gst_rate,4,numeric,numeric,YES,,NO,NEVER,,,N,
hsn_codes,is_active,5,boolean,bool,YES,true,NO,NEVER,,,N,
hsn_codes,created_at,6,timestamp with time zone,timestamptz,YES,now(),NO,NEVER,,,N,
hsn_codes,category_id,7,uuid,uuid,YES,,NO,NEVER,,,N,tax_categories.id
insurance_claims,id,1,uuid,uuid,NO,gen_random_uuid(),NO,NEVER,,,Y,
insurance_claims,booking_id,2,uuid,uuid,NO,,NO,NEVER,,,N,bookings.id
insurance_claims,customer_id,3,uuid,uuid,NO,,NO,NEVER,,,N,customers.id
insurance_claims,policy_id,4,uuid,uuid,YES,,NO,NEVER,,,N,
insurance_claims,claim_type,5,text,text,NO,,NO,NEVER,,,N,
insurance_claims,claim_amount,6,numeric,numeric,NO,,NO,NEVER,,,N,
insurance_claims,claim_status,7,text,text,NO,'claim_pending'::text,NO,NEVER,,,N,
insurance_claims,claim_description,8,text,text,NO,,NO,NEVER,,,N,
insurance_claims,supporting_documents,9,jsonb,jsonb,YES,,NO,NEVER,,,N,
insurance_claims,submitted_at,10,timestamp with time zone,timestamptz,YES,now(),NO,NEVER,,,N,
insurance_claims,reviewed_at,11,timestamp with time zone,timestamptz,YES,,NO,NEVER,,,N,
insurance_claims,reviewed_by,12,uuid,uuid,YES,,NO,NEVER,,,N,
insurance_claims,approved_amount,13,numeric,numeric,YES,,NO,NEVER,,,N,
insurance_claims,rejection_reason,14,text,text,YES,,NO,NEVER,,,N,
insurance_claims,processed_at,15,timestamp with time zone,timestamptz,YES,,NO,NEVER,,,N,
insurance_claims,created_at,16,timestamp with time zone,timestamptz,YES,now(),NO,NEVER,,,N,
insurance_claims,updated_at,17,timestamp with time zone,timestamptz,YES,now(),NO,NEVER,,,N,
invoices,id,1,uuid,uuid,NO,gen_random_uuid(),NO,NEVER,,,Y,
invoices,invoice_number,2,text,text,NO,,NO,NEVER,,,N,
invoices,order_id,3,uuid,uuid,YES,,NO,NEVER,,,N,orders.id
invoices,customer_id,4,uuid,uuid,NO,,NO,NEVER,,,N,customers.id
invoices,vendor_id,5,uuid,uuid,YES,,NO,NEVER,,,N,vendors.id
invoices,invoice_date,6,date,date,NO,,NO,NEVER,,,N,
invoices,due_date,7,date,date,YES,,NO,NEVER,,,N,
invoices,subtotal,8,numeric,numeric,NO,,NO,NEVER,,,N,
invoices,tax_amount,9,numeric,numeric,NO,,NO,NEVER,,,N,
invoices,cgst_amount,10,numeric,numeric,YES,,NO,NEVER,,,N,
invoices,sgst_amount,11,numeric,numeric,YES,,NO,NEVER,,,N,
invoices,igst_amount,12,numeric,numeric,YES,,NO,NEVER,,,N,
invoices,total_amount,13,numeric,numeric,NO,,NO,NEVER,,,N,
invoices,hsn_codes,14,jsonb,jsonb,YES,'[]'::jsonb,NO,NEVER,,,N,
invoices,tax_breakdown,15,jsonb,jsonb,YES,'{}'::jsonb,NO,NEVER,,,N,
invoices,invoice_data,16,jsonb,jsonb,NO,,NO,NEVER,,,N,
invoices,pdf_url,17,text,text,YES,,NO,NEVER,,,N,
invoices,pdf_generated_at,18,timestamp with time zone,timestamptz,YES,,NO,NEVER,,,N,
invoices,status,19,text,text,YES,'generated'::text,NO,NEVER,,,N,
invoices,created_at,20,timestamp with time zone,timestamptz,YES,now(),NO,NEVER,,,N,
invoices,updated_at,21,timestamp with time zone,timestamptz,YES,now(),NO,NEVER,,,N,
invoices,invoice_type,22,text,text,YES,'tax_invoice'::text,NO,NEVER,,,N,
invoices,shipping_amount,23,numeric,numeric,YES,0,NO,NEVER,,,N,
invoices,discount_amount,24,numeric,numeric,YES,0,NO,NEVER,,,N,
invoices,is_inter_state,25,boolean,bool,YES,false,NO,NEVER,,,N,
invoices,customer_gstin,26,text,text,YES,,NO,NEVER,,,N,
invoices,place_of_supply,27,text,text,YES,,NO,NEVER,,,N,
invoices,gst_filed,28,boolean,bool,YES,false,NO,NEVER,,,N,
invoices,gst_filed_at,29,timestamp with time zone,timestamptz,YES,,NO,NEVER,,,N,
item_stats,id,1,uuid,uuid,NO,gen_random_uuid(),NO,NEVER,,,Y,
item_stats,item_id,2,uuid,uuid,NO,,NO,NEVER,,,N,
item_stats,item_type,3,text,text,NO,,NO,NEVER,,,N,
item_stats,stat_date,4,date,date,NO,,NO,NEVER,,,N,
item_stats,views,5,integer,int4,YES,0,NO,NEVER,,,N,
item_stats,sales,6,integer,int4,YES,0,NO,NEVER,,,N,
item_stats,revenue,7,numeric,numeric,YES,0,NO,NEVER,,,N,
item_stats,created_at,8,timestamp with time zone,timestamptz,YES,now(),NO,NEVER,,,N,
logistics_partners,id,1,uuid,uuid,NO,gen_random_uuid(),NO,NEVER,,,Y,
logistics_partners,partner_id,2,text,text,NO,,NO,NEVER,,,N,
logistics_partners,partner_name,3,text,text,NO,,NO,NEVER,,,N,
logistics_partners,partner_type,4,text,text,NO,,NO,NEVER,,,N,
logistics_partners,email,5,text,text,YES,,NO,NEVER,,,N,
logistics_partners,password,6,text,text,YES,,NO,NEVER,,,N,
logistics_partners,api_key,7,text,text,YES,,NO,NEVER,,,N,
logistics_partners,api_secret,8,text,text,YES,,NO,NEVER,,,N,
logistics_partners,enabled,9,boolean,bool,YES,true,NO,NEVER,,,N,
logistics_partners,config,10,jsonb,jsonb,YES,'{}'::jsonb,NO,NEVER,,,N,
logistics_partners,created_at,11,timestamp with time zone,timestamptz,YES,now(),NO,NEVER,,,N,
logistics_partners,updated_at,12,timestamp with time zone,timestamptz,YES,now(),NO,NEVER,,,N,
logistics_partners,webhook_secret,13,text,text,YES,,NO,NEVER,,,N,
logistics_partners,base_url,14,text,text,YES,,NO,NEVER,,,N,
logistics_partners,service_areas,15,jsonb,jsonb,YES,'[]'::jsonb,NO,NEVER,,,N,
logistics_partners,priority,16,integer,int4,YES,100,NO,NEVER,,,N,
logistics_partners,supported_order_types,17,ARRAY,_text,YES,ARRAY['ecommerce'::text],NO,NEVER,,,N,
logistics_partners,max_distance_km,18,numeric,numeric,YES,,NO,NEVER,,,N,
logistics_partners,credentials_source,19,text,text,YES,'secrets_manager'::text,NO,NEVER,,,N,
logistics_partners,last_health_check,20,timestamp with time zone,timestamptz,YES,,NO,NEVER,,,N,
logistics_partners,is_healthy,21,boolean,bool,YES,true,NO,NEVER,,,N,
logistics_rules,id,1,uuid,uuid,NO,gen_random_uuid(),NO,NEVER,,,Y,
logistics_rules,rule_name,2,text,text,NO,,NO,NEVER,,,N,
logistics_rules,rule_type,3,text,text,NO,,NO,NEVER,,,N,
logistics_rules,rule_config,4,jsonb,jsonb,NO,,NO,NEVER,,,N,
logistics_rules,is_active,5,boolean,bool,YES,true,NO,NEVER,,,N,
logistics_rules,created_at,6,timestamp with time zone,timestamptz,YES,now(),NO,NEVER,,,N,
logistics_rules,updated_at,7,timestamp with time zone,timestamptz,YES,now(),NO,NEVER,,,N,
logistics_rules,min_distance_km,8,numeric,numeric,YES,0,NO,NEVER,,,N,
logistics_rules,max_distance_km,9,numeric,numeric,YES,,NO,NEVER,,,N,
logistics_rules,base_fee,10,numeric,numeric,YES,0,NO,NEVER,,,N,
logistics_rules,per_km_rate,11,numeric,numeric,YES,0,NO,NEVER,,,N,
logistics_rules,applies_to,12,ARRAY,_varchar,YES,"ARRAY['pharmacy'::text, 'meal_delivery'::text]",NO,NEVER,,,N,
logistics_rules,city,13,character varying,varchar,YES,,NO,NEVER,,,N,
loyalty_action_rules,id,1,uuid,uuid,NO,gen_random_uuid(),NO,NEVER,0,-1,Y,
loyalty_action_rules,action_name,2,text,text,NO,,NO,NEVER,0,-1,N,
loyalty_action_rules,action_category,3,text,text,NO,,NO,NEVER,0,2,N,
loyalty_action_rules,user_type,4,text,text,NO,,NO,NEVER,0,-0.1071428582072258,N,
loyalty_action_rules,points_type,5,text,text,NO,,NO,NEVER,0,2,N,
loyalty_action_rules,points_value,6,numeric,numeric,NO,,NO,NEVER,0,-0.3928571343421936,N,
loyalty_action_rules,base_amount,7,numeric,numeric,YES,,NO,NEVER,0.6428571343421936,2,N,
loyalty_action_rules,min_amount,8,numeric,numeric,YES,,NO,NEVER,1,0,N,
loyalty_action_rules,max_points_per_transaction,9,integer,int4,YES,,NO,NEVER,1,0,N,
loyalty_action_rules,frequency_type,10,text,text,YES,,NO,NEVER,0,-0.1785714328289032,N,
loyalty_action_rules,frequency_limit,11,integer,int4,YES,,NO,NEVER,0.9642857313156128,-0.03571426868438721,N,
loyalty_action_rules,frequency_period,12,text,text,YES,,NO,NEVER,0.9642857313156128,-0.03571426868438721,N,
loyalty_action_rules,conditions,13,jsonb,jsonb,YES,'{}'::jsonb,NO,NEVER,0,-0.25,N,
loyalty_action_rules,multiplier_conditions,14,jsonb,jsonb,YES,'{}'::jsonb,NO,NEVER,0,1,N,
loyalty_action_rules,is_active,15,boolean,bool,YES,true,NO,NEVER,0,1,N,
loyalty_action_rules,priority,16,integer,int4,YES,100,NO,NEVER,0,-0.3571428656578064,N,
loyalty_action_rules,description,17,text,text,YES,,NO,NEVER,0.25,-0.7142857313156128,N,
loyalty_action_rules,notes,18,text,text,YES,,NO,NEVER,0.3571428656578064,-0.6428571343421936,N,
loyalty_action_rules,created_at,19,timestamp with time zone,timestamptz,YES,now(),NO,NEVER,0,-0.5357142686843872,N,
loyalty_action_rules,updated_at,20,timestamp with time zone,timestamptz,YES,now(),NO,NEVER,0,-0.8571428656578064,N,
loyalty_rules,id,1,uuid,uuid,NO,gen_random_uuid(),NO,NEVER,,,Y,
loyalty_rules,rule_name,2,text,text,NO,,NO,NEVER,,,N,
loyalty_rules,points_per_rupee,3,numeric,numeric,NO,,NO,NEVER,,,N,
loyalty_rules,redemption_rate,4,numeric,numeric,NO,,NO,NEVER,,,N,
loyalty_rules,min_redemption_points,5,integer,int4,YES,100,NO,NEVER,,,N,
loyalty_rules,is_active,6,boolean,bool,YES,true,NO,NEVER,,,N,
loyalty_rules,created_at,7,timestamp with time zone,timestamptz,YES,now(),NO,NEVER,,,N,
loyalty_rules,updated_at,8,timestamp with time zone,timestamptz,YES,now(),NO,NEVER,,,N,
loyalty_rules,name,9,text,text,NO,,NO,NEVER,,,N,
loyalty_rules,description,10,text,text,YES,,NO,NEVER,,,N,
loyalty_rules,min_points_to_redeem,11,integer,int4,YES,,NO,NEVER,,,N,
loyalty_rules,max_redemption_per_transaction,12,integer,int4,YES,,NO,NEVER,,,N,
loyalty_rules,expiry_days,13,integer,int4,YES,,NO,NEVER,,,N,
loyalty_rules,auto_convert_to_wallet,14,boolean,bool,YES,true,NO,NEVER,,,N,
loyalty_rules,conversion_rate,15,numeric,numeric,YES,1.0,NO,NEVER,,,N,
loyalty_segments,id,1,uuid,uuid,NO,gen_random_uuid(),NO,NEVER,,,Y,
loyalty_segments,segment_name,2,text,text,NO,,NO,NEVER,,,N,
loyalty_segments,segment_type,3,text,text,NO,,NO,NEVER,,,N,
loyalty_segments,description,4,text,text,YES,,NO,NEVER,,,N,
loyalty_segments,criteria,5,jsonb,jsonb,NO,'{}'::jsonb,NO,NEVER,,,N,
loyalty_segments,match_type,6,text,text,NO,'all'::text,NO,NEVER,,,N,
loyalty_segments,is_active,7,boolean,bool,YES,true,NO,NEVER,,,N,
loyalty_segments,priority,8,integer,int4,YES,100,NO,NEVER,,,N,
loyalty_segments,created_at,9,timestamp with time zone,timestamptz,YES,now(),NO,NEVER,,,N,
loyalty_segments,updated_at,10,timestamp with time zone,timestamptz,YES,now(),NO,NEVER,,,N,
loyalty_transactions,id,1,uuid,uuid,NO,gen_random_uuid(),NO,NEVER,0,-1,Y,
loyalty_transactions,customer_id,2,uuid,uuid,YES,,NO,NEVER,0.3333333432674408,-0.3123123049736023,N,customers.id
loyalty_transactions,transaction_type,3,text,text,NO,,NO,NEVER,0,2,N,
loyalty_transactions,points,4,integer,int4,NO,,NO,NEVER,0,24,N,
loyalty_transactions,reference_type,5,text,text,YES,,NO,NEVER,0.021021021530032158,13,N,
loyalty_transactions,reference_id,6,uuid,uuid,YES,,NO,NEVER,0.684684693813324,-0.31381380558013916,N,
loyalty_transactions,description,7,text,text,YES,,NO,NEVER,0,25,N,
loyalty_transactions,expires_at,8,timestamp with time zone,timestamptz,YES,,NO,NEVER,1,0,N,
loyalty_transactions,created_at,9,timestamp with time zone,timestamptz,YES,now(),NO,NEVER,0,-1,N,
loyalty_transactions,vendor_id,10,uuid,uuid,YES,,NO,NEVER,0.6696696877479553,-0.19519519805908203,N,vendors.id
mating_appointments,id,1,uuid,uuid,NO,gen_random_uuid(),NO,NEVER,,,Y,
mating_appointments,appointment_id,2,text,text,NO,,NO,NEVER,,,N,
mating_appointments,match_id,3,uuid,uuid,YES,,NO,NEVER,,,N,dating_matches.id
mating_appointments,requested_by,4,uuid,uuid,NO,,NO,NEVER,,,N,customers.id
mating_appointments,customer1_id,5,uuid,uuid,NO,,NO,NEVER,,,N,customers.id
mating_appointments,customer2_id,6,uuid,uuid,NO,,NO,NEVER,,,N,customers.id
mating_appointments,pet1_id,7,uuid,uuid,YES,,NO,NEVER,,,N,pets.id
mating_appointments,pet2_id,8,uuid,uuid,YES,,NO,NEVER,,,N,pets.id
mating_appointments,vet_vendor_id,9,uuid,uuid,NO,,NO,NEVER,,,N,vendors.id
mating_appointments,booking_id,10,uuid,uuid,YES,,NO,NEVER,,,N,bookings.id
mating_appointments,scheduled_date,11,date,date,NO,,NO,NEVER,,,N,
mating_appointments,scheduled_time,12,time without time zone,time,NO,,NO,NEVER,,,N,
mating_appointments,notes,13,text,text,YES,,NO,NEVER,,,N,
mating_appointments,status,14,text,text,YES,'pending'::text,NO,NEVER,,,N,
mating_appointments,feedback1,15,jsonb,jsonb,YES,,NO,NEVER,,,N,
mating_appointments,feedback2,16,jsonb,jsonb,YES,,NO,NEVER,,,N,
mating_appointments,created_at,17,timestamp with time zone,timestamptz,YES,now(),NO,NEVER,,,N,
mating_appointments,updated_at,18,timestamp with time zone,timestamptz,YES,now(),NO,NEVER,,,N,
mating_requests,id,1,uuid,uuid,NO,gen_random_uuid(),NO,NEVER,,,Y,
mating_requests,from_pet_id,2,uuid,uuid,NO,,NO,NEVER,,,N,
mating_requests,to_pet_id,3,uuid,uuid,NO,,NO,NEVER,,,N,
mating_requests,from_customer_id,4,uuid,uuid,YES,,NO,NEVER,,,N,
mating_requests,to_customer_id,5,uuid,uuid,YES,,NO,NEVER,,,N,
mating_requests,message,6,text,text,YES,,NO,NEVER,,,N,
mating_requests,status,7,character varying,varchar,YES,'pending'::character varying,NO,NEVER,,,N,
mating_requests,accepted_at,8,timestamp without time zone,timestamp,YES,,NO,NEVER,,,N,
mating_requests,declined_at,9,timestamp without time zone,timestamp,YES,,NO,NEVER,,,N,
mating_requests,created_at,10,timestamp without time zone,timestamp,YES,now(),NO,NEVER,,,N,
mating_requests,updated_at,11,timestamp without time zone,timestamp,YES,now(),NO,NEVER,,,N,
meal_orders,id,1,uuid,uuid,NO,gen_random_uuid(),NO,NEVER,0,-1,Y,
meal_orders,order_number,2,character varying,varchar,NO,,NO,NEVER,0,-1,N,
meal_orders,customer_id,3,uuid,uuid,NO,,NO,NEVER,0,-0.125,N,customers.id
meal_orders,vendor_id,4,uuid,uuid,NO,,NO,NEVER,0,1,N,vendors.id
meal_orders,meal_plan_id,5,uuid,uuid,NO,,NO,NEVER,0,-0.1666666716337204,N,meal_plans.id
meal_orders,subscription_id,6,uuid,uuid,YES,,NO,NEVER,1,0,N,meal_subscriptions.id
meal_orders,pet_id,7,uuid,uuid,YES,,NO,NEVER,0,-0.25,N,pets.id
meal_orders,order_type,8,character varying,varchar,YES,'adhoc'::character varying,NO,NEVER,0,1,N,
meal_orders,quantity,9,integer,int4,YES,1,NO,NEVER,0,1,N,
meal_orders,special_instructions,10,text,text,YES,,NO,NEVER,0.9583333134651184,-0.04166668653488159,N,
meal_orders,subtotal,11,numeric,numeric,NO,,NO,NEVER,0,-0.2083333283662796,N,
meal_orders,delivery_fee,12,numeric,numeric,YES,0,NO,NEVER,0,-0.125,N,
meal_orders,platform_fee,13,numeric,numeric,YES,0,NO,NEVER,0,-0.2916666567325592,N,
meal_orders,total_amount,14,numeric,numeric,NO,,NO,NEVER,0,-0.375,N,
meal_orders,delivery_address,15,jsonb,jsonb,NO,,NO,NEVER,0,-0.2916666567325592,N,
meal_orders,customer_lat,16,numeric,numeric,YES,,NO,NEVER,0,-0.25,N,
meal_orders,customer_lng,17,numeric,numeric,YES,,NO,NEVER,0,-0.25,N,
meal_orders,scheduled_delivery_date,18,date,date,NO,,NO,NEVER,0,-0.4166666567325592,N,
meal_orders,scheduled_delivery_slot,19,jsonb,jsonb,YES,,NO,NEVER,0,-0.9583333134651184,N,
meal_orders,payment_status,20,character varying,varchar,YES,'pending'::character varying,NO,NEVER,0,-0.1666666716337204,N,
meal_orders,razorpay_order_id,21,character varying,varchar,YES,,NO,NEVER,0.4166666567325592,-0.5833333730697632,N,
meal_orders,razorpay_payment_id,22,character varying,varchar,YES,,NO,NEVER,0.25,-0.3333333432674408,N,
meal_orders,logistics_type,23,character varying,varchar,YES,'warmpawz'::character varying,NO,NEVER,0,2,N,
meal_orders,logistics_partner_id,24,uuid,uuid,YES,,NO,NEVER,1,0,N,vendors.id
meal_orders,logistics_cost,25,numeric,numeric,YES,0,NO,NEVER,0,-0.125,N,
meal_orders,status,26,character varying,varchar,YES,'pending'::character varying,NO,NEVER,0,-0.125,N,
meal_orders,confirmed_at,27,timestamp with time zone,timestamptz,YES,,NO,NEVER,0.2083333283662796,-0.7916666865348816,N,
meal_orders,prep_started_at,28,timestamp with time zone,timestamptz,YES,,NO,NEVER,0.5416666865348816,-0.4583333134651184,N,
meal_orders,ready_at,29,timestamp with time zone,timestamptz,YES,,NO,NEVER,0.7083333134651184,-0.2916666865348816,N,
meal_orders,picked_up_at,30,timestamp with time zone,timestamptz,YES,,NO,NEVER,1,0,N,
meal_orders,delivered_at,31,timestamp with time zone,timestamptz,YES,,NO,NEVER,0.875,-0.125,N,
meal_orders,cancelled_at,32,timestamp with time zone,timestamptz,YES,,NO,NEVER,0.2083333283662796,-0.7083333134651184,N,
meal_orders,cancellation_reason,33,text,text,YES,,NO,NEVER,0.5833333134651184,-0.1666666716337204,N,
meal_orders,estimated_delivery_time,34,timestamp with time zone,timestamptz,YES,,NO,NEVER,1,0,N,
meal_orders,actual_delivery_time,35,timestamp with time zone,timestamptz,YES,,NO,NEVER,1,0,N,
meal_orders,settlement_status,36,character varying,varchar,YES,'pending'::character varying,NO,NEVER,0,1,N,
meal_orders,vendor_payout,37,numeric,numeric,YES,,NO,NEVER,1,0,N,
meal_orders,commission_amount,38,numeric,numeric,YES,,NO,NEVER,1,0,N,
meal_orders,logistics_deduction,39,numeric,numeric,YES,,NO,NEVER,1,0,N,
meal_orders,rating,40,integer,int4,YES,,NO,NEVER,1,0,N,
meal_orders,review,41,text,text,YES,,NO,NEVER,1,0,N,
meal_orders,rated_at,42,timestamp with time zone,timestamptz,YES,,NO,NEVER,1,0,N,
meal_orders,created_at,43,timestamp with time zone,timestamptz,YES,now(),NO,NEVER,0,-1,N,
meal_orders,updated_at,44,timestamp with time zone,timestamptz,YES,now(),NO,NEVER,0,-0.9166666865348816,N,
meal_orders,purchase_type,45,text,text,YES,,NO,NEVER,0,1,N,
meal_orders,purchase_snapshot,46,jsonb,jsonb,YES,,NO,NEVER,0,-0.625,N,
meal_orders,prep_minutes,47,integer,int4,YES,,NO,NEVER,0,-0.125,N,
meal_orders,expected_ready_at,48,timestamp with time zone,timestamptz,YES,,NO,NEVER,0.5416666865348816,-0.4583333134651184,N,
meal_orders,pidge_order_id,49,character varying,varchar,YES,,NO,NEVER,0.6666666865348816,-0.3333333134651184,N,
meal_orders,pre_pause_order_status,50,character varying,varchar,YES,,NO,NEVER,1,0,N,
meal_orders,payment_hold_expires_at,51,timestamp with time zone,timestamptz,YES,,NO,NEVER,0.375,-0.625,N,
meal_orders,payment_checkout_started_at,52,timestamp with time zone,timestamptz,YES,,NO,NEVER,0.375,-0.625,N,
meal_orders,cancelled_by,53,character varying,varchar,YES,,NO,NEVER,0.8333333134651184,1,N,
meal_plans,id,1,uuid,uuid,NO,gen_random_uuid(),NO,NEVER,,,Y,
meal_plans,vendor_id,2,uuid,uuid,NO,,NO,NEVER,,,N,vendors.id
meal_plans,plan_name,3,text,text,NO,,NO,NEVER,,,N,
meal_plans,description,4,text,text,YES,,NO,NEVER,,,N,
meal_plans,meals,5,jsonb,jsonb,YES,'[]'::jsonb,NO,NEVER,,,N,
meal_plans,nutritional_goals,6,jsonb,jsonb,YES,'{}'::jsonb,NO,NEVER,,,N,
meal_plans,is_active,7,boolean,bool,YES,true,NO,NEVER,,,N,
meal_plans,created_at,8,timestamp with time zone,timestamptz,YES,now(),NO,NEVER,,,N,
meal_plans,updated_at,9,timestamp with time zone,timestamptz,YES,now(),NO,NEVER,,,N,
meal_plans,tax_category_id,10,uuid,uuid,YES,,NO,NEVER,,,N,tax_categories.id
meal_plans,service_catalog_category_id,11,uuid,uuid,YES,,NO,NEVER,,,N,service_categories.id
meal_plans,name,12,character varying,varchar,YES,,NO,NEVER,,,N,
meal_plans,short_description,13,character varying,varchar,YES,,NO,NEVER,,,N,
meal_plans,photos,14,jsonb,jsonb,YES,'[]'::jsonb,NO,NEVER,,,N,
meal_plans,thumbnail_url,15,text,text,YES,,NO,NEVER,,,N,
meal_plans,meal_type,16,character varying,varchar,YES,'fresh_daily'::character varying,NO,NEVER,,,N,
meal_plans,diet_type,17,ARRAY,_varchar,YES,'{}'::character varying[],NO,NEVER,,,N,
meal_plans,suitable_for,18,jsonb,jsonb,YES,'{}'::jsonb,NO,NEVER,,,N,
meal_plans,ingredients,19,jsonb,jsonb,YES,'[]'::jsonb,NO,NEVER,,,N,
meal_plans,nutrition_info,20,jsonb,jsonb,YES,'{}'::jsonb,NO,NEVER,,,N,
meal_plans,allergens,21,ARRAY,_varchar,YES,'{}'::character varying[],NO,NEVER,,,N,
meal_plans,price_per_meal,22,numeric,numeric,YES,,NO,NEVER,,,N,
meal_plans,price_per_week,23,numeric,numeric,YES,,NO,NEVER,,,N,
meal_plans,price_per_month,24,numeric,numeric,YES,,NO,NEVER,,,N,
meal_plans,prep_time_minutes,25,integer,int4,YES,60,NO,NEVER,,,N,
meal_plans,shelf_life_days,26,integer,int4,YES,1,NO,NEVER,,,N,
meal_plans,storage_instructions,27,text,text,YES,,NO,NEVER,,,N,
meal_plans,serving_instructions,28,text,text,YES,,NO,NEVER,,,N,
meal_plans,available_days,29,ARRAY,_varchar,YES,"ARRAY['mon'::text, 'tue'::text, 'wed'::text, 'thu'::text, 'fri'::text, 'sat'::text, 'sun'::text]",NO,NEVER,,,N,
meal_plans,order_cutoff_time,30,time without time zone,time,YES,'18:00:00'::time without time zone,NO,NEVER,,,N,
meal_plans,delivery_slots,31,jsonb,jsonb,YES,'[]'::jsonb,NO,NEVER,,,N,
meal_plans,lead_time_hours,32,integer,int4,YES,24,NO,NEVER,,,N,
meal_plans,is_featured,33,boolean,bool,YES,false,NO,NEVER,,,N,
meal_plans,total_orders,34,integer,int4,YES,0,NO,NEVER,,,N,
meal_plans,avg_rating,35,numeric,numeric,YES,0,NO,NEVER,,,N,
meal_plans,total_reviews,36,integer,int4,YES,0,NO,NEVER,,,N,
meal_plans,dietary_requirements,37,jsonb,jsonb,YES,'{}'::jsonb,NO,NEVER,,,N,
meal_plans,duration_days,38,integer,int4,YES,,NO,NEVER,,,N,
meal_plans,meals_per_day,39,integer,int4,YES,,NO,NEVER,,,N,
meal_plans,purchase_type,40,text,text,YES,,NO,NEVER,,,N,
meal_plans,subscription_config,41,jsonb,jsonb,YES,,NO,NEVER,,,N,
meal_plans,pack_weight_grams,42,integer,int4,YES,,NO,NEVER,,,N,
meal_plans,meals_per_delivery,43,integer,int4,YES,,NO,NEVER,,,N,
meal_plans,delivery_days,44,ARRAY,_text,YES,,NO,NEVER,,,N,
meal_plans,delivery_frequency,45,text,text,YES,,NO,NEVER,,,N,
meal_plans,subscription_price,46,numeric,numeric,YES,,NO,NEVER,,,N,
meal_plans,recommended_plan_weeks,47,integer,int4,YES,,NO,NEVER,,,N,
meal_plans,preparation_type,48,text,text,YES,,NO,NEVER,,,N,
meal_plans,pet_types,49,ARRAY,_text,YES,,NO,NEVER,,,N,
meal_plans,meal_categories,50,ARRAY,_text,YES,,NO,NEVER,,,N,
meal_plans,medical_condition_tags,51,ARRAY,_text,YES,,NO,NEVER,,,N,
meal_plans,meal_image_url,52,text,text,YES,,NO,NEVER,,,N,
meal_refund_cases,id,1,uuid,uuid,NO,gen_random_uuid(),NO,NEVER,,,Y,
meal_refund_cases,meal_order_id,2,uuid,uuid,NO,,NO,NEVER,,,N,meal_orders.id
meal_refund_cases,pidge_order_id,3,text,text,YES,,NO,NEVER,,,N,
meal_refund_cases,status,4,text,text,NO,'pending_review'::text,NO,NEVER,,,N,
meal_refund_cases,cancellation_source,5,text,text,YES,,NO,NEVER,,,N,
meal_refund_cases,cancellation_reason,6,text,text,YES,,NO,NEVER,,,N,
meal_refund_cases,recommended_refund_amount,7,numeric,numeric,YES,,NO,NEVER,,,N,
meal_refund_cases,recommendation_reason,8,text,text,YES,,NO,NEVER,,,N,
meal_refund_cases,review_notes,9,text,text,YES,,NO,NEVER,,,N,
meal_refund_cases,reviewed_by,10,text,text,YES,,NO,NEVER,,,N,
meal_refund_cases,reviewed_at,11,timestamp with time zone,timestamptz,YES,,NO,NEVER,,,N,
meal_refund_cases,pidge_webhook_event_id,12,uuid,uuid,YES,,NO,NEVER,,,N,pidge_hyperlocal_webhook_events.id
meal_refund_cases,notification_dedupe_key,13,text,text,YES,,NO,NEVER,,,N,
meal_refund_cases,created_at,14,timestamp with time zone,timestamptz,NO,now(),NO,NEVER,,,N,
meal_refund_cases,updated_at,15,timestamp with time zone,timestamptz,NO,now(),NO,NEVER,,,N,
meal_refund_cases,refunds_row_id,16,uuid,uuid,YES,,NO,NEVER,,,N,refunds.id
meal_refund_cases,razorpay_refund_id,17,text,text,YES,,NO,NEVER,,,N,
meal_refund_cases,refund_amount_executed,18,numeric,numeric,YES,,NO,NEVER,,,N,
meal_refund_cases,refund_requested_at,19,timestamp with time zone,timestamptz,YES,,NO,NEVER,,,N,
meal_refund_cases,refund_completed_at,20,timestamp with time zone,timestamptz,YES,,NO,NEVER,,,N,
meal_refund_cases,refund_failure_reason,21,text,text,YES,,NO,NEVER,,,N,
meal_refund_cases,payout_method,22,text,text,YES,,NO,NEVER,,,N,
meal_rider_reassign_requests,id,1,uuid,uuid,NO,gen_random_uuid(),NO,NEVER,,,Y,
meal_rider_reassign_requests,meal_order_id,2,uuid,uuid,NO,,NO,NEVER,,,N,meal_orders.id
meal_rider_reassign_requests,delivery_tracking_id,3,uuid,uuid,YES,,NO,NEVER,,,N,delivery_tracking.id
meal_rider_reassign_requests,pidge_order_id,4,character varying,varchar,YES,,NO,NEVER,,,N,
meal_rider_reassign_requests,requested_by_admin_id,5,text,text,YES,,NO,NEVER,,,N,
meal_rider_reassign_requests,support_ticket_id,6,uuid,uuid,YES,,NO,NEVER,,,N,
meal_rider_reassign_requests,status,7,character varying,varchar,NO,'pending'::character varying,NO,NEVER,,,N,
meal_rider_reassign_requests,failure_reason,8,text,text,YES,,NO,NEVER,,,N,
meal_rider_reassign_requests,previous_rider_name,9,character varying,varchar,YES,,NO,NEVER,,,N,
meal_rider_reassign_requests,previous_rider_phone,10,character varying,varchar,YES,,NO,NEVER,,,N,
meal_rider_reassign_requests,created_at,11,timestamp with time zone,timestamptz,NO,now(),NO,NEVER,,,N,
meal_rider_reassign_requests,completed_at,12,timestamp with time zone,timestamptz,YES,,NO,NEVER,,,N,
meal_subscription_deliveries,id,1,uuid,uuid,NO,gen_random_uuid(),NO,NEVER,,,Y,
meal_subscription_deliveries,subscription_id,2,uuid,uuid,NO,,NO,NEVER,,,N,meal_subscriptions.id
meal_subscription_deliveries,delivery_date,3,date,date,NO,,NO,NEVER,,,N,
meal_subscription_deliveries,scheduled_time,4,time without time zone,time,YES,,NO,NEVER,,,N,
meal_subscription_deliveries,status,5,character varying,varchar,NO,'scheduled'::character varying,NO,NEVER,,,N,
meal_subscription_deliveries,logistics_partner_id,6,uuid,uuid,YES,,NO,NEVER,,,N,
meal_subscription_deliveries,delivery_otp,7,character varying,varchar,YES,,NO,NEVER,,,N,
meal_subscription_deliveries,prepared_at,8,timestamp with time zone,timestamptz,YES,,NO,NEVER,,,N,
meal_subscription_deliveries,dispatched_at,9,timestamp with time zone,timestamptz,YES,,NO,NEVER,,,N,
meal_subscription_deliveries,delivered_at,10,timestamp with time zone,timestamptz,YES,,NO,NEVER,,,N,
meal_subscription_deliveries,tracking_url,11,text,text,YES,,NO,NEVER,,,N,
meal_subscription_deliveries,delivery_notes,12,text,text,YES,,NO,NEVER,,,N,
meal_subscription_deliveries,created_at,13,timestamp with time zone,timestamptz,YES,now(),NO,NEVER,,,N,
meal_subscription_deliveries,session_number,14,integer,int4,NO,,NO,NEVER,,,N,
meal_subscription_deliveries,delivery_time_slot,15,jsonb,jsonb,NO,'{}'::jsonb,NO,NEVER,,,N,
meal_subscription_deliveries,assigned_driver_id,16,uuid,uuid,YES,,NO,NEVER,,,N,
meal_subscription_deliveries,tracking_id,17,uuid,uuid,YES,,NO,NEVER,,,N,delivery_tracking.id
meal_subscription_deliveries,proof_of_delivery,18,jsonb,jsonb,YES,,NO,NEVER,,,N,
meal_subscription_deliveries,customer_notes,19,text,text,YES,,NO,NEVER,,,N,
meal_subscription_deliveries,vendor_notes,20,text,text,YES,,NO,NEVER,,,N,
meal_subscription_deliveries,skipped_reason,21,text,text,YES,,NO,NEVER,,,N,
meal_subscription_deliveries,rescheduled_from,22,uuid,uuid,YES,,NO,NEVER,,,N,
meal_subscription_payments,id,1,uuid,uuid,NO,gen_random_uuid(),NO,NEVER,,,Y,
meal_subscription_payments,subscription_id,2,uuid,uuid,NO,,NO,NEVER,,,N,meal_subscriptions.id
meal_subscription_payments,amount,3,numeric,numeric,NO,,NO,NEVER,,,N,
meal_subscription_payments,currency,4,character varying,varchar,NO,'INR'::character varying,NO,NEVER,,,N,
meal_subscription_payments,status,5,character varying,varchar,NO,'pending'::character varying,NO,NEVER,,,N,
meal_subscription_payments,provider,6,character varying,varchar,NO,'razorpay'::character varying,NO,NEVER,,,N,
meal_subscription_payments,provider_payment_id,7,character varying,varchar,YES,,NO,NEVER,,,N,
meal_subscription_payments,provider_order_id,8,character varying,varchar,YES,,NO,NEVER,,,N,
meal_subscription_payments,purpose,9,character varying,varchar,NO,'initial'::character varying,NO,NEVER,,,N,
meal_subscription_payments,metadata,10,jsonb,jsonb,YES,'{}'::jsonb,NO,NEVER,,,N,
meal_subscription_payments,created_at,11,timestamp with time zone,timestamptz,NO,now(),NO,NEVER,,,N,
meal_subscription_payments,updated_at,12,timestamp with time zone,timestamptz,NO,now(),NO,NEVER,,,N,
meal_subscriptions,id,1,uuid,uuid,NO,gen_random_uuid(),NO,NEVER,,,Y,
meal_subscriptions,customer_id,2,uuid,uuid,NO,,NO,NEVER,,,N,
meal_subscriptions,vendor_id,3,uuid,uuid,NO,,NO,NEVER,,,N,vendors.id
meal_subscriptions,pet_id,4,uuid,uuid,NO,,NO,NEVER,,,N,pets.id
meal_subscriptions,subscription_type,5,character varying,varchar,NO,,NO,NEVER,,,N,
meal_subscriptions,meal_plan_id,6,uuid,uuid,YES,,NO,NEVER,,,N,
meal_subscriptions,meal_type,7,character varying,varchar,YES,,NO,NEVER,,,N,
meal_subscriptions,purpose,8,character varying,varchar,YES,,NO,NEVER,,,N,
meal_subscriptions,meals_per_day,9,integer,int4,YES,1,NO,NEVER,,,N,
meal_subscriptions,quantity_per_meal,10,numeric,numeric,YES,,NO,NEVER,,,N,
meal_subscriptions,price_per_delivery,11,numeric,numeric,NO,,NO,NEVER,,,N,
meal_subscriptions,delivery_fee,12,numeric,numeric,YES,0,NO,NEVER,,,N,
meal_subscriptions,delivery_time_preference,13,character varying,varchar,YES,,NO,NEVER,,,N,
meal_subscriptions,delivery_days,14,jsonb,jsonb,YES,,NO,NEVER,,,N,
meal_subscriptions,start_date,15,date,date,NO,,NO,NEVER,,,N,
meal_subscriptions,end_date,16,date,date,YES,,NO,NEVER,,,N,
meal_subscriptions,next_delivery_date,17,date,date,YES,,NO,NEVER,,,N,
meal_subscriptions,delivery_address_id,18,uuid,uuid,YES,,NO,NEVER,,,N,
meal_subscriptions,delivery_instructions,19,text,text,YES,,NO,NEVER,,,N,
meal_subscriptions,status,20,character varying,varchar,NO,'active'::character varying,NO,NEVER,,,N,
meal_subscriptions,pause_start_date,21,date,date,YES,,NO,NEVER,,,N,
meal_subscriptions,pause_end_date,22,date,date,YES,,NO,NEVER,,,N,
meal_subscriptions,cancellation_reason,23,text,text,YES,,NO,NEVER,,,N,
meal_subscriptions,payment_method_id,24,character varying,varchar,YES,,NO,NEVER,,,N,
meal_subscriptions,auto_renew,25,boolean,bool,YES,true,NO,NEVER,,,N,
meal_subscriptions,created_at,26,timestamp with time zone,timestamptz,YES,now(),NO,NEVER,,,N,
meal_subscriptions,updated_at,27,timestamp with time zone,timestamptz,YES,now(),NO,NEVER,,,N,
medical_records,id,1,uuid,uuid,NO,gen_random_uuid(),NO,NEVER,,,Y,
medical_records,pet_id,2,uuid,uuid,NO,,NO,NEVER,,,N,pets.id
medical_records,booking_id,3,uuid,uuid,YES,,NO,NEVER,,,N,bookings.id
medical_records,vendor_id,4,uuid,uuid,YES,,NO,NEVER,,,N,vendors.id
medical_records,staff_id,5,uuid,uuid,YES,,NO,NEVER,,,N,staff.id
medical_records,record_type,6,text,text,NO,,NO,NEVER,,,N,
medical_records,description,7,text,text,NO,,NO,NEVER,,,N,
medical_records,diagnosis,8,text,text,YES,,NO,NEVER,,,N,
medical_records,observations,9,text,text,YES,,NO,NEVER,,,N,
medical_records,treatment_notes,10,text,text,YES,,NO,NEVER,,,N,
medical_records,medications,11,jsonb,jsonb,YES,,NO,NEVER,,,N,
medical_records,vitals,12,jsonb,jsonb,YES,,NO,NEVER,,,N,
medical_records,attachments,13,jsonb,jsonb,YES,,NO,NEVER,,,N,
medical_records,is_immutable,14,boolean,bool,YES,true,NO,NEVER,,,N,
medical_records,created_by,15,uuid,uuid,NO,,NO,NEVER,,,N,
medical_records,created_at,16,timestamp with time zone,timestamptz,NO,now(),NO,NEVER,,,N,
medical_records,updated_at,17,timestamp with time zone,timestamptz,YES,now(),NO,NEVER,,,N,
medical_records,version,18,integer,int4,YES,1,NO,NEVER,,,N,
medical_records,previous_version_id,19,uuid,uuid,YES,,NO,NEVER,,,N,medical_records.id
medical_records,file_url,20,text,text,YES,,NO,NEVER,,,N,
medical_records,customer_id,21,uuid,uuid,YES,,NO,NEVER,,,N,customers.id
medical_records,content_data,22,jsonb,jsonb,YES,,NO,NEVER,,,N,
medical_records,prescribed_by,23,uuid,uuid,YES,,NO,NEVER,,,N,
medical_records,prescribed_by_name,24,character varying,varchar,YES,,NO,NEVER,,,N,
medical_records,referred_from_booking_id,25,uuid,uuid,YES,,NO,NEVER,,,N,bookings.id
medical_records,record_date,26,timestamp with time zone,timestamptz,YES,,NO,NEVER,,,N,
medical_records,title,27,text,text,YES,,NO,NEVER,,,N,
medical_records,created_by_role,28,text,text,YES,'vendor'::text,NO,NEVER,,,N,
medicine_orders,id,1,uuid,uuid,NO,gen_random_uuid(),NO,NEVER,,,Y,
medicine_orders,customer_id,2,uuid,uuid,NO,,NO,NEVER,,,N,customers.id
medicine_orders,pet_id,3,uuid,uuid,NO,,NO,NEVER,,,N,pets.id
medicine_orders,prescription_id,4,uuid,uuid,YES,,NO,NEVER,,,N,prescriptions.id
medicine_orders,order_number,5,text,text,NO,,NO,NEVER,,,N,
medicine_orders,medicines,6,jsonb,jsonb,NO,,NO,NEVER,,,N,
medicine_orders,delivery_address,7,jsonb,jsonb,NO,,NO,NEVER,,,N,
medicine_orders,delivery_instructions,8,text,text,YES,,NO,NEVER,,,N,
medicine_orders,prescription_url,9,text,text,YES,,NO,NEVER,,,N,
medicine_orders,pharmacy_vendor_id,10,uuid,uuid,YES,,NO,NEVER,,,N,vendors.id
medicine_orders,pharmacy_name,11,text,text,YES,,NO,NEVER,,,N,
medicine_orders,pharmacy_phone,12,text,text,YES,,NO,NEVER,,,N,
medicine_orders,subtotal,13,numeric,numeric,NO,0,NO,NEVER,,,N,
medicine_orders,delivery_charge,14,numeric,numeric,YES,0,NO,NEVER,,,N,
medicine_orders,total_amount,15,numeric,numeric,NO,0,NO,NEVER,,,N,
medicine_orders,proforma_invoice_url,16,text,text,YES,,NO,NEVER,,,N,
medicine_orders,proforma_invoice_generated_at,17,timestamp with time zone,timestamptz,YES,,NO,NEVER,,,N,
medicine_orders,payment_status,18,text,text,NO,'pending'::text,NO,NEVER,,,N,
medicine_orders,payment_id,19,uuid,uuid,YES,,NO,NEVER,,,N,
medicine_orders,payment_method,20,text,text,YES,,NO,NEVER,,,N,
medicine_orders,paid_at,21,timestamp with time zone,timestamptz,YES,,NO,NEVER,,,N,
medicine_orders,status,22,text,text,NO,'prescription_uploaded'::text,NO,NEVER,,,N,
medicine_orders,status_changed_at,23,timestamp with time zone,timestamptz,YES,now(),NO,NEVER,,,N,
medicine_orders,status_changed_by,24,uuid,uuid,YES,,NO,NEVER,,,N,
medicine_orders,status_change_reason,25,text,text,YES,,NO,NEVER,,,N,
medicine_orders,tracking_id,26,text,text,YES,,NO,NEVER,,,N,
medicine_orders,tracking_url,27,text,text,YES,,NO,NEVER,,,N,
medicine_orders,estimated_delivery_date,28,date,date,YES,,NO,NEVER,,,N,
medicine_orders,estimated_delivery_time,29,text,text,YES,,NO,NEVER,,,N,
medicine_orders,actual_delivery_date,30,date,date,YES,,NO,NEVER,,,N,
medicine_orders,actual_delivery_time,31,text,text,YES,,NO,NEVER,,,N,
medicine_orders,delivery_agent_name,32,text,text,YES,,NO,NEVER,,,N,
medicine_orders,delivery_agent_phone,33,text,text,YES,,NO,NEVER,,,N,
medicine_orders,created_at,34,timestamp with time zone,timestamptz,NO,now(),NO,NEVER,,,N,
medicine_orders,updated_at,35,timestamp with time zone,timestamptz,YES,now(),NO,NEVER,,,N,
no_show_policies,id,1,uuid,uuid,NO,gen_random_uuid(),NO,NEVER,,,Y,
no_show_policies,policy_name,2,text,text,NO,,NO,NEVER,,,N,
no_show_policies,service_type,3,text,text,YES,,NO,NEVER,,,N,
no_show_policies,penalty_percentage,4,numeric,numeric,NO,,NO,NEVER,,,N,
no_show_policies,blacklist_after_count,5,integer,int4,YES,3,NO,NEVER,,,N,
no_show_policies,is_active,6,boolean,bool,YES,true,NO,NEVER,,,N,
no_show_policies,created_at,7,timestamp with time zone,timestamptz,YES,now(),NO,NEVER,,,N,
no_show_policies,updated_at,8,timestamp with time zone,timestamptz,YES,now(),NO,NEVER,,,N,
notification_campaign_cities,id,1,uuid,uuid,NO,gen_random_uuid(),NO,NEVER,,,Y,
notification_campaign_cities,campaign_id,2,uuid,uuid,NO,,NO,NEVER,,,N,notification_campaigns.id
notification_campaign_cities,city_name,3,text,text,NO,,NO,NEVER,,,N,
notification_campaign_deliveries,id,1,uuid,uuid,NO,gen_random_uuid(),NO,NEVER,0,-1,Y,
notification_campaign_deliveries,campaign_id,2,uuid,uuid,NO,,NO,NEVER,0,11,N,notification_campaigns.id
notification_campaign_deliveries,recipient_id,3,uuid,uuid,NO,,NO,NEVER,0,-0.16702355444431305,N,
notification_campaign_deliveries,recipient_type,4,text,text,NO,,NO,NEVER,0,2,N,
notification_campaign_deliveries,device_token_id,5,uuid,uuid,YES,,NO,NEVER,1,0,N,
notification_campaign_deliveries,status,6,USER-DEFINED,notification_campaign_delivery_status,NO,'PENDING'::notification_campaign_delivery_status,NO,NEVER,0,2,N,
notification_campaign_deliveries,failure_reason,7,text,text,YES,,NO,NEVER,1,0,N,
notification_campaign_deliveries,created_at,8,timestamp with time zone,timestamptz,NO,now(),NO,NEVER,0,-1,N,
notification_campaign_deliveries,processed_at,9,timestamp with time zone,timestamptz,YES,,NO,NEVER,0.0010706637986004353,-0.9989293217658997,N,
notification_campaign_events,id,1,uuid,uuid,NO,gen_random_uuid(),NO,NEVER,,,Y,
notification_campaign_events,campaign_id,2,uuid,uuid,NO,,NO,NEVER,,,N,notification_campaigns.id
notification_campaign_events,event_type,3,USER-DEFINED,notification_campaign_event_type,NO,,NO,NEVER,,,N,
notification_campaign_events,performed_by,4,uuid,uuid,YES,,NO,NEVER,,,N,
notification_campaign_events,metadata,5,jsonb,jsonb,NO,'{}'::jsonb,NO,NEVER,,,N,
notification_campaign_events,created_at,6,timestamp with time zone,timestamptz,NO,now(),NO,NEVER,,,N,
notification_campaign_regions,id,1,uuid,uuid,NO,gen_random_uuid(),NO,NEVER,,,Y,
notification_campaign_regions,campaign_id,2,uuid,uuid,NO,,NO,NEVER,,,N,notification_campaigns.id
notification_campaign_regions,region_id,3,uuid,uuid,NO,,NO,NEVER,,,N,
notification_campaign_templates,id,1,uuid,uuid,NO,gen_random_uuid(),NO,NEVER,,,Y,
notification_campaign_templates,name,2,text,text,NO,,NO,NEVER,,,N,
notification_campaign_templates,target_app,3,USER-DEFINED,notification_target_app,NO,'CUSTOMER'::notification_target_app,NO,NEVER,,,N,
notification_campaign_templates,channel,4,USER-DEFINED,notification_campaign_channel,NO,'PUSH'::notification_campaign_channel,NO,NEVER,,,N,
notification_campaign_templates,title_template,5,text,text,NO,,NO,NEVER,,,N,
notification_campaign_templates,message_template,6,text,text,NO,,NO,NEVER,,,N,
notification_campaign_templates,cta_template,7,text,text,YES,,NO,NEVER,,,N,
notification_campaign_templates,deep_link_template,8,text,text,YES,,NO,NEVER,,,N,
notification_campaign_templates,is_active,9,boolean,bool,NO,true,NO,NEVER,,,N,
notification_campaign_templates,created_at,10,timestamp with time zone,timestamptz,NO,now(),NO,NEVER,,,N,
notification_campaign_templates,updated_at,11,timestamp with time zone,timestamptz,NO,now(),NO,NEVER,,,N,
notification_campaign_users,id,1,uuid,uuid,NO,gen_random_uuid(),NO,NEVER,,,Y,
notification_campaign_users,campaign_id,2,uuid,uuid,NO,,NO,NEVER,,,N,notification_campaigns.id
notification_campaign_users,user_id,3,uuid,uuid,NO,,NO,NEVER,,,N,
notification_campaigns,id,1,uuid,uuid,NO,gen_random_uuid(),NO,NEVER,,,Y,
notification_campaigns,name,2,text,text,NO,,NO,NEVER,,,N,
notification_campaigns,title,3,text,text,NO,,NO,NEVER,,,N,
notification_campaigns,message,4,text,text,NO,,NO,NEVER,,,N,
notification_campaigns,channel,5,USER-DEFINED,notification_campaign_channel,NO,'PUSH'::notification_campaign_channel,NO,NEVER,,,N,
notification_campaigns,target_app,6,USER-DEFINED,notification_target_app,NO,'CUSTOMER'::notification_target_app,NO,NEVER,,,N,
notification_campaigns,status,7,USER-DEFINED,notification_campaign_status,NO,'DRAFT'::notification_campaign_status,NO,NEVER,,,N,
notification_campaigns,image_url,8,text,text,YES,,NO,NEVER,,,N,
notification_campaigns,cta_text,9,text,text,YES,,NO,NEVER,,,N,
notification_campaigns,deep_link,10,text,text,YES,,NO,NEVER,,,N,
notification_campaigns,targeting_type,11,USER-DEFINED,notification_targeting_type,NO,'BROADCAST'::notification_targeting_type,NO,NEVER,,,N,
notification_campaigns,audience_filters,12,jsonb,jsonb,NO,'{}'::jsonb,NO,NEVER,,,N,
notification_campaigns,timezone,13,text,text,YES,,NO,NEVER,,,N,
notification_campaigns,estimated_recipients,14,integer,int4,NO,0,NO,NEVER,,,N,
notification_campaigns,sent_recipients,15,integer,int4,NO,0,NO,NEVER,,,N,
notification_campaigns,created_by,16,uuid,uuid,YES,,NO,NEVER,,,N,
notification_campaigns,created_at,17,timestamp with time zone,timestamptz,NO,now(),NO,NEVER,,,N,
notification_campaigns,updated_at,18,timestamp with time zone,timestamptz,NO,now(),NO,NEVER,,,N,
notification_campaigns,scheduled_at_utc,19,timestamp with time zone,timestamptz,YES,,NO,NEVER,,,N,
notification_campaigns,sent_at,20,timestamp with time zone,timestamptz,YES,,NO,NEVER,,,N,
notification_channel_settings,id,1,uuid,uuid,NO,gen_random_uuid(),NO,NEVER,,,Y,
notification_channel_settings,app_type,2,USER-DEFINED,notification_target_app,NO,,NO,NEVER,,,N,
notification_channel_settings,push_enabled,3,boolean,bool,NO,true,NO,NEVER,,,N,
notification_channel_settings,updated_by,4,uuid,uuid,YES,,NO,NEVER,,,N,
notification_channel_settings,updated_at,5,timestamp with time zone,timestamptz,NO,now(),NO,NEVER,,,N,
notification_delivery_log,id,1,uuid,uuid,NO,gen_random_uuid(),NO,NEVER,0,-1,Y,
notification_delivery_log,notification_id,2,uuid,uuid,NO,,NO,NEVER,0,-0.5,N,notifications.id
notification_delivery_log,channel,3,text,text,NO,,NO,NEVER,0,2,N,
notification_delivery_log,attempt_number,4,integer,int4,NO,1,NO,NEVER,0,1,N,
notification_delivery_log,status,5,USER-DEFINED,notification_delivery_status,NO,'created'::notification_delivery_status,NO,NEVER,0,5,N,
notification_delivery_log,provider,6,text,text,YES,,NO,NEVER,1,0,N,
notification_delivery_log,provider_message_id,7,text,text,YES,,NO,NEVER,1,0,N,
notification_delivery_log,device_token_id,8,uuid,uuid,YES,,NO,NEVER,1,0,N,
notification_delivery_log,payload,9,jsonb,jsonb,YES,'{}'::jsonb,NO,NEVER,0,122,N,
notification_delivery_log,error_code,10,text,text,YES,,NO,NEVER,1,0,N,
notification_delivery_log,error_message,11,text,text,YES,,NO,NEVER,0.5771780014038086,2,N,
notification_delivery_log,queued_at,12,timestamp with time zone,timestamptz,YES,,NO,NEVER,0.5,-0.5,N,
notification_delivery_log,sent_at,13,timestamp with time zone,timestamptz,YES,,NO,NEVER,0.4422348439693451,-0.5577651262283325,N,
notification_delivery_log,delivered_at,14,timestamp with time zone,timestamptz,YES,,NO,NEVER,0.5,-0.5,N,
notification_delivery_log,opened_at,15,timestamp with time zone,timestamptz,YES,,NO,NEVER,0.8953598737716675,103,N,
notification_delivery_log,failed_at,16,timestamp with time zone,timestamptz,YES,,NO,NEVER,0.5771780014038086,-0.4228219985961914,N,
notification_delivery_log,expired_at,17,timestamp with time zone,timestamptz,YES,,NO,NEVER,1,0,N,
notification_delivery_log,created_at,18,timestamp with time zone,timestamptz,YES,now(),NO,NEVER,0,-1,N,
notification_delivery_log,updated_at,19,timestamp with time zone,timestamptz,YES,now(),NO,NEVER,0,-0.9441288113594055,N,
notification_logs,id,1,uuid,uuid,NO,gen_random_uuid(),NO,NEVER,,,Y,
notification_logs,log_id,2,text,text,NO,,NO,NEVER,,,N,
notification_logs,template_id,3,text,text,NO,,NO,NEVER,,,N,notification_templates_enhanced.template_id
notification_logs,template_code,4,text,text,NO,,NO,NEVER,,,N,
notification_logs,channel,5,text,text,NO,,NO,NEVER,,,N,
notification_logs,recipient,6,jsonb,jsonb,NO,'{}'::jsonb,NO,NEVER,,,N,
notification_logs,variables,7,jsonb,jsonb,NO,'{}'::jsonb,NO,NEVER,,,N,
notification_logs,rendered_content,8,jsonb,jsonb,NO,'{}'::jsonb,NO,NEVER,,,N,
notification_logs,status,9,text,text,NO,'pending'::text,NO,NEVER,,,N,
notification_logs,provider,10,text,text,YES,,NO,NEVER,,,N,
notification_logs,provider_id,11,text,text,YES,,NO,NEVER,,,N,
notification_logs,error_message,12,text,text,YES,,NO,NEVER,,,N,
notification_logs,metadata,13,jsonb,jsonb,YES,,NO,NEVER,,,N,
notification_logs,sent_at,14,timestamp with time zone,timestamptz,YES,,NO,NEVER,,,N,
notification_logs,delivered_at,15,timestamp with time zone,timestamptz,YES,,NO,NEVER,,,N,
notification_logs,opened_at,16,timestamp with time zone,timestamptz,YES,,NO,NEVER,,,N,
notification_logs,clicked_at,17,timestamp with time zone,timestamptz,YES,,NO,NEVER,,,N,
notification_logs,created_at,18,timestamp with time zone,timestamptz,NO,now(),NO,NEVER,,,N,
notification_logs,updated_at,19,timestamp with time zone,timestamptz,NO,now(),NO,NEVER,,,N,
notification_segment_rules,id,1,uuid,uuid,NO,gen_random_uuid(),NO,NEVER,,,Y,
notification_segment_rules,segment_id,2,uuid,uuid,NO,,NO,NEVER,,,N,notification_segments.id
notification_segment_rules,field_name,3,text,text,NO,,NO,NEVER,,,N,
notification_segment_rules,operator,4,text,text,NO,'='::text,NO,NEVER,,,N,
notification_segment_rules,comparison_value,5,text,text,NO,,NO,NEVER,,,N,
notification_segment_rules,created_at,6,timestamp with time zone,timestamptz,NO,now(),NO,NEVER,,,N,
notification_segment_targets,id,1,uuid,uuid,NO,gen_random_uuid(),NO,NEVER,,,Y,
notification_segment_targets,campaign_id,2,uuid,uuid,NO,,NO,NEVER,,,N,notification_campaigns.id
notification_segment_targets,segment_id,3,uuid,uuid,NO,,NO,NEVER,,,N,notification_segments.id
notification_segments,id,1,uuid,uuid,NO,gen_random_uuid(),NO,NEVER,,,Y,
notification_segments,name,2,text,text,NO,,NO,NEVER,,,N,
notification_segments,description,3,text,text,YES,,NO,NEVER,,,N,
notification_segments,target_app,4,USER-DEFINED,notification_target_app,NO,'CUSTOMER'::notification_target_app,NO,NEVER,,,N,
notification_segments,is_active,5,boolean,bool,NO,true,NO,NEVER,,,N,
notification_segments,created_at,6,timestamp with time zone,timestamptz,NO,now(),NO,NEVER,,,N,
notification_segments,updated_at,7,timestamp with time zone,timestamptz,NO,now(),NO,NEVER,,,N,
notification_state_transitions,id,1,uuid,uuid,NO,gen_random_uuid(),NO,NEVER,,,Y,
notification_state_transitions,from_status,2,text,text,NO,,NO,NEVER,,,N,
notification_state_transitions,to_status,3,text,text,NO,,NO,NEVER,,,N,
notification_state_transitions,allows_retry,4,boolean,bool,YES,false,NO,NEVER,,,N,
notification_state_transitions,description,5,text,text,YES,,NO,NEVER,,,N,
notification_state_transitions,is_allowed,6,boolean,bool,YES,true,NO,NEVER,,,N,
notification_state_transitions,created_at,7,timestamp with time zone,timestamptz,YES,now(),NO,NEVER,,,N,
notification_templates,id,1,uuid,uuid,NO,gen_random_uuid(),NO,NEVER,,,Y,
notification_templates,template_name,2,text,text,NO,,NO,NEVER,,,N,
notification_templates,template_type,3,text,text,NO,,NO,NEVER,,,N,
notification_templates,subject,4,text,text,YES,,NO,NEVER,,,N,
notification_templates,body_text,5,text,text,NO,,NO,NEVER,,,N,
notification_templates,body_html,6,text,text,YES,,NO,NEVER,,,N,
notification_templates,channels,7,jsonb,jsonb,NO,,NO,NEVER,,,N,
notification_templates,is_active,8,boolean,bool,YES,true,NO,NEVER,,,N,
notification_templates,created_at,9,timestamp with time zone,timestamptz,YES,now(),NO,NEVER,,,N,
notification_templates,updated_at,10,timestamp with time zone,timestamptz,YES,now(),NO,NEVER,,,N,
notification_templates_enhanced,id,1,uuid,uuid,NO,gen_random_uuid(),NO,NEVER,,,Y,
notification_templates_enhanced,template_id,2,text,text,NO,,NO,NEVER,,,N,
notification_templates_enhanced,template_name,3,text,text,NO,,NO,NEVER,,,N,
notification_templates_enhanced,template_code,4,text,text,NO,,NO,NEVER,,,N,
notification_templates_enhanced,channel,5,text,text,NO,,NO,NEVER,,,N,
notification_templates_enhanced,event_type,6,text,text,NO,,NO,NEVER,,,N,
notification_templates_enhanced,subject,7,text,text,YES,,NO,NEVER,,,N,
notification_templates_enhanced,body,8,text,text,NO,,NO,NEVER,,,N,
notification_templates_enhanced,variables,9,jsonb,jsonb,NO,'[]'::jsonb,NO,NEVER,,,N,
notification_templates_enhanced,metadata,10,jsonb,jsonb,NO,'{}'::jsonb,NO,NEVER,,,N,
notification_templates_enhanced,settings,11,jsonb,jsonb,NO,'{}'::jsonb,NO,NEVER,,,N,
notification_templates_enhanced,localization,12,jsonb,jsonb,YES,,NO,NEVER,,,N,
notification_templates_enhanced,ab_test,13,jsonb,jsonb,YES,,NO,NEVER,,,N,
notification_templates_enhanced,analytics,14,jsonb,jsonb,NO,"'{""totalSent"": 0, ""totalFailed"": 0, ""totalOpened"": 0, ""totalClicked"": 0, ""totalDelivered"": 0}'::jsonb",NO,NEVER,,,N,
notification_templates_enhanced,created_by,15,text,text,NO,,NO,NEVER,,,N,
notification_templates_enhanced,updated_by,16,text,text,YES,,NO,NEVER,,,N,
notification_templates_enhanced,is_active,17,boolean,bool,NO,true,NO,NEVER,,,N,
notification_templates_enhanced,last_sent_at,18,timestamp with time zone,timestamptz,YES,,NO,NEVER,,,N,
notification_templates_enhanced,created_at,19,timestamp with time zone,timestamptz,NO,now(),NO,NEVER,,,N,
notification_templates_enhanced,updated_at,20,timestamp with time zone,timestamptz,NO,now(),NO,NEVER,,,N,
notifications,id,1,uuid,uuid,NO,gen_random_uuid(),NO,NEVER,0,-1,Y,
notifications,recipient_type,2,text,text,NO,,NO,NEVER,0,3,N,
notifications,recipient_id,3,uuid,uuid,NO,,NO,NEVER,0,-0.1342412382364273,N,
notifications,notification_type,4,text,text,NO,,NO,NEVER,0,44,N,
notifications,title,5,text,text,NO,,NO,NEVER,0,61,N,
notifications,message,6,text,text,NO,,NO,NEVER,0,-0.23346303403377533,N,
notifications,channels,7,jsonb,jsonb,NO,,NO,NEVER,0,8,N,
notifications,is_read,8,boolean,bool,YES,false,NO,NEVER,0,2,N,
notifications,read_at,9,timestamp with time zone,timestamptz,YES,,NO,NEVER,0.5661478638648987,-0.18709468841552734,N,
notifications,created_at,10,timestamp with time zone,timestamptz,YES,now(),NO,NEVER,0,-0.9990272521972656,N,
notifications,data,11,jsonb,jsonb,YES,,NO,NEVER,0.6365110278129578,-0.32101166248321533,N,
notifications,delivery_status,12,USER-DEFINED,notification_delivery_status,NO,'created'::notification_delivery_status,NO,NEVER,0,4,N,
notifications,queued_at,13,timestamp with time zone,timestamptz,YES,,NO,NEVER,0.6605058312416077,-0.33949416875839233,N,
notifications,sent_at,14,timestamp with time zone,timestamptz,YES,,NO,NEVER,0.6605058312416077,-0.33949416875839233,N,
notifications,delivered_at,15,timestamp with time zone,timestamptz,YES,,NO,NEVER,0.6605058312416077,-0.33949416875839233,N,
notifications,opened_at,16,timestamp with time zone,timestamptz,YES,,NO,NEVER,0.5667963624000549,-0.1864461749792099,N,
notifications,failed_at,17,timestamp with time zone,timestamptz,YES,,NO,NEVER,1,0,N,
notifications,expired_at,18,timestamp with time zone,timestamptz,YES,,NO,NEVER,1,0,N,
notifications,failure_reason,19,text,text,YES,,NO,NEVER,1,0,N,
notifications,expires_at,20,timestamp with time zone,timestamptz,YES,,NO,NEVER,1,0,N,
notifications,idempotency_key,21,text,text,YES,,NO,NEVER,1,0,N,
nutrition_consultation_requests,id,1,uuid,uuid,NO,gen_random_uuid(),NO,NEVER,,,Y,
nutrition_consultation_requests,customer_id,2,uuid,uuid,NO,,NO,NEVER,,,N,customers.id
nutrition_consultation_requests,vendor_id,3,uuid,uuid,NO,,NO,NEVER,,,N,vendors.id
nutrition_consultation_requests,pet_id,4,uuid,uuid,YES,,NO,NEVER,,,N,pets.id
nutrition_consultation_requests,main_goals,5,text,text,NO,,NO,NEVER,,,N,
nutrition_consultation_requests,budget_range_min,6,numeric,numeric,YES,,NO,NEVER,,,N,
nutrition_consultation_requests,budget_range_max,7,numeric,numeric,YES,,NO,NEVER,,,N,
nutrition_consultation_requests,preferred_proteins,8,ARRAY,_text,YES,'{}'::text[],NO,NEVER,,,N,
nutrition_consultation_requests,delivery_preference,9,text,text,YES,,NO,NEVER,,,N,
nutrition_consultation_requests,preferred_start_date,10,date,date,YES,,NO,NEVER,,,N,
nutrition_consultation_requests,dietary_restrictions,11,ARRAY,_text,YES,'{}'::text[],NO,NEVER,,,N,
nutrition_consultation_requests,special_notes,12,text,text,YES,,NO,NEVER,,,N,
nutrition_consultation_requests,status,13,text,text,NO,'pending'::text,NO,NEVER,,,N,
nutrition_consultation_requests,meal_plan_id,14,uuid,uuid,YES,,NO,NEVER,,,N,meal_plans.id
nutrition_consultation_requests,nutritionist_notes,15,text,text,YES,,NO,NEVER,,,N,
nutrition_consultation_requests,reviewed_by,16,uuid,uuid,YES,,NO,NEVER,,,N,staff.id
nutrition_consultation_requests,created_at,17,timestamp with time zone,timestamptz,YES,now(),NO,NEVER,,,N,
nutrition_consultation_requests,updated_at,18,timestamp with time zone,timestamptz,YES,now(),NO,NEVER,,,N,
nutrition_consultation_requests,reviewed_at,19,timestamp with time zone,timestamptz,YES,,NO,NEVER,,,N,
nutrition_consultation_requests,responded_at,20,timestamp with time zone,timestamptz,YES,,NO,NEVER,,,N,
onboarding_forms,id,1,uuid,uuid,NO,gen_random_uuid(),NO,NEVER,0,-1,Y,
onboarding_forms,role_id,2,character varying,varchar,NO,,NO,NEVER,0,-1,N,
onboarding_forms,fields,3,jsonb,jsonb,NO,,NO,NEVER,0,-1,N,
onboarding_forms,sections,4,jsonb,jsonb,YES,,NO,NEVER,0.7083333134651184,-0.125,N,
onboarding_forms,status,5,character varying,varchar,YES,'active'::character varying,NO,NEVER,0,1,N,
onboarding_forms,version,6,integer,int4,YES,1,NO,NEVER,0,-0.2916666567325592,N,
onboarding_forms,created_at,7,timestamp without time zone,timestamp,YES,now(),NO,NEVER,0,-0.9791666865348816,N,
onboarding_forms,updated_at,8,timestamp without time zone,timestamp,YES,now(),NO,NEVER,0,-1,N,
onboarding_forms,deleted_kyc_field_ids,9,jsonb,jsonb,YES,'[]'::jsonb,NO,NEVER,0,2,N,
optimization_tasks,id,1,uuid,uuid,NO,gen_random_uuid(),NO,NEVER,,,Y,
optimization_tasks,task_id,2,text,text,NO,,NO,NEVER,,,N,
optimization_tasks,task_type,3,text,text,NO,,NO,NEVER,,,N,
optimization_tasks,status,4,text,text,NO,'pending'::text,NO,NEVER,,,N,
optimization_tasks,progress,5,integer,int4,NO,0,NO,NEVER,,,N,
optimization_tasks,total_items,6,integer,int4,NO,0,NO,NEVER,,,N,
optimization_tasks,processed_items,7,integer,int4,NO,0,NO,NEVER,,,N,
optimization_tasks,started_at,8,timestamp with time zone,timestamptz,YES,,NO,NEVER,,,N,
optimization_tasks,completed_at,9,timestamp with time zone,timestamptz,YES,,NO,NEVER,,,N,
optimization_tasks,error,10,text,text,YES,,NO,NEVER,,,N,
optimization_tasks,result,11,jsonb,jsonb,YES,,NO,NEVER,,,N,
optimization_tasks,created_at,12,timestamp with time zone,timestamptz,NO,now(),NO,NEVER,,,N,
optimization_tasks,updated_at,13,timestamp with time zone,timestamptz,NO,now(),NO,NEVER,,,N,
order_item_commission,order_item_id,1,uuid,uuid,NO,,NO,NEVER,,,Y,order_items.id
order_item_commission,product_id,2,uuid,uuid,YES,,NO,NEVER,,,N,
order_item_commission,commission_rate,3,numeric,numeric,NO,,NO,NEVER,,,N,
order_item_commission,commission_amount,4,numeric,numeric,NO,,NO,NEVER,,,N,
order_item_commission,commission_source,5,text,text,NO,,NO,NEVER,,,N,
order_item_commission,listing_ownership,6,text,text,YES,,NO,NEVER,,,N,
order_item_commission,resolved_at,7,timestamp with time zone,timestamptz,YES,now(),NO,NEVER,,,N,
order_items,id,1,uuid,uuid,NO,gen_random_uuid(),NO,NEVER,,,Y,
order_items,order_id,2,uuid,uuid,NO,,NO,NEVER,,,N,orders.id
order_items,product_id,3,uuid,uuid,YES,,NO,NEVER,,,N,
order_items,service_id,4,uuid,uuid,YES,,NO,NEVER,,,N,services.id
order_items,name,5,text,text,NO,,NO,NEVER,,,N,
order_items,quantity,6,integer,int4,NO,1,NO,NEVER,,,N,
order_items,unit_price,7,numeric,numeric,NO,,NO,NEVER,,,N,
order_items,total_price,8,numeric,numeric,NO,,NO,NEVER,,,N,
order_items,created_at,9,timestamp with time zone,timestamptz,YES,now(),NO,NEVER,,,N,
order_items,product_sku_id,10,uuid,uuid,YES,,NO,NEVER,,,N,product_skus.id
orders,id,1,uuid,uuid,NO,gen_random_uuid(),NO,NEVER,,,Y,
orders,customer_id,2,uuid,uuid,NO,,NO,NEVER,,,N,customers.id
orders,vendor_id,3,uuid,uuid,YES,,NO,NEVER,,,N,vendors.id
orders,order_number,4,text,text,NO,,NO,NEVER,,,N,
orders,order_status,5,text,text,NO,'pending'::text,NO,NEVER,,,N,
orders,subtotal,6,numeric,numeric,NO,,NO,NEVER,,,N,
orders,tax_amount,7,numeric,numeric,YES,0,NO,NEVER,,,N,
orders,shipping_amount,8,numeric,numeric,YES,0,NO,NEVER,,,N,
orders,discount_amount,9,numeric,numeric,YES,0,NO,NEVER,,,N,
orders,total_amount,10,numeric,numeric,NO,,NO,NEVER,,,N,
orders,shipping_address,11,text,text,NO,,NO,NEVER,,,N,
orders,shipping_city,12,text,text,NO,,NO,NEVER,,,N,
orders,shipping_state,13,text,text,NO,,NO,NEVER,,,N,
orders,shipping_pincode,14,text,text,NO,,NO,NEVER,,,N,
orders,shipping_phone,15,text,text,NO,,NO,NEVER,,,N,
orders,payment_id,16,uuid,uuid,YES,,NO,NEVER,,,N,payments.id
orders,payment_status,17,text,text,YES,'pending'::text,NO,NEVER,,,N,
orders,created_at,18,timestamp with time zone,timestamptz,YES,now(),NO,NEVER,,,N,
orders,updated_at,19,timestamp with time zone,timestamptz,YES,now(),NO,NEVER,,,N,
orders,shipped_at,20,timestamp with time zone,timestamptz,YES,,NO,NEVER,,,N,
orders,delivered_at,21,timestamp with time zone,timestamptz,YES,,NO,NEVER,,,N,
orders,cancelled_at,22,timestamp with time zone,timestamptz,YES,,NO,NEVER,,,N,
orders,metadata,23,jsonb,jsonb,YES,'{}'::jsonb,NO,NEVER,,,N,
orders,cancellation_reason,24,text,text,YES,,NO,NEVER,,,N,
orders,commission_rate,25,numeric,numeric,YES,,NO,NEVER,,,N,
orders,commission_amount,26,numeric,numeric,YES,,NO,NEVER,,,N,
orders,commission_snapshot,27,jsonb,jsonb,YES,,NO,NEVER,,,N,
orders,promotion_source,28,text,text,YES,,NO,NEVER,,,N,
orders,vendor_promotion_amount,29,numeric,numeric,NO,0,NO,NEVER,,,N,
orders,admin_promotion_amount,30,numeric,numeric,NO,0,NO,NEVER,,,N,
orders,vendor_payout_amount,31,numeric,numeric,YES,,NO,NEVER,,,N,
orders,wallet_amount_applied,32,numeric,numeric,NO,0,NO,NEVER,,,N,
otp_tokens,id,1,uuid,uuid,NO,gen_random_uuid(),NO,NEVER,0,-1,Y,
otp_tokens,phone,2,text,text,NO,,NO,NEVER,0,-0.1769675463438034,N,
otp_tokens,email,3,text,text,YES,,NO,NEVER,0.9995553493499756,-0.00044465065002441406,N,
otp_tokens,code,4,text,text,NO,,NO,NEVER,0,-0.9968875050544739,N,
otp_tokens,purpose,5,text,text,NO,,NO,NEVER,0,6,N,
otp_tokens,expires_at,6,timestamp with time zone,timestamptz,NO,,NO,NEVER,0,-1,N,
otp_tokens,is_used,7,boolean,bool,YES,false,NO,NEVER,0,2,N,
otp_tokens,used_at,8,timestamp with time zone,timestamptz,YES,,NO,NEVER,0.257447749376297,-0.7425522804260254,N,
otp_tokens,created_at,9,timestamp with time zone,timestamptz,YES,now(),NO,NEVER,0,-1,N,
package_milestones,id,1,uuid,uuid,NO,gen_random_uuid(),NO,NEVER,,,Y,
package_milestones,booking_id,2,uuid,uuid,NO,,NO,NEVER,,,N,bookings.id
package_milestones,milestone_number,3,integer,int4,NO,,NO,NEVER,,,N,
package_milestones,milestone_type,4,text,text,NO,,NO,NEVER,,,N,
package_milestones,scheduled_date,5,date,date,NO,,NO,NEVER,,,N,
package_milestones,scheduled_time,6,time without time zone,time,YES,,NO,NEVER,,,N,
package_milestones,status,7,text,text,NO,'pending'::text,NO,NEVER,,,N,
package_milestones,completed_at,8,timestamp with time zone,timestamptz,YES,,NO,NEVER,,,N,
package_milestones,completed_by,9,uuid,uuid,YES,,NO,NEVER,,,N,
package_milestones,notes,10,text,text,YES,,NO,NEVER,,,N,
package_milestones,created_at,11,timestamp with time zone,timestamptz,YES,now(),NO,NEVER,,,N,
package_milestones,updated_at,12,timestamp with time zone,timestamptz,YES,now(),NO,NEVER,,,N,
package_purchases,id,1,uuid,uuid,NO,gen_random_uuid(),NO,NEVER,0,-1,Y,
package_purchases,purchase_id,2,text,text,NO,,NO,NEVER,0,-1,N,
package_purchases,package_id,3,uuid,uuid,NO,,NO,NEVER,0,-1,N,
package_purchases,customer_id,4,uuid,uuid,NO,,NO,NEVER,0,-0.375,N,customers.id
package_purchases,vendor_id,5,uuid,uuid,NO,,NO,NEVER,0,-0.25,N,vendors.id
package_purchases,package_name,6,text,text,NO,,NO,NEVER,0,-0.375,N,
package_purchases,package_type,7,text,text,NO,,NO,NEVER,0,-0.125,N,
package_purchases,package_price,8,numeric,numeric,NO,,NO,NEVER,0,-0.375,N,
package_purchases,purchased_at,9,timestamp with time zone,timestamptz,NO,now(),NO,NEVER,0,-1,N,
package_purchases,activated_at,10,timestamp with time zone,timestamptz,NO,now(),NO,NEVER,0,-1,N,
package_purchases,expires_at,11,timestamp with time zone,timestamptz,YES,,NO,NEVER,0,-1,N,
package_purchases,total_sessions,12,integer,int4,YES,0,NO,NEVER,0,-0.25,N,
package_purchases,remaining_sessions,13,integer,int4,YES,0,NO,NEVER,0,-0.5,N,
package_purchases,unlimited_usage,14,boolean,bool,YES,false,NO,NEVER,0,-0.125,N,
package_purchases,amount,15,numeric,numeric,NO,,NO,NEVER,0,-0.375,N,
package_purchases,payment_method,16,text,text,YES,,NO,NEVER,1,0,N,
package_purchases,payment_id,17,uuid,uuid,YES,,NO,NEVER,0,-1,N,
package_purchases,payment_status,18,text,text,NO,'completed'::text,NO,NEVER,0,-0.125,N,
package_purchases,status,19,text,text,NO,'active'::text,NO,NEVER,0,-0.25,N,
package_purchases,is_recurring,20,boolean,bool,YES,false,NO,NEVER,0,-0.125,N,
package_purchases,next_billing_date,21,timestamp with time zone,timestamptz,YES,,NO,NEVER,1,0,N,
package_purchases,created_at,22,timestamp with time zone,timestamptz,YES,now(),NO,NEVER,0,-1,N,
package_purchases,updated_at,23,timestamp with time zone,timestamptz,YES,now(),NO,NEVER,0,-1,N,
package_purchases,package_snapshot,24,jsonb,jsonb,YES,,NO,NEVER,1,0,N,
package_purchases,preferred_vendor_id,25,uuid,uuid,YES,,NO,NEVER,0,-0.25,N,vendors.id
package_purchases,preferred_staff_id,26,uuid,uuid,YES,,NO,NEVER,1,0,N,
package_purchases,auto_assign_same_provider,27,boolean,bool,YES,true,NO,NEVER,0,-0.125,N,
package_purchases,tax_rate,28,numeric,numeric,YES,18.00,NO,NEVER,0,-0.125,N,
package_purchases,tax_amount,29,numeric,numeric,YES,0,NO,NEVER,0,-0.125,N,
package_purchases,total_with_tax,30,numeric,numeric,YES,,NO,NEVER,0,-0.5,N,
package_purchases,settlement_id,31,uuid,uuid,YES,,NO,NEVER,1,0,N,settlements.id
package_purchases,cancellation_policy,32,text,text,YES,,NO,NEVER,0,-0.125,N,
package_purchases,refund_policy,33,text,text,YES,,NO,NEVER,0,-0.125,N,
package_purchases,policy_version,34,text,text,YES,,NO,NEVER,0,-0.125,N,
package_purchases,policy_accepted_at,35,timestamp with time zone,timestamptz,YES,,NO,NEVER,0,-1,N,
package_purchases,policy_accepted_meta,36,jsonb,jsonb,YES,,NO,NEVER,0,-0.5,N,
package_scheduled_sessions,id,1,uuid,uuid,NO,gen_random_uuid(),NO,NEVER,0,-1,Y,
package_scheduled_sessions,package_purchase_id,2,uuid,uuid,NO,,NO,NEVER,0,15,N,package_purchases.id
package_scheduled_sessions,session_number,3,integer,int4,NO,,NO,NEVER,0,14,N,
package_scheduled_sessions,scheduled_date,4,date,date,YES,,NO,NEVER,0,-0.1812865436077118,N,
package_scheduled_sessions,scheduled_time,5,time without time zone,time,YES,,NO,NEVER,0,17,N,
package_scheduled_sessions,booking_id,6,uuid,uuid,YES,,NO,NEVER,0.5497075915336609,-0.4502924084663391,N,bookings.id
package_scheduled_sessions,status,7,text,text,YES,'pending'::text,NO,NEVER,0,3,N,
package_scheduled_sessions,reminder_sent,8,boolean,bool,YES,false,NO,NEVER,0,1,N,
package_scheduled_sessions,reminder_sent_at,9,timestamp with time zone,timestamptz,YES,,NO,NEVER,1,0,N,
package_scheduled_sessions,notes,10,text,text,YES,,NO,NEVER,1,0,N,
package_scheduled_sessions,created_at,11,timestamp with time zone,timestamptz,YES,now(),NO,NEVER,0,15,N,
package_scheduled_sessions,updated_at,12,timestamp with time zone,timestamptz,YES,now(),NO,NEVER,0,-0.31578946113586426,N,
package_services,id,1,uuid,uuid,NO,gen_random_uuid(),NO,NEVER,,,Y,
package_services,package_id,2,uuid,uuid,NO,,NO,NEVER,,,N,
package_services,service_id,3,uuid,uuid,NO,,NO,NEVER,,,N,services.id
package_services,quantity,4,integer,int4,YES,1,NO,NEVER,,,N,
package_services,created_at,5,timestamp with time zone,timestamptz,YES,now(),NO,NEVER,,,N,
package_sessions,id,1,uuid,uuid,NO,gen_random_uuid(),NO,NEVER,,,Y,
package_sessions,booking_id,2,uuid,uuid,NO,,NO,NEVER,,,N,bookings.id
package_sessions,session_number,3,integer,int4,NO,,NO,NEVER,,,N,
package_sessions,status,4,text,text,NO,'pending'::text,NO,NEVER,,,N,
package_sessions,started_at,5,timestamp with time zone,timestamptz,YES,,NO,NEVER,,,N,
package_sessions,completed_at,6,timestamp with time zone,timestamptz,YES,,NO,NEVER,,,N,
package_sessions,notes,7,text,text,YES,,NO,NEVER,,,N,
package_sessions,outcome,8,text,text,YES,,NO,NEVER,,,N,
package_sessions,created_at,9,timestamp with time zone,timestamptz,YES,now(),NO,NEVER,,,N,
package_sessions,updated_at,10,timestamp with time zone,timestamptz,YES,now(),NO,NEVER,,,N,
package_sessions,package_purchase_id,11,uuid,uuid,YES,,NO,NEVER,,,N,package_purchases.id
package_usage_log,id,1,uuid,uuid,NO,gen_random_uuid(),NO,NEVER,,,Y,
package_usage_log,package_purchase_id,2,uuid,uuid,NO,,NO,NEVER,,,N,package_purchases.id
package_usage_log,booking_id,3,uuid,uuid,YES,,NO,NEVER,,,N,bookings.id
package_usage_log,session_number,4,integer,int4,YES,,NO,NEVER,,,N,
package_usage_log,action,5,text,text,NO,,NO,NEVER,,,N,
package_usage_log,sessions_before,6,integer,int4,YES,,NO,NEVER,,,N,
package_usage_log,sessions_after,7,integer,int4,YES,,NO,NEVER,,,N,
package_usage_log,notes,8,text,text,YES,,NO,NEVER,,,N,
package_usage_log,created_by,9,uuid,uuid,YES,,NO,NEVER,,,N,
package_usage_log,created_at,10,timestamp with time zone,timestamptz,YES,now(),NO,NEVER,,,N,
payment_gateway_settings,id,1,uuid,uuid,NO,gen_random_uuid(),NO,NEVER,,,Y,
payment_gateway_settings,gateway_name,2,text,text,NO,,NO,NEVER,,,N,
payment_gateway_settings,gateway_config,3,jsonb,jsonb,NO,,NO,NEVER,,,N,
payment_gateway_settings,is_active,4,boolean,bool,YES,true,NO,NEVER,,,N,
payment_gateway_settings,is_test_mode,5,boolean,bool,YES,false,NO,NEVER,,,N,
payment_gateway_settings,created_at,6,timestamp with time zone,timestamptz,YES,now(),NO,NEVER,,,N,
payment_gateway_settings,updated_at,7,timestamp with time zone,timestamptz,YES,now(),NO,NEVER,,,N,
payment_history,id,1,uuid,uuid,NO,gen_random_uuid(),NO,NEVER,,,Y,
payment_history,payment_id,2,uuid,uuid,NO,,NO,NEVER,,,N,payments.id
payment_history,customer_id,3,uuid,uuid,NO,,NO,NEVER,,,N,customers.id
payment_history,vendor_id,4,uuid,uuid,YES,,NO,NEVER,,,N,vendors.id
payment_history,amount,5,numeric,numeric,NO,,NO,NEVER,,,N,
payment_history,payment_date,6,timestamp with time zone,timestamptz,NO,,NO,NEVER,,,N,
payment_history,created_at,7,timestamp with time zone,timestamptz,YES,now(),NO,NEVER,,,N,
payment_retry_log,id,1,uuid,uuid,NO,gen_random_uuid(),NO,NEVER,,,Y,
payment_retry_log,payment_id,2,uuid,uuid,NO,,NO,NEVER,,,N,payments.id
payment_retry_log,retry_attempt,3,integer,int4,NO,,NO,NEVER,,,N,
payment_retry_log,retry_status,4,text,text,NO,,NO,NEVER,,,N,
payment_retry_log,error_message,5,text,text,YES,,NO,NEVER,,,N,
payment_retry_log,retried_at,6,timestamp with time zone,timestamptz,YES,now(),NO,NEVER,,,N,
payment_timeout_rules,id,1,uuid,uuid,NO,gen_random_uuid(),NO,NEVER,,,Y,
payment_timeout_rules,rule_name,2,text,text,NO,,NO,NEVER,,,N,
payment_timeout_rules,timeout_minutes,3,integer,int4,NO,15,NO,NEVER,,,N,
payment_timeout_rules,auto_cancel_booking,4,boolean,bool,YES,true,NO,NEVER,,,N,
payment_timeout_rules,retry_attempts,5,integer,int4,YES,3,NO,NEVER,,,N,
payment_timeout_rules,is_active,6,boolean,bool,YES,true,NO,NEVER,,,N,
payment_timeout_rules,created_at,7,timestamp with time zone,timestamptz,YES,now(),NO,NEVER,,,N,
payment_timeout_rules,updated_at,8,timestamp with time zone,timestamptz,YES,now(),NO,NEVER,,,N,
payments,id,1,uuid,uuid,NO,gen_random_uuid(),NO,NEVER,0,-1,Y,
payments,booking_id,2,uuid,uuid,YES,,NO,NEVER,0.10381355881690979,-0.8262711763381958,N,bookings.id
payments,order_id,3,uuid,uuid,YES,,NO,NEVER,1,0,N,orders.id
payments,customer_id,4,uuid,uuid,NO,,NO,NEVER,0,31,N,customers.id
payments,vendor_id,5,uuid,uuid,YES,,NO,NEVER,0,-0.12923729419708252,N,vendors.id
payments,amount,6,numeric,numeric,NO,,NO,NEVER,0,-0.24788135290145874,N,
payments,currency,7,text,text,YES,'INR'::text,NO,NEVER,0,1,N,
payments,payment_method,8,text,text,NO,,NO,NEVER,0,3,N,
payments,payment_status,9,text,text,NO,'pending'::text,NO,NEVER,0,3,N,
payments,razorpay_order_id,10,text,text,YES,,NO,NEVER,0.201271191239357,-0.7987288236618042,N,
payments,razorpay_payment_id,11,text,text,YES,,NO,NEVER,0.6779661178588867,-0.3220338821411133,N,
payments,razorpay_signature,12,text,text,YES,,NO,NEVER,0.9978813529014587,-0.0021186470985412598,N,
payments,discount_amount,13,numeric,numeric,YES,0,NO,NEVER,0,1,N,
payments,coupon_code,14,text,text,YES,,NO,NEVER,1,0,N,
payments,promotion_id,15,uuid,uuid,YES,,NO,NEVER,1,0,N,
payments,loyalty_points_used,16,integer,int4,YES,0,NO,NEVER,0,1,N,
payments,wallet_amount_used,17,numeric,numeric,YES,0,NO,NEVER,0,1,N,
payments,transaction_id,18,text,text,YES,,NO,NEVER,0.9936440587043762,-0.006355941295623779,N,
payments,failure_reason,19,text,text,YES,,NO,NEVER,1,0,N,
payments,created_at,20,timestamp with time zone,timestamptz,YES,now(),NO,NEVER,0,-1,N,
payments,updated_at,21,timestamp with time zone,timestamptz,YES,now(),NO,NEVER,0,-1,N,
payments,completed_at,22,timestamp with time zone,timestamptz,YES,,NO,NEVER,0.6483050584793091,-0.3516949415206909,N,
payments,pharmacy_order_id,23,uuid,uuid,YES,,NO,NEVER,0.9788135886192322,-0.021186411380767822,N,pharmacy_orders.id
payments,gst_amount,24,numeric,numeric,YES,0,NO,NEVER,0,27,N,
payments,cgst_amount,25,numeric,numeric,YES,0,NO,NEVER,0,1,N,
payments,sgst_amount,26,numeric,numeric,YES,0,NO,NEVER,0,1,N,
payments,igst_amount,27,numeric,numeric,YES,0,NO,NEVER,0,19,N,
payments,gst_rule_id,28,uuid,uuid,YES,,NO,NEVER,1,0,N,gst_rules.id
payments,platform_fee,29,numeric,numeric,YES,0,NO,NEVER,0,11,N,
payments,convenience_fee,30,numeric,numeric,YES,0,NO,NEVER,0,1,N,
payments,delivery_fee,31,numeric,numeric,YES,0,NO,NEVER,0,1,N,
payments,packaging_fee,32,numeric,numeric,YES,0,NO,NEVER,0,1,N,
payments,fee_breakdown,33,jsonb,jsonb,YES,,NO,NEVER,1,0,N,
payments,total_amount,34,numeric,numeric,YES,,NO,NEVER,0.9025423526763916,17,N,
payments,commission_rate,35,numeric,numeric,YES,,NO,NEVER,1,0,N,
payments,platform_commission,36,numeric,numeric,YES,0,NO,NEVER,0,1,N,
payments,vendor_amount,37,numeric,numeric,YES,0,NO,NEVER,0,1,N,
payments,tier_at_payment,38,text,text,YES,,NO,NEVER,1,0,N,
payments,price_validation,39,jsonb,jsonb,YES,,NO,NEVER,1,0,N,
payout_policies,id,1,uuid,uuid,NO,gen_random_uuid(),NO,NEVER,,,Y,
payout_policies,policy_name,2,text,text,NO,,NO,NEVER,,,N,
payout_policies,hold_period_days,3,integer,int4,YES,7,NO,NEVER,,,N,
payout_policies,min_payout_amount,4,numeric,numeric,YES,1000,NO,NEVER,,,N,
payout_policies,auto_payout,5,boolean,bool,YES,false,NO,NEVER,,,N,
payout_policies,payout_period,6,text,text,YES,'weekly'::text,NO,NEVER,,,N,
payout_policies,is_active,7,boolean,bool,YES,true,NO,NEVER,,,N,
payout_policies,created_at,8,timestamp with time zone,timestamptz,YES,now(),NO,NEVER,,,N,
payout_policies,updated_at,9,timestamp with time zone,timestamptz,YES,now(),NO,NEVER,,,N,
payout_rules,id,1,uuid,uuid,NO,gen_random_uuid(),NO,NEVER,,,Y,
payout_rules,rule_name,2,text,text,NO,,NO,NEVER,,,N,
payout_rules,min_payout_amount,3,numeric,numeric,NO,,NO,NEVER,,,N,
payout_rules,processing_days,4,integer,int4,NO,3,NO,NEVER,,,N,
payout_rules,fee_percentage,5,numeric,numeric,YES,0,NO,NEVER,,,N,
payout_rules,is_active,6,boolean,bool,YES,true,NO,NEVER,,,N,
payout_rules,created_at,7,timestamp with time zone,timestamptz,YES,now(),NO,NEVER,,,N,
payout_rules,updated_at,8,timestamp with time zone,timestamptz,YES,now(),NO,NEVER,,,N,
payouts,id,1,uuid,uuid,NO,gen_random_uuid(),NO,NEVER,,,Y,
payouts,vendor_id,2,uuid,uuid,NO,,NO,NEVER,,,N,vendors.id
payouts,amount,3,numeric,numeric,NO,,NO,NEVER,,,N,
payouts,currency,4,text,text,YES,'INR'::text,NO,NEVER,,,N,
payouts,payout_status,5,text,text,NO,'pending'::text,NO,NEVER,,,N,
payouts,bank_account_number,6,text,text,NO,,NO,NEVER,,,N,
payouts,ifsc_code,7,text,text,NO,,NO,NEVER,,,N,
payouts,account_holder_name,8,text,text,NO,,NO,NEVER,,,N,
payouts,razorpay_payout_id,9,text,text,YES,,NO,NEVER,,,N,
payouts,settlement_id,10,uuid,uuid,YES,,NO,NEVER,,,N,settlements.id
payouts,payment_ids,11,ARRAY,_uuid,NO,,NO,NEVER,,,N,
payouts,created_at,12,timestamp with time zone,timestamptz,YES,now(),NO,NEVER,,,N,
payouts,processed_at,13,timestamp with time zone,timestamptz,YES,,NO,NEVER,,,N,
payouts,completed_at,14,timestamp with time zone,timestamptz,YES,,NO,NEVER,,,N,
payouts,failure_reason,15,text,text,YES,,NO,NEVER,,,N,
payouts,approved_by,16,uuid,uuid,YES,,NO,NEVER,,,N,
payouts,approved_at,17,timestamp with time zone,timestamptz,YES,,NO,NEVER,,,N,
payouts,completed_by,18,uuid,uuid,YES,,NO,NEVER,,,N,
payouts,rejected_by,19,uuid,uuid,YES,,NO,NEVER,,,N,
payouts,failed_at,20,timestamp with time zone,timestamptz,YES,,NO,NEVER,,,N,
payouts,admin_notes,21,text,text,YES,,NO,NEVER,,,N,
payouts,transaction_id,22,text,text,YES,,NO,NEVER,,,N,
payouts,payout_utr,23,text,text,YES,,NO,NEVER,,,N,
payouts,last_synced_at,24,timestamp with time zone,timestamptz,YES,,NO,NEVER,,,N,
pending_payouts,id,1,uuid,uuid,NO,gen_random_uuid(),NO,NEVER,,,Y,
pending_payouts,payout_id,2,uuid,uuid,NO,,NO,NEVER,,,N,payouts.id
pending_payouts,vendor_id,3,uuid,uuid,NO,,NO,NEVER,,,N,vendors.id
pending_payouts,amount,4,numeric,numeric,NO,,NO,NEVER,,,N,
pending_payouts,queued_at,5,timestamp with time zone,timestamptz,YES,now(),NO,NEVER,,,N,
pending_payouts,priority,6,integer,int4,YES,5,NO,NEVER,,,N,
pending_reschedules,id,1,uuid,uuid,NO,gen_random_uuid(),NO,NEVER,,,Y,
pending_reschedules,booking_id,2,uuid,uuid,NO,,NO,NEVER,,,N,bookings.id
pending_reschedules,requested_date,3,date,date,NO,,NO,NEVER,,,N,
pending_reschedules,requested_time,4,time without time zone,time,NO,,NO,NEVER,,,N,
pending_reschedules,reason,5,text,text,YES,,NO,NEVER,,,N,
pending_reschedules,status,6,text,text,YES,'pending'::text,NO,NEVER,,,N,
pending_reschedules,requested_at,7,timestamp with time zone,timestamptz,YES,now(),NO,NEVER,,,N,
pending_reschedules,processed_at,8,timestamp with time zone,timestamptz,YES,,NO,NEVER,,,N,
performance_metrics,id,1,uuid,uuid,NO,gen_random_uuid(),NO,NEVER,,,Y,
performance_metrics,metric_name,2,text,text,NO,,NO,NEVER,,,N,
performance_metrics,metric_value,3,numeric,numeric,NO,,NO,NEVER,,,N,
performance_metrics,metric_type,4,text,text,NO,,NO,NEVER,,,N,
performance_metrics,recorded_at,5,timestamp with time zone,timestamptz,YES,now(),NO,NEVER,,,N,
performance_metrics,metric_id,6,text,text,YES,,NO,NEVER,,,N,
performance_metrics,endpoint,7,text,text,YES,,NO,NEVER,,,N,
performance_metrics,method,8,text,text,YES,,NO,NEVER,,,N,
performance_metrics,status_code,9,integer,int4,YES,,NO,NEVER,,,N,
performance_metrics,user_id,10,uuid,uuid,YES,,NO,NEVER,,,N,
performance_metrics,user_type,11,text,text,YES,,NO,NEVER,,,N,
performance_metrics,error_message,12,text,text,YES,,NO,NEVER,,,N,
performance_metrics,metadata,13,jsonb,jsonb,YES,,NO,NEVER,,,N,
pet_inquiries,id,1,uuid,uuid,NO,gen_random_uuid(),NO,NEVER,,,Y,
pet_inquiries,inquiry_id,2,text,text,NO,,NO,NEVER,,,N,
pet_inquiries,listing_id,3,text,text,NO,,NO,NEVER,,,N,pet_listings.listing_id
pet_inquiries,customer_id,4,uuid,uuid,YES,,NO,NEVER,,,N,customers.id
pet_inquiries,customer_name,5,text,text,NO,,NO,NEVER,,,N,
pet_inquiries,customer_phone,6,text,text,NO,,NO,NEVER,,,N,
pet_inquiries,customer_email,7,text,text,YES,,NO,NEVER,,,N,
pet_inquiries,message,8,text,text,NO,,NO,NEVER,,,N,
pet_inquiries,status,9,text,text,NO,'pending'::text,NO,NEVER,,,N,
pet_inquiries,responded_at,10,timestamp with time zone,timestamptz,YES,,NO,NEVER,,,N,
pet_inquiries,responded_by,11,text,text,YES,,NO,NEVER,,,N,
pet_inquiries,response_message,12,text,text,YES,,NO,NEVER,,,N,
pet_inquiries,created_at,13,timestamp with time zone,timestamptz,NO,now(),NO,NEVER,,,N,
pet_inquiries,updated_at,14,timestamp with time zone,timestamptz,NO,now(),NO,NEVER,,,N,
pet_listings,id,1,uuid,uuid,NO,gen_random_uuid(),NO,NEVER,,,Y,
pet_listings,listing_id,2,text,text,NO,,NO,NEVER,,,N,
pet_listings,breeder_id,3,text,text,NO,,NO,NEVER,,,N,breeder_profiles.breeder_id
pet_listings,breeder_name,4,text,text,NO,,NO,NEVER,,,N,
pet_listings,pet_type,5,text,text,NO,,NO,NEVER,,,N,
pet_listings,breed,6,text,text,NO,,NO,NEVER,,,N,
pet_listings,sub_breed,7,text,text,YES,,NO,NEVER,,,N,
pet_listings,name,8,text,text,YES,,NO,NEVER,,,N,
pet_listings,gender,9,text,text,NO,,NO,NEVER,,,N,
pet_listings,date_of_birth,10,date,date,NO,,NO,NEVER,,,N,
pet_listings,age_months,11,integer,int4,YES,,NO,NEVER,,,N,
pet_listings,age_display_text,12,text,text,YES,,NO,NEVER,,,N,
pet_listings,color,13,text,text,YES,''::text,NO,NEVER,,,N,
pet_listings,markings,14,text,text,YES,,NO,NEVER,,,N,
pet_listings,price,15,numeric,numeric,NO,,NO,NEVER,,,N,
pet_listings,negotiable,16,boolean,bool,YES,false,NO,NEVER,,,N,
pet_listings,lineage,17,jsonb,jsonb,NO,'{}'::jsonb,NO,NEVER,,,N,
pet_listings,health,18,jsonb,jsonb,NO,'{}'::jsonb,NO,NEVER,,,N,
pet_listings,temperament,19,jsonb,jsonb,NO,'{}'::jsonb,NO,NEVER,,,N,
pet_listings,registration,20,jsonb,jsonb,NO,'{}'::jsonb,NO,NEVER,,,N,
pet_listings,media,21,jsonb,jsonb,NO,'{}'::jsonb,NO,NEVER,,,N,
pet_listings,availability,22,text,text,NO,'available'::text,NO,NEVER,,,N,
pet_listings,ready_to_leave,23,boolean,bool,YES,true,NO,NEVER,,,N,
pet_listings,ready_date,24,date,date,YES,,NO,NEVER,,,N,
pet_listings,location,25,jsonb,jsonb,NO,'{}'::jsonb,NO,NEVER,,,N,
pet_listings,delivery_options,26,jsonb,jsonb,NO,'{}'::jsonb,NO,NEVER,,,N,
pet_listings,view_count,27,integer,int4,YES,0,NO,NEVER,,,N,
pet_listings,inquiry_count,28,integer,int4,YES,0,NO,NEVER,,,N,
pet_listings,is_published,29,boolean,bool,YES,true,NO,NEVER,,,N,
pet_listings,is_featured,30,boolean,bool,YES,false,NO,NEVER,,,N,
pet_listings,created_at,31,timestamp with time zone,timestamptz,NO,now(),NO,NEVER,,,N,
pet_listings,updated_at,32,timestamp with time zone,timestamptz,NO,now(),NO,NEVER,,,N,
pet_skill_progress,id,1,uuid,uuid,NO,gen_random_uuid(),NO,NEVER,,,Y,
pet_skill_progress,pet_id,2,uuid,uuid,NO,,NO,NEVER,,,N,pets.id
pet_skill_progress,skill_id,3,uuid,uuid,NO,,NO,NEVER,,,N,training_skills.id
pet_skill_progress,current_level,4,text,text,YES,'not_started'::text,NO,NEVER,,,N,
pet_skill_progress,proficiency_score,5,integer,int4,YES,0,NO,NEVER,,,N,
pet_skill_progress,sessions_practiced,6,integer,int4,YES,0,NO,NEVER,,,N,
pet_skill_progress,last_practiced_at,7,timestamp with time zone,timestamptz,YES,,NO,NEVER,,,N,
pet_skill_progress,notes,8,text,text,YES,,NO,NEVER,,,N,
pet_skill_progress,training_package_id,9,uuid,uuid,YES,,NO,NEVER,,,N,package_purchases.id
pet_skill_progress,trainer_id,10,uuid,uuid,YES,,NO,NEVER,,,N,vendors.id
pet_skill_progress,started_at,11,timestamp with time zone,timestamptz,YES,now(),NO,NEVER,,,N,
pet_skill_progress,mastered_at,12,timestamp with time zone,timestamptz,YES,,NO,NEVER,,,N,
pet_skill_progress,updated_at,13,timestamp with time zone,timestamptz,YES,now(),NO,NEVER,,,N,
pet_vaccination_reminder_log,id,1,uuid,uuid,NO,gen_random_uuid(),NO,NEVER,,,Y,
pet_vaccination_reminder_log,pet_id,2,uuid,uuid,NO,,NO,NEVER,,,N,pets.id
pet_vaccination_reminder_log,customer_id,3,uuid,uuid,NO,,NO,NEVER,,,N,customers.id
pet_vaccination_reminder_log,vaccine_key,4,text,text,NO,,NO,NEVER,,,N,
pet_vaccination_reminder_log,due_date,5,date,date,NO,,NO,NEVER,,,N,
pet_vaccination_reminder_log,reminder_kind,6,text,text,NO,'1_day_before'::text,NO,NEVER,,,N,
pet_vaccination_reminder_log,sent_at,7,timestamp with time zone,timestamptz,NO,now(),NO,NEVER,,,N,
pets,id,1,uuid,uuid,NO,gen_random_uuid(),NO,NEVER,0,-1,Y,
pets,customer_id,2,uuid,uuid,NO,,NO,NEVER,0,-0.8209876418113708,N,customers.id
pets,name,3,text,text,NO,,NO,NEVER,0,-0.7654321193695068,N,
pets,species,4,text,text,NO,,NO,NEVER,0,4,N,
pets,breed,5,text,text,YES,,NO,NEVER,0,-0.1975308656692505,N,
pets,age_years,6,integer,int4,YES,,NO,NEVER,0,15,N,
pets,age_months,7,integer,int4,YES,,NO,NEVER,0.7962962985038757,10,N,
pets,gender,8,text,text,YES,,NO,NEVER,0.03703703731298447,2,N,
pets,weight_kg,9,numeric,numeric,YES,,NO,NEVER,0.04938271641731262,-0.3827160596847534,N,
pets,profile_photo_url,10,text,text,YES,,NO,NEVER,0.3395061790943146,-0.6604938507080078,N,
pets,medical_history,11,jsonb,jsonb,YES,,NO,NEVER,0,-0.709876537322998,N,
pets,created_at,12,timestamp with time zone,timestamptz,YES,now(),NO,NEVER,0,-1,N,
pets,updated_at,13,timestamp with time zone,timestamptz,YES,now(),NO,NEVER,0,-1,N,
pets,microchip_id,14,text,text,YES,,NO,NEVER,1,0,N,
pets,vaccination_records,15,jsonb,jsonb,YES,'[]'::jsonb,NO,NEVER,0,15,N,
pharmacy_broadcasts,id,1,uuid,uuid,NO,gen_random_uuid(),NO,NEVER,,,Y,
pharmacy_broadcasts,order_id,2,uuid,uuid,NO,,NO,NEVER,,,N,pharmacy_orders.id
pharmacy_broadcasts,pharmacy_id,3,uuid,uuid,NO,,NO,NEVER,,,N,vendors.id
pharmacy_broadcasts,radius_km,4,integer,int4,NO,,NO,NEVER,,,N,
pharmacy_broadcasts,distance_from_customer,5,numeric,numeric,YES,,NO,NEVER,,,N,
pharmacy_broadcasts,status,6,character varying,varchar,YES,'pending'::character varying,NO,NEVER,,,N,
pharmacy_broadcasts,broadcast_time,7,timestamp with time zone,timestamptz,YES,now(),NO,NEVER,,,N,
pharmacy_broadcasts,response_time,8,timestamp with time zone,timestamptz,YES,,NO,NEVER,,,N,
pharmacy_broadcasts,rejection_reason,9,text,text,YES,,NO,NEVER,,,N,
pharmacy_broadcasts,quoted_delivery_fee,10,numeric,numeric,YES,,NO,NEVER,,,N,
pharmacy_broadcasts,quoted_eta_minutes,11,integer,int4,YES,,NO,NEVER,,,N,
pharmacy_broadcasts,created_at,12,timestamp with time zone,timestamptz,YES,now(),NO,NEVER,,,N,
pharmacy_broadcasts,last_expanded_at,13,timestamp with time zone,timestamptz,YES,,NO,NEVER,,,N,
pharmacy_broadcasts,expansion_count,14,integer,int4,YES,0,NO,NEVER,,,N,
pharmacy_broadcasts,updated_at,15,timestamp with time zone,timestamptz,YES,now(),NO,NEVER,,,N,
pharmacy_orders,id,1,uuid,uuid,NO,gen_random_uuid(),NO,NEVER,,,Y,
pharmacy_orders,order_number,2,character varying,varchar,NO,,NO,NEVER,,,N,
pharmacy_orders,customer_id,3,uuid,uuid,NO,,NO,NEVER,,,N,customers.id
pharmacy_orders,prescription_id,4,uuid,uuid,YES,,NO,NEVER,,,N,prescriptions.id
pharmacy_orders,pharmacy_id,5,uuid,uuid,YES,,NO,NEVER,,,N,vendors.id
pharmacy_orders,items,6,jsonb,jsonb,NO,'[]'::jsonb,NO,NEVER,,,N,
pharmacy_orders,subtotal,7,numeric,numeric,NO,,NO,NEVER,,,N,
pharmacy_orders,delivery_fee,8,numeric,numeric,YES,0,NO,NEVER,,,N,
pharmacy_orders,platform_fee,9,numeric,numeric,YES,0,NO,NEVER,,,N,
pharmacy_orders,total_amount,10,numeric,numeric,NO,,NO,NEVER,,,N,
pharmacy_orders,delivery_address,11,jsonb,jsonb,NO,,NO,NEVER,,,N,
pharmacy_orders,customer_lat,12,numeric,numeric,YES,,NO,NEVER,,,N,
pharmacy_orders,customer_lng,13,numeric,numeric,YES,,NO,NEVER,,,N,
pharmacy_orders,payment_method,14,character varying,varchar,NO,,NO,NEVER,,,N,
pharmacy_orders,payment_status,15,character varying,varchar,YES,'pending'::character varying,NO,NEVER,,,N,
pharmacy_orders,razorpay_order_id,16,character varying,varchar,YES,,NO,NEVER,,,N,
pharmacy_orders,razorpay_payment_id,17,character varying,varchar,YES,,NO,NEVER,,,N,
pharmacy_orders,logistics_type,18,character varying,varchar,YES,'warmpawz'::character varying,NO,NEVER,,,N,
pharmacy_orders,logistics_partner_id,19,uuid,uuid,YES,,NO,NEVER,,,N,vendors.id
pharmacy_orders,logistics_cost,20,numeric,numeric,YES,0,NO,NEVER,,,N,
pharmacy_orders,status,21,character varying,varchar,YES,'pending'::character varying,NO,NEVER,,,N,
pharmacy_orders,current_broadcast_radius_km,22,integer,int4,YES,5,NO,NEVER,,,N,
pharmacy_orders,broadcast_started_at,23,timestamp with time zone,timestamptz,YES,,NO,NEVER,,,N,
pharmacy_orders,broadcast_expires_at,24,timestamp with time zone,timestamptz,YES,,NO,NEVER,,,N,
pharmacy_orders,accepted_at,25,timestamp with time zone,timestamptz,YES,,NO,NEVER,,,N,
pharmacy_orders,prepared_at,26,timestamp with time zone,timestamptz,YES,,NO,NEVER,,,N,
pharmacy_orders,picked_up_at,27,timestamp with time zone,timestamptz,YES,,NO,NEVER,,,N,
pharmacy_orders,delivered_at,28,timestamp with time zone,timestamptz,YES,,NO,NEVER,,,N,
pharmacy_orders,cancelled_at,29,timestamp with time zone,timestamptz,YES,,NO,NEVER,,,N,
pharmacy_orders,cancellation_reason,30,text,text,YES,,NO,NEVER,,,N,
pharmacy_orders,estimated_delivery_time,31,timestamp with time zone,timestamptz,YES,,NO,NEVER,,,N,
pharmacy_orders,actual_delivery_time,32,timestamp with time zone,timestamptz,YES,,NO,NEVER,,,N,
pharmacy_orders,settlement_status,33,character varying,varchar,YES,'pending'::character varying,NO,NEVER,,,N,
pharmacy_orders,vendor_payout,34,numeric,numeric,YES,,NO,NEVER,,,N,
pharmacy_orders,commission_amount,35,numeric,numeric,YES,,NO,NEVER,,,N,
pharmacy_orders,logistics_deduction,36,numeric,numeric,YES,,NO,NEVER,,,N,
pharmacy_orders,notes,37,text,text,YES,,NO,NEVER,,,N,
pharmacy_orders,created_at,38,timestamp with time zone,timestamptz,YES,now(),NO,NEVER,,,N,
pharmacy_orders,updated_at,39,timestamp with time zone,timestamptz,YES,now(),NO,NEVER,,,N,
pharmacy_orders,broadcast_radius,40,integer,int4,YES,5,NO,NEVER,,,N,
pharmacy_orders,broadcast_expanded_at,41,timestamp with time zone,timestamptz,YES,,NO,NEVER,,,N,
pharmacy_orders,perfora_invoice_url,42,text,text,YES,,NO,NEVER,,,N,
pharmacy_orders,tracking_status,43,character varying,varchar,YES,,NO,NEVER,,,N,
pharmacy_orders,last_expanded_at,44,timestamp with time zone,timestamptz,YES,,NO,NEVER,,,N,
pharmacy_orders,expansion_count,45,integer,int4,YES,0,NO,NEVER,,,N,
pharmacy_orders,convenience_fee,46,numeric,numeric,YES,0,NO,NEVER,,,N,
pharmacy_orders,tax_amount,47,numeric,numeric,YES,0,NO,NEVER,,,N,
pharmacy_orders,tax_breakdown,48,jsonb,jsonb,YES,,NO,NEVER,,,N,
pharmacy_orders,delivery_lat,49,numeric,numeric,YES,,NO,NEVER,,,N,
pharmacy_orders,delivery_lng,50,numeric,numeric,YES,,NO,NEVER,,,N,
pharmacy_orders,prescription_verified,51,boolean,bool,YES,false,NO,NEVER,,,N,
pharmacy_orders,current_broadcast_radius,52,integer,int4,YES,5,NO,NEVER,,,N,
pharmacy_orders,max_broadcast_radius,53,integer,int4,YES,20,NO,NEVER,,,N,
pharmacy_orders,customer_phone,54,character varying,varchar,YES,,NO,NEVER,,,N,
pharmacy_orders,prescription_url,55,text,text,YES,,NO,NEVER,,,N,
pharmacy_quotes,id,1,uuid,uuid,NO,gen_random_uuid(),NO,NEVER,,,Y,
pharmacy_quotes,medicine_order_id,2,uuid,uuid,NO,,NO,NEVER,,,N,medicine_orders.id
pharmacy_quotes,pharmacy_vendor_id,3,uuid,uuid,NO,,NO,NEVER,,,N,vendors.id
pharmacy_quotes,pharmacy_name,4,text,text,NO,,NO,NEVER,,,N,
pharmacy_quotes,quote_items,5,jsonb,jsonb,NO,,NO,NEVER,,,N,
pharmacy_quotes,subtotal,6,numeric,numeric,NO,,NO,NEVER,,,N,
pharmacy_quotes,delivery_charge,7,numeric,numeric,YES,0,NO,NEVER,,,N,
pharmacy_quotes,total_amount,8,numeric,numeric,NO,,NO,NEVER,,,N,
pharmacy_quotes,estimated_delivery_date,9,date,date,YES,,NO,NEVER,,,N,
pharmacy_quotes,estimated_delivery_time,10,text,text,YES,,NO,NEVER,,,N,
pharmacy_quotes,availability_status,11,text,text,NO,'available'::text,NO,NEVER,,,N,
pharmacy_quotes,status,12,text,text,NO,'pending'::text,NO,NEVER,,,N,
pharmacy_quotes,quoted_at,13,timestamp with time zone,timestamptz,YES,now(),NO,NEVER,,,N,
pharmacy_quotes,expires_at,14,timestamp with time zone,timestamptz,YES,,NO,NEVER,,,N,
pharmacy_quotes,created_at,15,timestamp with time zone,timestamptz,YES,now(),NO,NEVER,,,N,
pharmacy_quotes,updated_at,16,timestamp with time zone,timestamptz,YES,now(),NO,NEVER,,,N,
pidge_hyperlocal_webhook_events,id,1,uuid,uuid,NO,gen_random_uuid(),NO,NEVER,,,Y,
pidge_hyperlocal_webhook_events,pidge_order_id,2,character varying,varchar,NO,,NO,NEVER,,,N,
pidge_hyperlocal_webhook_events,event_kind,3,character varying,varchar,NO,,NO,NEVER,,,N,
pidge_hyperlocal_webhook_events,idempotency_key,4,character varying,varchar,NO,,NO,NEVER,,,N,
pidge_hyperlocal_webhook_events,meal_order_id,5,uuid,uuid,YES,,NO,NEVER,,,N,meal_orders.id
pidge_hyperlocal_webhook_events,delivery_tracking_id,6,uuid,uuid,YES,,NO,NEVER,,,N,delivery_tracking.id
pidge_hyperlocal_webhook_events,normalized_status,7,character varying,varchar,YES,,NO,NEVER,,,N,
pidge_hyperlocal_webhook_events,parent_status,8,character varying,varchar,YES,,NO,NEVER,,,N,
pidge_hyperlocal_webhook_events,fulfillment_status,9,character varying,varchar,YES,,NO,NEVER,,,N,
pidge_hyperlocal_webhook_events,cancellation_reason,10,text,text,YES,,NO,NEVER,,,N,
pidge_hyperlocal_webhook_events,payload,11,jsonb,jsonb,NO,,NO,NEVER,,,N,
pidge_hyperlocal_webhook_events,processed_at,12,timestamp with time zone,timestamptz,NO,now(),NO,NEVER,,,N,
pidge_hyperlocal_webhook_events,created_at,13,timestamp with time zone,timestamptz,NO,now(),NO,NEVER,,,N,
pidge_partial_delivery_workflows,id,1,uuid,uuid,NO,gen_random_uuid(),NO,NEVER,,,Y,
pidge_partial_delivery_workflows,original_pidge_order_id,2,character varying,varchar,NO,,NO,NEVER,,,N,
pidge_partial_delivery_workflows,return_pidge_order_id,3,character varying,varchar,YES,,NO,NEVER,,,N,
pidge_partial_delivery_workflows,reference_id,4,character varying,varchar,YES,,NO,NEVER,,,N,
pidge_partial_delivery_workflows,meal_order_id,5,uuid,uuid,YES,,NO,NEVER,,,N,
pidge_partial_delivery_workflows,pharmacy_order_id,6,uuid,uuid,YES,,NO,NEVER,,,N,
pidge_partial_delivery_workflows,delivery_tracking_id,7,uuid,uuid,YES,,NO,NEVER,,,N,
pidge_partial_delivery_workflows,shipment_id,8,uuid,uuid,YES,,NO,NEVER,,,N,
pidge_partial_delivery_workflows,workflow_status,9,character varying,varchar,NO,'forward_delivered'::character varying,NO,NEVER,,,N,
pidge_partial_delivery_workflows,return_order_info,10,jsonb,jsonb,YES,,NO,NEVER,,,N,
pidge_partial_delivery_workflows,last_webhook_payload,11,jsonb,jsonb,YES,,NO,NEVER,,,N,
pidge_partial_delivery_workflows,created_at,12,timestamp with time zone,timestamptz,NO,now(),NO,NEVER,,,N,
pidge_partial_delivery_workflows,updated_at,13,timestamp with time zone,timestamptz,NO,now(),NO,NEVER,,,N,
pidge_partial_delivery_workflows,completed_at,14,timestamp with time zone,timestamptz,YES,,NO,NEVER,,,N,
pidge_support_tickets,id,1,uuid,uuid,NO,gen_random_uuid(),NO,NEVER,,,Y,
pidge_support_tickets,ticket_id,2,character varying,varchar,NO,,NO,NEVER,,,N,
pidge_support_tickets,pidge_order_id,3,character varying,varchar,YES,,NO,NEVER,,,N,
pidge_support_tickets,issue_category,4,character varying,varchar,YES,,NO,NEVER,,,N,
pidge_support_tickets,issue_subcategory,5,character varying,varchar,YES,,NO,NEVER,,,N,
pidge_support_tickets,description,6,text,text,YES,,NO,NEVER,,,N,
pidge_support_tickets,status,7,character varying,varchar,NO,,NO,NEVER,,,N,
pidge_support_tickets,order_status,8,character varying,varchar,YES,,NO,NEVER,,,N,
pidge_support_tickets,callback_url,9,text,text,YES,,NO,NEVER,,,N,
pidge_support_tickets,poc_number,10,character varying,varchar,YES,,NO,NEVER,,,N,
pidge_support_tickets,poc_email,11,character varying,varchar,YES,,NO,NEVER,,,N,
pidge_support_tickets,meal_order_id,12,uuid,uuid,YES,,NO,NEVER,,,N,
pidge_support_tickets,pharmacy_order_id,13,uuid,uuid,YES,,NO,NEVER,,,N,
pidge_support_tickets,delivery_tracking_id,14,uuid,uuid,YES,,NO,NEVER,,,N,
pidge_support_tickets,payload,15,jsonb,jsonb,NO,'{}'::jsonb,NO,NEVER,,,N,
pidge_support_tickets,pidge_created_at,16,timestamp with time zone,timestamptz,YES,,NO,NEVER,,,N,
pidge_support_tickets,pidge_updated_at,17,timestamp with time zone,timestamptz,YES,,NO,NEVER,,,N,
pidge_support_tickets,created_at,18,timestamp with time zone,timestamptz,NO,now(),NO,NEVER,,,N,
pidge_support_tickets,updated_at,19,timestamp with time zone,timestamptz,NO,now(),NO,NEVER,,,N,
platform_integrations,id,1,uuid,uuid,NO,gen_random_uuid(),NO,NEVER,,,Y,
platform_integrations,integration_name,2,text,text,NO,,NO,NEVER,,,N,
platform_integrations,integration_config,3,jsonb,jsonb,NO,,NO,NEVER,,,N,
platform_integrations,is_active,4,boolean,bool,YES,true,NO,NEVER,,,N,
platform_integrations,created_at,5,timestamp with time zone,timestamptz,YES,now(),NO,NEVER,,,N,
platform_integrations,updated_at,6,timestamp with time zone,timestamptz,YES,now(),NO,NEVER,,,N,
platform_policies,id,1,uuid,uuid,NO,gen_random_uuid(),NO,NEVER,,,Y,
platform_policies,policy_type,2,character varying,varchar,NO,,NO,NEVER,,,N,
platform_policies,title,3,character varying,varchar,NO,,NO,NEVER,,,N,
platform_policies,content,4,text,text,NO,,NO,NEVER,,,N,
platform_policies,version,5,integer,int4,YES,1,NO,NEVER,,,N,
platform_policies,is_active,6,boolean,bool,YES,true,NO,NEVER,,,N,
platform_policies,created_at,7,timestamp without time zone,timestamp,YES,now(),NO,NEVER,,,N,
platform_policies,updated_at,8,timestamp without time zone,timestamp,YES,now(),NO,NEVER,,,N,
platform_policies,updated_by,9,character varying,varchar,YES,,NO,NEVER,,,N,
platform_revenue,id,1,uuid,uuid,NO,gen_random_uuid(),NO,NEVER,,,Y,
platform_revenue,revenue_date,2,date,date,NO,,NO,NEVER,,,N,
platform_revenue,total_revenue,3,numeric,numeric,NO,0,NO,NEVER,,,N,
platform_revenue,commission_revenue,4,numeric,numeric,NO,0,NO,NEVER,,,N,
platform_revenue,transaction_fees,5,numeric,numeric,NO,0,NO,NEVER,,,N,
platform_revenue,created_at,6,timestamp with time zone,timestamptz,YES,now(),NO,NEVER,,,N,
platform_settings,id,1,uuid,uuid,NO,gen_random_uuid(),NO,NEVER,0,-1,Y,
platform_settings,setting_key,2,text,text,NO,,NO,NEVER,0,-1,N,
platform_settings,setting_value,3,jsonb,jsonb,NO,,NO,NEVER,0,-1,N,
platform_settings,setting_type,4,text,text,NO,,NO,NEVER,0,-0.2666666805744171,N,
platform_settings,description,5,text,text,YES,,NO,NEVER,0.6000000238418579,-0.3999999761581421,N,
platform_settings,is_public,6,boolean,bool,YES,false,NO,NEVER,0,-0.13333334028720856,N,
platform_settings,created_at,7,timestamp with time zone,timestamptz,YES,now(),NO,NEVER,0,-1,N,
platform_settings,updated_at,8,timestamp with time zone,timestamptz,YES,now(),NO,NEVER,0,-1,N,
platform_tax_document_lines,id,1,uuid,uuid,NO,gen_random_uuid(),NO,NEVER,,,Y,
platform_tax_document_lines,tax_document_id,2,uuid,uuid,NO,,NO,NEVER,,,N,platform_tax_documents.id
platform_tax_document_lines,charge_type,3,text,text,NO,'PLATFORM_COMMISSION'::text,NO,NEVER,,,N,
platform_tax_document_lines,description,4,text,text,NO,,NO,NEVER,,,N,
platform_tax_document_lines,sac_code,5,text,text,YES,,NO,NEVER,,,N,
platform_tax_document_lines,gst_rate,6,numeric,numeric,NO,0,NO,NEVER,,,N,
platform_tax_document_lines,taxable_amount,7,numeric,numeric,NO,0,NO,NEVER,,,N,
platform_tax_document_lines,gst_amount,8,numeric,numeric,NO,0,NO,NEVER,,,N,
platform_tax_document_lines,total_amount,9,numeric,numeric,NO,0,NO,NEVER,,,N,
platform_tax_document_lines,metadata,10,jsonb,jsonb,NO,'{}'::jsonb,NO,NEVER,,,N,
platform_tax_document_lines,created_at,11,timestamp with time zone,timestamptz,NO,now(),NO,NEVER,,,N,
platform_tax_documents,id,1,uuid,uuid,NO,gen_random_uuid(),NO,NEVER,,,Y,
platform_tax_documents,vendor_id,2,uuid,uuid,NO,,NO,NEVER,,,N,vendors.id
platform_tax_documents,document_type,3,text,text,NO,'TAX_INVOICE'::text,NO,NEVER,,,N,
platform_tax_documents,status,4,text,text,NO,'DRAFT'::text,NO,NEVER,,,N,
platform_tax_documents,invoice_number,5,text,text,YES,,NO,NEVER,,,N,
platform_tax_documents,period_from,6,date,date,NO,,NO,NEVER,,,N,
platform_tax_documents,period_to,7,date,date,NO,,NO,NEVER,,,N,
platform_tax_documents,taxable_amount,8,numeric,numeric,NO,0,NO,NEVER,,,N,
platform_tax_documents,gst_amount,9,numeric,numeric,NO,0,NO,NEVER,,,N,
platform_tax_documents,total_amount,10,numeric,numeric,NO,0,NO,NEVER,,,N,
platform_tax_documents,pdf_url,11,text,text,YES,,NO,NEVER,,,N,
platform_tax_documents,supplier_snapshot,12,jsonb,jsonb,YES,,NO,NEVER,,,N,
platform_tax_documents,recipient_snapshot,13,jsonb,jsonb,YES,,NO,NEVER,,,N,
platform_tax_documents,metadata,14,jsonb,jsonb,NO,'{}'::jsonb,NO,NEVER,,,N,
platform_tax_documents,issued_at,15,timestamp with time zone,timestamptz,YES,,NO,NEVER,,,N,
platform_tax_documents,created_at,16,timestamp with time zone,timestamptz,NO,now(),NO,NEVER,,,N,
platform_tax_documents,updated_at,17,timestamp with time zone,timestamptz,NO,now(),NO,NEVER,,,N,
platform_tax_products,id,1,uuid,uuid,NO,gen_random_uuid(),NO,NEVER,,,Y,
platform_tax_products,code,2,text,text,NO,,NO,NEVER,,,N,
platform_tax_products,name,3,text,text,NO,,NO,NEVER,,,N,
platform_tax_products,sac_code,4,text,text,YES,,NO,NEVER,,,N,
platform_tax_products,default_gst_rate,5,numeric,numeric,NO,18.00,NO,NEVER,,,N,
platform_tax_products,invoice_grouping,6,text,text,NO,'MONTHLY'::text,NO,NEVER,,,N,
platform_tax_products,active,7,boolean,bool,NO,true,NO,NEVER,,,N,
platform_tax_products,metadata,8,jsonb,jsonb,NO,'{}'::jsonb,NO,NEVER,,,N,
platform_tax_products,created_at,9,timestamp with time zone,timestamptz,NO,now(),NO,NEVER,,,N,
platform_tax_products,updated_at,10,timestamp with time zone,timestamptz,NO,now(),NO,NEVER,,,N,
platform_tier_onboarding,id,1,text,text,NO,'default'::text,NO,NEVER,,,Y,
platform_tier_onboarding,f100_auto_assign_slots_remaining,2,integer,int4,NO,60,NO,NEVER,,,N,
policy_acceptances,id,1,uuid,uuid,NO,gen_random_uuid(),NO,NEVER,,,Y,
policy_acceptances,customer_id,2,uuid,uuid,NO,,NO,NEVER,,,N,customers.id
policy_acceptances,order_id,3,uuid,uuid,YES,,NO,NEVER,,,N,orders.id
policy_acceptances,policy_id,4,uuid,uuid,NO,,NO,NEVER,,,N,ecommerce_policies.id
policy_acceptances,policy_type,5,text,text,NO,,NO,NEVER,,,N,
policy_acceptances,accepted_at,6,timestamp with time zone,timestamptz,YES,now(),NO,NEVER,,,N,
policy_acceptances,ip_address,7,text,text,YES,,NO,NEVER,,,N,
policy_acceptances,user_agent,8,text,text,YES,,NO,NEVER,,,N,
popular_searches,id,1,uuid,uuid,NO,gen_random_uuid(),NO,NEVER,,,Y,
popular_searches,query,2,text,text,NO,,NO,NEVER,,,N,
popular_searches,search_count,3,integer,int4,YES,1,NO,NEVER,,,N,
popular_searches,last_searched_at,4,timestamp with time zone,timestamptz,YES,now(),NO,NEVER,,,N,
popular_searches,updated_at,5,timestamp with time zone,timestamptz,YES,now(),NO,NEVER,,,N,
post_service_payments,id,1,uuid,uuid,NO,gen_random_uuid(),NO,NEVER,,,Y,
post_service_payments,booking_id,2,uuid,uuid,NO,,NO,NEVER,,,N,bookings.id
post_service_payments,customer_id,3,uuid,uuid,NO,,NO,NEVER,,,N,customers.id
post_service_payments,vendor_id,4,uuid,uuid,NO,,NO,NEVER,,,N,vendors.id
post_service_payments,amount,5,numeric,numeric,NO,,NO,NEVER,,,N,
post_service_payments,payment_status,6,text,text,NO,'pending'::text,NO,NEVER,,,N,
post_service_payments,payment_method,7,text,text,YES,,NO,NEVER,,,N,
post_service_payments,payment_id,8,uuid,uuid,YES,,NO,NEVER,,,N,
post_service_payments,due_date,9,date,date,NO,,NO,NEVER,,,N,
post_service_payments,paid_at,10,timestamp with time zone,timestamptz,YES,,NO,NEVER,,,N,
post_service_payments,created_at,11,timestamp with time zone,timestamptz,YES,now(),NO,NEVER,,,N,
post_service_payments,updated_at,12,timestamp with time zone,timestamptz,YES,now(),NO,NEVER,,,N,
prescription_submissions,id,1,uuid,uuid,NO,gen_random_uuid(),NO,NEVER,,,Y,
prescription_submissions,submission_id,2,text,text,NO,,NO,NEVER,,,N,
prescription_submissions,customer_id,3,uuid,uuid,NO,,NO,NEVER,,,N,customers.id
prescription_submissions,pharmacy_vendor_id,4,uuid,uuid,NO,,NO,NEVER,,,N,vendors.id
prescription_submissions,prescription_url,5,text,text,NO,,NO,NEVER,,,N,
prescription_submissions,prescription_type,6,text,text,NO,,NO,NEVER,,,N,
prescription_submissions,notes,7,text,text,YES,,NO,NEVER,,,N,
prescription_submissions,pet_id,8,uuid,uuid,YES,,NO,NEVER,,,N,pets.id
prescription_submissions,pet_name,9,text,text,YES,,NO,NEVER,,,N,
prescription_submissions,customer_name,10,text,text,NO,,NO,NEVER,,,N,
prescription_submissions,customer_phone,11,text,text,NO,,NO,NEVER,,,N,
prescription_submissions,customer_email,12,text,text,YES,,NO,NEVER,,,N,
prescription_submissions,pharmacy_name,13,text,text,NO,,NO,NEVER,,,N,
prescription_submissions,status,14,text,text,NO,'pending_verification'::text,NO,NEVER,,,N,
prescription_submissions,verification_notes,15,text,text,YES,,NO,NEVER,,,N,
prescription_submissions,verified_by,16,uuid,uuid,YES,,NO,NEVER,,,N,staff.id
prescription_submissions,verified_at,17,timestamp with time zone,timestamptz,YES,,NO,NEVER,,,N,
prescription_submissions,medicines,18,jsonb,jsonb,YES,'[]'::jsonb,NO,NEVER,,,N,
prescription_submissions,expires_at,19,timestamp with time zone,timestamptz,NO,,NO,NEVER,,,N,
prescription_submissions,submitted_at,20,timestamp with time zone,timestamptz,NO,now(),NO,NEVER,,,N,
prescription_submissions,created_at,21,timestamp with time zone,timestamptz,YES,now(),NO,NEVER,,,N,
prescription_submissions,updated_at,22,timestamp with time zone,timestamptz,YES,now(),NO,NEVER,,,N,
prescriptions,id,1,uuid,uuid,NO,gen_random_uuid(),NO,NEVER,,,Y,
prescriptions,booking_id,2,uuid,uuid,NO,,NO,NEVER,,,N,bookings.id
prescriptions,pet_id,3,uuid,uuid,NO,,NO,NEVER,,,N,pets.id
prescriptions,customer_id,4,uuid,uuid,NO,,NO,NEVER,,,N,customers.id
prescriptions,vendor_id,5,uuid,uuid,NO,,NO,NEVER,,,N,vendors.id
prescriptions,staff_id,6,uuid,uuid,YES,,NO,NEVER,,,N,staff.id
prescriptions,diagnosis,7,text,text,YES,,NO,NEVER,,,N,
prescriptions,observations,8,text,text,YES,,NO,NEVER,,,N,
prescriptions,medications,9,jsonb,jsonb,NO,,NO,NEVER,,,N,
prescriptions,products_used,10,jsonb,jsonb,YES,,NO,NEVER,,,N,
prescriptions,tests_recommended,11,jsonb,jsonb,YES,,NO,NEVER,,,N,
prescriptions,general_notes,12,text,text,YES,,NO,NEVER,,,N,
prescriptions,recommendations,13,text,text,YES,,NO,NEVER,,,N,
prescriptions,next_follow_up_date,14,date,date,YES,,NO,NEVER,,,N,
prescriptions,follow_up_reason,15,text,text,YES,,NO,NEVER,,,N,
prescriptions,vitals,16,jsonb,jsonb,YES,,NO,NEVER,,,N,
prescriptions,attachments,17,jsonb,jsonb,YES,,NO,NEVER,,,N,
prescriptions,status,18,text,text,NO,'draft'::text,NO,NEVER,,,N,
prescriptions,is_immutable,19,boolean,bool,YES,false,NO,NEVER,,,N,
prescriptions,finalized_at,20,timestamp with time zone,timestamptz,YES,,NO,NEVER,,,N,
prescriptions,finalized_by,21,uuid,uuid,YES,,NO,NEVER,,,N,staff.id
prescriptions,digital_signature,22,text,text,YES,,NO,NEVER,,,N,
prescriptions,signature_timestamp,23,timestamp with time zone,timestamptz,YES,,NO,NEVER,,,N,
prescriptions,created_at,24,timestamp with time zone,timestamptz,NO,now(),NO,NEVER,,,N,
prescriptions,updated_at,25,timestamp with time zone,timestamptz,YES,now(),NO,NEVER,,,N,
prescriptions,version,26,integer,int4,YES,1,NO,NEVER,,,N,
prescriptions,previous_version_id,27,uuid,uuid,YES,,NO,NEVER,,,N,prescriptions.id
prescriptions,created_by,28,uuid,uuid,YES,,NO,NEVER,,,N,
prescriptions,created_by_role,29,text,text,YES,'vendor'::text,NO,NEVER,,,N,
prescriptions,is_active,30,boolean,bool,YES,true,NO,NEVER,,,N,
prescriptions,medication_name,31,text,text,YES,,NO,NEVER,,,N,
prescriptions,prescription_date,32,date,date,NO,CURRENT_DATE,NO,NEVER,,,N,
pricing_rules,id,1,uuid,uuid,NO,gen_random_uuid(),NO,NEVER,,,Y,
pricing_rules,vendor_id,2,uuid,uuid,NO,,NO,NEVER,,,N,vendors.id
pricing_rules,room_id,3,uuid,uuid,NO,,NO,NEVER,,,N,boarding_rooms.id
pricing_rules,room_name,4,text,text,NO,,NO,NEVER,,,N,
pricing_rules,base_night_price,5,numeric,numeric,NO,,NO,NEVER,,,N,
pricing_rules,size_based_pricing,6,jsonb,jsonb,YES,'{}'::jsonb,NO,NEVER,,,N,
pricing_rules,seasonal_pricing,7,jsonb,jsonb,YES,'[]'::jsonb,NO,NEVER,,,N,
pricing_rules,special_offers,8,jsonb,jsonb,YES,'[]'::jsonb,NO,NEVER,,,N,
pricing_rules,is_active,9,boolean,bool,YES,true,NO,NEVER,,,N,
pricing_rules,created_at,10,timestamp with time zone,timestamptz,YES,now(),NO,NEVER,,,N,
pricing_rules,updated_at,11,timestamp with time zone,timestamptz,YES,now(),NO,NEVER,,,N,
problem_grid_mappings,id,1,uuid,uuid,NO,gen_random_uuid(),NO,NEVER,0,-1,Y,
problem_grid_mappings,problem_id,2,text,text,NO,,NO,NEVER,0,-0.6428571343421936,N,
problem_grid_mappings,problem_name,3,text,text,NO,,NO,NEVER,0,-0.6428571343421936,N,
problem_grid_mappings,problem_display_name,4,text,text,YES,,NO,NEVER,0,-0.6428571343421936,N,
problem_grid_mappings,role_id,5,text,text,NO,,NO,NEVER,0,7,N,
problem_grid_mappings,sub_category_id,6,text,text,NO,,NO,NEVER,0,-0.3857142925262451,N,
problem_grid_mappings,sub_category_name,7,text,text,YES,,NO,NEVER,0,-0.3857142925262451,N,
problem_grid_mappings,order_index,8,integer,int4,YES,0,NO,NEVER,0,4,N,
problem_grid_mappings,created_at,9,timestamp with time zone,timestamptz,YES,now(),NO,NEVER,0,1,N,
problem_grid_mappings,updated_at,10,timestamp with time zone,timestamptz,YES,now(),NO,NEVER,0,1,N,
problem_grid_mappings,allowed_service_styles,11,jsonb,jsonb,YES,"'[""at_home"", ""at_center"", ""tele""]'::jsonb",NO,NEVER,,,N,
processed_events,id,1,uuid,uuid,NO,gen_random_uuid(),NO,NEVER,0,-1,Y,
processed_events,event_id,2,text,text,NO,,NO,NEVER,0,-1,N,
processed_events,action_name,3,text,text,NO,,NO,NEVER,0,16,N,
processed_events,entity_type,4,text,text,NO,,NO,NEVER,0,2,N,
processed_events,entity_id,5,text,text,NO,,NO,NEVER,0,-0.15581098198890686,N,
processed_events,reference_type,6,text,text,YES,,NO,NEVER,0.29374203085899353,10,N,
processed_events,reference_id,7,text,text,YES,,NO,NEVER,0.48105576634407043,-0.2635163962841034,N,
processed_events,created_at,8,timestamp with time zone,timestamptz,YES,now(),NO,NEVER,0,-1,N,
product_commission_overrides,product_id,1,uuid,uuid,NO,,NO,NEVER,,,Y,products.id
product_commission_overrides,commission_rate,2,numeric,numeric,NO,,NO,NEVER,,,N,
product_commission_overrides,reason,3,text,text,YES,,NO,NEVER,,,N,
product_commission_overrides,is_active,4,boolean,bool,YES,true,NO,NEVER,,,N,
product_commission_overrides,created_by,5,uuid,uuid,YES,,NO,NEVER,,,N,
product_commission_overrides,created_at,6,timestamp with time zone,timestamptz,YES,now(),NO,NEVER,,,N,
product_commission_overrides,updated_at,7,timestamp with time zone,timestamptz,YES,now(),NO,NEVER,,,N,
product_error_cases,id,1,uuid,uuid,NO,gen_random_uuid(),NO,NEVER,0,-1,Y,
product_error_cases,fingerprint,2,character varying,varchar,NO,,NO,NEVER,0,-1,N,
product_error_cases,title,3,text,text,NO,''::text,NO,NEVER,0,-0.36206895112991333,N,
product_error_cases,status,4,USER-DEFINED,analytics_error_case_status_enum,NO,'open'::analytics_error_case_status_enum,NO,NEVER,0,1,N,
product_error_cases,priority,5,USER-DEFINED,analytics_error_case_priority_enum,NO,'p3'::analytics_error_case_priority_enum,NO,NEVER,0,1,N,
product_error_cases,deadline_at,6,timestamp with time zone,timestamptz,YES,,NO,NEVER,1,0,N,
product_error_cases,assigned_admin_id,7,uuid,uuid,YES,,NO,NEVER,1,0,N,admins.id
product_error_cases,notes,8,text,text,YES,,NO,NEVER,1,0,N,
product_error_cases,first_seen_at,9,timestamp with time zone,timestamptz,NO,now(),NO,NEVER,0,-0.9655172228813171,N,
product_error_cases,last_seen_at,10,timestamp with time zone,timestamptz,NO,now(),NO,NEVER,0,-0.9655172228813171,N,
product_error_cases,occurrence_count,11,bigint,int8,NO,0,NO,NEVER,0,-0.3103448152542114,N,
product_error_cases,created_at,12,timestamp with time zone,timestamptz,NO,now(),NO,NEVER,0,-0.9655172228813171,N,
product_error_cases,updated_at,13,timestamp with time zone,timestamptz,NO,now(),NO,NEVER,0,-0.9655172228813171,N,
product_policies,id,1,uuid,uuid,NO,gen_random_uuid(),NO,NEVER,,,Y,
product_policies,product_id,2,uuid,uuid,NO,,NO,NEVER,,,N,products.id
product_policies,policy_id,3,uuid,uuid,NO,,NO,NEVER,,,N,ecommerce_policies.id
product_policies,policy_type,4,text,text,NO,,NO,NEVER,,,N,
product_policies,created_at,5,timestamp with time zone,timestamptz,YES,now(),NO,NEVER,,,N,
product_skus,id,1,uuid,uuid,NO,gen_random_uuid(),NO,NEVER,,,Y,
product_skus,product_id,2,uuid,uuid,NO,,NO,NEVER,,,N,products.id
product_skus,vendor_id,3,uuid,uuid,NO,,NO,NEVER,,,N,vendors.id
product_skus,sku,4,text,text,NO,,NO,NEVER,,,N,
product_skus,option_values,5,jsonb,jsonb,NO,'{}'::jsonb,NO,NEVER,,,N,
product_skus,price,6,numeric,numeric,NO,,NO,NEVER,,,N,
product_skus,compare_at_price,7,numeric,numeric,YES,,NO,NEVER,,,N,
product_skus,stock,8,integer,int4,NO,0,NO,NEVER,,,N,
product_skus,barcode,9,text,text,YES,,NO,NEVER,,,N,
product_skus,images,10,jsonb,jsonb,NO,'[]'::jsonb,NO,NEVER,,,N,
product_skus,is_active,11,boolean,bool,NO,true,NO,NEVER,,,N,
product_skus,sort_order,12,integer,int4,NO,0,NO,NEVER,,,N,
product_skus,created_at,13,timestamp with time zone,timestamptz,NO,now(),NO,NEVER,,,N,
product_skus,updated_at,14,timestamp with time zone,timestamptz,NO,now(),NO,NEVER,,,N,
products,id,1,uuid,uuid,NO,gen_random_uuid(),NO,NEVER,,,Y,
products,vendor_id,2,uuid,uuid,YES,,NO,NEVER,,,N,vendors.id
products,category_id,3,uuid,uuid,YES,,NO,NEVER,,,N,ecommerce_categories.id
products,name,4,text,text,NO,,NO,NEVER,,,N,
products,description,5,text,text,YES,,NO,NEVER,,,N,
products,sku,6,text,text,YES,,NO,NEVER,,,N,
products,price,7,numeric,numeric,NO,,NO,NEVER,,,N,
products,stock,8,integer,int4,YES,0,NO,NEVER,,,N,
products,is_active,9,boolean,bool,YES,true,NO,NEVER,,,N,
products,created_at,10,timestamp with time zone,timestamptz,YES,now(),NO,NEVER,,,N,
products,updated_at,11,timestamp with time zone,timestamptz,YES,now(),NO,NEVER,,,N,
products,compare_at_price,12,numeric,numeric,YES,,NO,NEVER,,,N,
products,cost_price,13,numeric,numeric,YES,,NO,NEVER,,,N,
products,min_stock,14,integer,int4,YES,0,NO,NEVER,,,N,
products,subcategory,15,text,text,YES,,NO,NEVER,,,N,
products,barcode,16,text,text,YES,,NO,NEVER,,,N,
products,weight,17,numeric,numeric,YES,,NO,NEVER,,,N,
products,dimensions,18,text,text,YES,,NO,NEVER,,,N,
products,images,19,jsonb,jsonb,YES,'[]'::jsonb,NO,NEVER,,,N,
products,tags,20,jsonb,jsonb,YES,'[]'::jsonb,NO,NEVER,,,N,
products,is_featured,21,boolean,bool,YES,false,NO,NEVER,,,N,
products,hsn_code,22,text,text,YES,,NO,NEVER,,,N,
products,gst_rate,23,numeric,numeric,YES,,NO,NEVER,,,N,
products,category,24,text,text,YES,,NO,NEVER,,,N,
products,status,25,text,text,YES,'active'::text,NO,NEVER,,,N,
products,metadata,26,jsonb,jsonb,YES,'{}'::jsonb,NO,NEVER,,,N,
products,has_variations,27,boolean,bool,YES,false,NO,NEVER,,,N,
products,listing_ownership,28,text,text,YES,,NO,NEVER,,,N,
products,listing_ownership_source,29,text,text,YES,,NO,NEVER,,,N,
products,registered_brand_id,30,uuid,uuid,YES,,NO,NEVER,,,N,vendor_registered_brands.id
products,brand,31,text,text,YES,,NO,NEVER,,,N,
promotions,id,1,uuid,uuid,NO,gen_random_uuid(),NO,NEVER,,,Y,
promotions,name,2,text,text,NO,,NO,NEVER,,,N,
promotions,description,3,text,text,YES,,NO,NEVER,,,N,
promotions,promotion_type,4,text,text,NO,,NO,NEVER,,,N,
promotions,discount_type,5,text,text,YES,,NO,NEVER,,,N,
promotions,discount_value,6,numeric,numeric,YES,,NO,NEVER,,,N,
promotions,min_order_amount,7,numeric,numeric,YES,,NO,NEVER,,,N,
promotions,max_discount_amount,8,numeric,numeric,YES,,NO,NEVER,,,N,
promotions,start_date,9,date,date,NO,,NO,NEVER,,,N,
promotions,end_date,10,date,date,YES,,NO,NEVER,,,N,
promotions,is_active,11,boolean,bool,YES,true,NO,NEVER,,,N,
promotions,created_at,12,timestamp with time zone,timestamptz,YES,now(),NO,NEVER,,,N,
promotions,updated_at,13,timestamp with time zone,timestamptz,YES,now(),NO,NEVER,,,N,
promotions,priority,14,integer,int4,YES,0,NO,NEVER,,,N,
promotions,applicable_services,15,jsonb,jsonb,YES,'[]'::jsonb,NO,NEVER,,,N,
promotions,applicable_roles,16,jsonb,jsonb,YES,'[]'::jsonb,NO,NEVER,,,N,
promotions,usage_limit,17,integer,int4,YES,,NO,NEVER,,,N,
promotions,usage_count,18,integer,int4,YES,0,NO,NEVER,,,N,
promotions,code,19,character varying,varchar,YES,,NO,NEVER,,,N,
promotions,service_category,20,text,text,YES,,NO,NEVER,,,N,
promotions,service_style,21,text,text,YES,,NO,NEVER,,,N,
promotions,metadata,22,jsonb,jsonb,YES,'{}'::jsonb,NO,NEVER,,,N,
promotions,published,23,boolean,bool,YES,false,NO,NEVER,,,N,
promotions,is_spotlight,24,boolean,bool,YES,false,NO,NEVER,,,N,
promotions,applicable_to,25,text,text,YES,,NO,NEVER,,,N,
promotions,max_uses,26,integer,int4,YES,,NO,NEVER,,,N,
promotions,max_uses_per_user,27,integer,int4,YES,,NO,NEVER,,,N,
rbac_audit_logs,id,1,uuid,uuid,NO,gen_random_uuid(),NO,NEVER,,,Y,
rbac_audit_logs,action,2,text,text,NO,,NO,NEVER,,,N,
rbac_audit_logs,user_id,3,uuid,uuid,NO,,NO,NEVER,,,N,
rbac_audit_logs,target_user_id,4,uuid,uuid,YES,,NO,NEVER,,,N,
rbac_audit_logs,role_id,5,uuid,uuid,YES,,NO,NEVER,,,N,roles.id
rbac_audit_logs,permission_name,6,text,text,YES,,NO,NEVER,,,N,
rbac_audit_logs,details,7,jsonb,jsonb,YES,,NO,NEVER,,,N,
rbac_audit_logs,ip_address,8,text,text,YES,,NO,NEVER,,,N,
rbac_audit_logs,user_agent,9,text,text,YES,,NO,NEVER,,,N,
rbac_audit_logs,created_at,10,timestamp with time zone,timestamptz,YES,now(),NO,NEVER,,,N,
rbac_permissions_catalog,id,1,uuid,uuid,NO,gen_random_uuid(),NO,NEVER,,,Y,
rbac_permissions_catalog,permission_key,2,text,text,NO,,NO,NEVER,,,N,
rbac_permissions_catalog,permission_name,3,text,text,NO,,NO,NEVER,,,N,
rbac_permissions_catalog,description,4,text,text,YES,,NO,NEVER,,,N,
rbac_permissions_catalog,category,5,text,text,NO,,NO,NEVER,,,N,
rbac_permissions_catalog,resource,6,text,text,YES,,NO,NEVER,,,N,
rbac_permissions_catalog,action,7,text,text,YES,,NO,NEVER,,,N,
rbac_permissions_catalog,created_at,8,timestamp with time zone,timestamptz,YES,now(),NO,NEVER,,,N,
rbac_policies,id,1,uuid,uuid,NO,gen_random_uuid(),NO,NEVER,,,Y,
rbac_policies,policy_id,2,text,text,NO,,NO,NEVER,,,N,
rbac_policies,name,3,text,text,NO,,NO,NEVER,,,N,
rbac_policies,description,4,text,text,YES,,NO,NEVER,,,N,
rbac_policies,rules,5,jsonb,jsonb,NO,,NO,NEVER,,,N,
rbac_policies,effect,6,text,text,NO,'allow'::text,NO,NEVER,,,N,
rbac_policies,priority,7,integer,int4,YES,0,NO,NEVER,,,N,
rbac_policies,is_active,8,boolean,bool,YES,true,NO,NEVER,,,N,
rbac_policies,created_at,9,timestamp with time zone,timestamptz,YES,now(),NO,NEVER,,,N,
rbac_policies,updated_at,10,timestamp with time zone,timestamptz,YES,now(),NO,NEVER,,,N,
referral_program_settings,id,1,text,text,NO,'default'::text,NO,NEVER,,,Y,
referral_program_settings,is_enabled,2,boolean,bool,NO,true,NO,NEVER,,,N,
referral_program_settings,max_redemptions_per_code,3,integer,int4,YES,,NO,NEVER,,,N,
referral_program_settings,minimum_booking_amount,4,numeric,numeric,YES,,NO,NEVER,,,N,
referral_program_settings,referrer_action_name,5,text,text,NO,'customer_referral'::text,NO,NEVER,,,N,
referral_program_settings,referee_action_name,6,text,text,NO,'referral_signup'::text,NO,NEVER,,,N,
referral_program_settings,updated_at,7,timestamp with time zone,timestamptz,YES,now(),NO,NEVER,,,N,
referral_redemptions,id,1,uuid,uuid,NO,gen_random_uuid(),NO,NEVER,,,Y,
referral_redemptions,referral_id,2,uuid,uuid,NO,,NO,NEVER,,,N,referrals.id
referral_redemptions,referred_id,3,uuid,uuid,NO,,NO,NEVER,,,N,customers.id
referral_redemptions,created_at,4,timestamp with time zone,timestamptz,NO,now(),NO,NEVER,,,N,
referral_redemptions,status,5,text,text,NO,'pending'::text,NO,NEVER,,,N,
referral_redemptions,qualified_at,6,timestamp with time zone,timestamptz,YES,,NO,NEVER,,,N,
referral_redemptions,rewarded_at,7,timestamp with time zone,timestamptz,YES,,NO,NEVER,,,N,
referral_redemptions,expires_at,8,timestamp with time zone,timestamptz,YES,,NO,NEVER,,,N,
referrals,id,1,uuid,uuid,NO,gen_random_uuid(),NO,NEVER,,,Y,
referrals,referrer_id,2,uuid,uuid,NO,,NO,NEVER,,,N,customers.id
referrals,referred_id,3,uuid,uuid,YES,,NO,NEVER,,,N,customers.id
referrals,referral_code,4,text,text,NO,,NO,NEVER,,,N,
referrals,status,5,text,text,YES,'pending'::text,NO,NEVER,,,N,
referrals,reward_points,6,integer,int4,YES,0,NO,NEVER,,,N,
referrals,completed_at,7,timestamp with time zone,timestamptz,YES,,NO,NEVER,,,N,
referrals,expires_at,8,timestamp with time zone,timestamptz,YES,,NO,NEVER,,,N,
referrals,created_at,9,timestamp with time zone,timestamptz,YES,now(),NO,NEVER,,,N,
referrals,referred_vendor_id,10,uuid,uuid,YES,,NO,NEVER,,,N,vendors.id
referrals,redemption_count,11,integer,int4,NO,0,NO,NEVER,,,N,
referrals,max_redemptions,12,integer,int4,YES,,NO,NEVER,,,N,
refund_rules,id,1,uuid,uuid,NO,gen_random_uuid(),NO,NEVER,,,Y,
refund_rules,name,2,text,text,NO,,NO,NEVER,,,N,
refund_rules,description,3,text,text,YES,,NO,NEVER,,,N,
refund_rules,rule_type,4,text,text,NO,,NO,NEVER,,,N,
refund_rules,rule_config,5,jsonb,jsonb,NO,,NO,NEVER,,,N,
refund_rules,is_active,6,boolean,bool,YES,true,NO,NEVER,,,N,
refund_rules,created_at,7,timestamp with time zone,timestamptz,YES,now(),NO,NEVER,,,N,
refund_rules,updated_at,8,timestamp with time zone,timestamptz,YES,now(),NO,NEVER,,,N,
refund_tiers,id,1,uuid,uuid,NO,gen_random_uuid(),NO,NEVER,,,Y,
refund_tiers,tier_name,2,text,text,NO,,NO,NEVER,,,N,
refund_tiers,min_hours_before_booking,3,integer,int4,YES,,NO,NEVER,,,N,
refund_tiers,refund_percentage,4,numeric,numeric,NO,,NO,NEVER,,,N,
refund_tiers,is_active,5,boolean,bool,YES,true,NO,NEVER,,,N,
refund_tiers,created_at,6,timestamp with time zone,timestamptz,YES,now(),NO,NEVER,,,N,
refunds,id,1,uuid,uuid,NO,gen_random_uuid(),NO,NEVER,,,Y,
refunds,payment_id,2,uuid,uuid,NO,,NO,NEVER,,,N,payments.id
refunds,booking_id,3,uuid,uuid,YES,,NO,NEVER,,,N,bookings.id
refunds,customer_id,4,uuid,uuid,NO,,NO,NEVER,,,N,customers.id
refunds,vendor_id,5,uuid,uuid,YES,,NO,NEVER,,,N,vendors.id
refunds,refund_amount,6,numeric,numeric,NO,,NO,NEVER,,,N,
refunds,refund_reason,7,text,text,NO,,NO,NEVER,,,N,
refunds,refund_status,8,text,text,NO,'pending'::text,NO,NEVER,,,N,
refunds,razorpay_refund_id,9,text,text,YES,,NO,NEVER,,,N,
refunds,requested_at,10,timestamp with time zone,timestamptz,YES,now(),NO,NEVER,,,N,
refunds,processed_at,11,timestamp with time zone,timestamptz,YES,,NO,NEVER,,,N,
refunds,completed_at,12,timestamp with time zone,timestamptz,YES,,NO,NEVER,,,N,
refunds,rejection_reason,13,text,text,YES,,NO,NEVER,,,N,
refunds,commission_reversed,14,numeric,numeric,YES,0,NO,NEVER,,,N,
refunds,vendor_amount_reversed,15,numeric,numeric,YES,0,NO,NEVER,,,N,
refunds,is_partial,16,boolean,bool,YES,false,NO,NEVER,,,N,
refunds,cumulative_refund_amount,17,numeric,numeric,YES,,NO,NEVER,,,N,
refunds,refund_method,18,text,text,YES,,NO,NEVER,,,N,
refunds,meal_refund_case_id,19,uuid,uuid,YES,,NO,NEVER,,,N,meal_refund_cases.id
regions,id,1,uuid,uuid,NO,gen_random_uuid(),NO,NEVER,,,Y,
regions,name,2,text,text,NO,,NO,NEVER,,,N,
regions,code,3,text,text,NO,,NO,NEVER,,,N,
regions,country,4,text,text,YES,'India'::text,NO,NEVER,,,N,
regions,region_config,5,jsonb,jsonb,YES,,NO,NEVER,,,N,
regions,is_active,6,boolean,bool,YES,true,NO,NEVER,,,N,
regions,created_at,7,timestamp with time zone,timestamptz,YES,now(),NO,NEVER,,,N,
regions,updated_at,8,timestamp with time zone,timestamptz,YES,now(),NO,NEVER,,,N,
reminder_queue,id,1,uuid,uuid,NO,gen_random_uuid(),NO,NEVER,,,Y,
reminder_queue,booking_id,2,uuid,uuid,YES,,NO,NEVER,,,N,bookings.id
reminder_queue,reminder_type,3,text,text,NO,,NO,NEVER,,,N,
reminder_queue,scheduled_at,4,timestamp with time zone,timestamptz,NO,,NO,NEVER,,,N,
reminder_queue,sent_at,5,timestamp with time zone,timestamptz,YES,,NO,NEVER,,,N,
reminder_queue,status,6,text,text,YES,'pending'::text,NO,NEVER,,,N,
reminder_queue,created_at,7,timestamp with time zone,timestamptz,YES,now(),NO,NEVER,,,N,
report_templates,id,1,uuid,uuid,NO,gen_random_uuid(),NO,NEVER,,,Y,
report_templates,name,2,text,text,NO,,NO,NEVER,,,N,
report_templates,description,3,text,text,YES,,NO,NEVER,,,N,
report_templates,category,4,text,text,YES,,NO,NEVER,,,N,
report_templates,parameters,5,jsonb,jsonb,YES,'[]'::jsonb,NO,NEVER,,,N,
report_templates,schedule,6,jsonb,jsonb,YES,,NO,NEVER,,,N,
report_templates,last_generated,7,timestamp with time zone,timestamptz,YES,,NO,NEVER,,,N,
report_templates,created_at,8,timestamp with time zone,timestamptz,YES,now(),NO,NEVER,,,N,
report_templates,updated_at,9,timestamp with time zone,timestamptz,YES,now(),NO,NEVER,,,N,
rescheduling_policies,id,1,uuid,uuid,NO,gen_random_uuid(),NO,NEVER,,,Y,
rescheduling_policies,policy_name,2,text,text,NO,,NO,NEVER,,,N,
rescheduling_policies,service_type,3,text,text,YES,,NO,NEVER,,,N,
rescheduling_policies,hours_before_booking,4,integer,int4,NO,,NO,NEVER,,,N,
rescheduling_policies,rescheduling_fee_percentage,5,numeric,numeric,YES,0,NO,NEVER,,,N,
rescheduling_policies,max_reschedules,6,integer,int4,YES,3,NO,NEVER,,,N,
rescheduling_policies,is_active,7,boolean,bool,YES,true,NO,NEVER,,,N,
rescheduling_policies,created_at,8,timestamp with time zone,timestamptz,YES,now(),NO,NEVER,,,N,
rescheduling_policies,updated_at,9,timestamp with time zone,timestamptz,YES,now(),NO,NEVER,,,N,
return_requests,id,1,uuid,uuid,NO,gen_random_uuid(),NO,NEVER,,,Y,
return_requests,order_id,2,uuid,uuid,NO,,NO,NEVER,,,N,orders.id
return_requests,customer_id,3,uuid,uuid,NO,,NO,NEVER,,,N,customers.id
return_requests,vendor_id,4,uuid,uuid,NO,,NO,NEVER,,,N,vendors.id
return_requests,reason,5,text,text,NO,,NO,NEVER,,,N,
return_requests,reason_category,6,text,text,YES,,NO,NEVER,,,N,
return_requests,description,7,text,text,YES,,NO,NEVER,,,N,
return_requests,request_type,8,text,text,YES,'return'::text,NO,NEVER,,,N,
return_requests,exchange_product_id,9,uuid,uuid,YES,,NO,NEVER,,,N,products.id
return_requests,item_ids,10,ARRAY,_text,YES,'{}'::text[],NO,NEVER,,,N,
return_requests,quantity,11,integer,int4,YES,1,NO,NEVER,,,N,
return_requests,amount,12,numeric,numeric,NO,,NO,NEVER,,,N,
return_requests,images,13,ARRAY,_text,YES,'{}'::text[],NO,NEVER,,,N,
return_requests,photos,14,ARRAY,_text,YES,'{}'::text[],NO,NEVER,,,N,
return_requests,status,15,text,text,NO,'pending'::text,NO,NEVER,,,N,
return_requests,return_method,16,text,text,YES,'pickup'::text,NO,NEVER,,,N,
return_requests,created_at,17,timestamp with time zone,timestamptz,YES,now(),NO,NEVER,,,N,
return_requests,updated_at,18,timestamp with time zone,timestamptz,YES,now(),NO,NEVER,,,N,
return_requests,approved_at,19,timestamp with time zone,timestamptz,YES,,NO,NEVER,,,N,
return_requests,rejected_at,20,timestamp with time zone,timestamptz,YES,,NO,NEVER,,,N,
return_requests,refunded_at,21,timestamp with time zone,timestamptz,YES,,NO,NEVER,,,N,
return_requests,refund_amount,22,numeric,numeric,YES,,NO,NEVER,,,N,
return_requests,refund_method,23,text,text,YES,,NO,NEVER,,,N,
return_requests,rejection_reason,24,text,text,YES,,NO,NEVER,,,N,
return_requests,admin_notes,25,text,text,YES,,NO,NEVER,,,N,
reviews,id,1,uuid,uuid,NO,gen_random_uuid(),NO,NEVER,,,Y,
reviews,vendor_id,2,uuid,uuid,NO,,NO,NEVER,,,N,vendors.id
reviews,customer_id,3,uuid,uuid,YES,,NO,NEVER,,,N,customers.id
reviews,booking_id,4,uuid,uuid,YES,,NO,NEVER,,,N,bookings.id
reviews,rating,5,integer,int4,NO,,NO,NEVER,,,N,
reviews,comment,6,text,text,YES,,NO,NEVER,,,N,
reviews,service_type,7,character varying,varchar,YES,,NO,NEVER,,,N,
reviews,is_verified,8,boolean,bool,YES,false,NO,NEVER,,,N,
reviews,is_published,9,boolean,bool,YES,true,NO,NEVER,,,N,
reviews,created_at,10,timestamp with time zone,timestamptz,YES,now(),NO,NEVER,,,N,
reviews,updated_at,11,timestamp with time zone,timestamptz,YES,now(),NO,NEVER,,,N,
reviews,is_approved,12,boolean,bool,YES,false,NO,NEVER,,,N,
reviews,approved_at,13,timestamp with time zone,timestamptz,YES,,NO,NEVER,,,N,
reviews,rejection_reason,14,text,text,YES,,NO,NEVER,,,N,
reviews,photos,15,jsonb,jsonb,NO,'[]'::jsonb,NO,NEVER,,,N,
reward_catalog_links,id,1,uuid,uuid,NO,gen_random_uuid(),NO,NEVER,,,Y,
reward_catalog_links,reward_id,2,uuid,uuid,NO,,NO,NEVER,,,N,rewards_catalog.id
reward_catalog_links,link_url,3,text,text,NO,,NO,NEVER,,,N,
reward_catalog_links,status,4,text,text,NO,'available'::text,NO,NEVER,,,N,
reward_catalog_links,customer_id,5,uuid,uuid,YES,,NO,NEVER,,,N,customers.id
reward_catalog_links,redemption_id,6,uuid,uuid,YES,,NO,NEVER,,,N,reward_redemptions.id
reward_catalog_links,assigned_at,7,timestamp with time zone,timestamptz,YES,,NO,NEVER,,,N,
reward_catalog_links,created_at,8,timestamp with time zone,timestamptz,NO,now(),NO,NEVER,,,N,
reward_redemptions,id,1,uuid,uuid,NO,gen_random_uuid(),NO,NEVER,,,Y,
reward_redemptions,customer_id,2,uuid,uuid,NO,,NO,NEVER,,,N,customers.id
reward_redemptions,reward_id,3,uuid,uuid,NO,,NO,NEVER,,,N,rewards_catalog.id
reward_redemptions,points_used,4,integer,int4,NO,,NO,NEVER,,,N,
reward_redemptions,redeemed_at,5,timestamp with time zone,timestamptz,NO,now(),NO,NEVER,,,N,
reward_redemptions,status,6,text,text,YES,,NO,NEVER,,,N,
reward_redemptions,expires_at,7,timestamp with time zone,timestamptz,YES,,NO,NEVER,,,N,
reward_redemptions,coupon_code,8,text,text,YES,,NO,NEVER,,,N,
reward_redemptions,coupon_sms_sent_at,9,timestamp with time zone,timestamptz,YES,,NO,NEVER,,,N,
reward_redemptions,coupon_sms_message_id,10,text,text,YES,,NO,NEVER,,,N,
reward_redemptions,coupon_sms_status,11,text,text,YES,,NO,NEVER,,,N,
rewards_catalog,id,1,uuid,uuid,NO,gen_random_uuid(),NO,NEVER,,,Y,
rewards_catalog,name,2,text,text,NO,,NO,NEVER,,,N,
rewards_catalog,description,3,text,text,YES,,NO,NEVER,,,N,
rewards_catalog,points_cost,4,integer,int4,NO,,NO,NEVER,,,N,
rewards_catalog,cash_value,5,numeric,numeric,NO,0,NO,NEVER,,,N,
rewards_catalog,type,6,text,text,NO,'discount'::text,NO,NEVER,,,N,
rewards_catalog,image_url,7,text,text,YES,,NO,NEVER,,,N,
rewards_catalog,validity_days,8,integer,int4,YES,,NO,NEVER,,,N,
rewards_catalog,is_active,9,boolean,bool,NO,true,NO,NEVER,,,N,
rewards_catalog,display_order,10,integer,int4,NO,0,NO,NEVER,,,N,
rewards_catalog,created_at,11,timestamp with time zone,timestamptz,NO,now(),NO,NEVER,,,N,
rewards_catalog,updated_at,12,timestamp with time zone,timestamptz,NO,now(),NO,NEVER,,,N,
rewards_catalog,redemption_link,13,text,text,YES,,NO,NEVER,,,N,
role_permissions,id,1,uuid,uuid,NO,gen_random_uuid(),NO,NEVER,0,-1,Y,
role_permissions,role_id,2,uuid,uuid,NO,,NO,NEVER,0,34,N,roles.id
role_permissions,permission_name,3,text,text,NO,,NO,NEVER,0,-0.19230769574642181,N,
role_permissions,resource,4,text,text,NO,,NO,NEVER,0,1,N,
role_permissions,action,5,text,text,NO,,NO,NEVER,0,1,N,
role_permissions,created_at,6,timestamp with time zone,timestamptz,YES,now(),NO,NEVER,0,-0.6054590344429016,N,
roles,id,1,uuid,uuid,NO,gen_random_uuid(),NO,NEVER,0,-1,Y,
roles,name,2,text,text,NO,,NO,NEVER,0,-1,N,
roles,display_name,3,text,text,NO,,NO,NEVER,0,-1,N,
roles,description,4,text,text,YES,,NO,NEVER,0,-1,N,
roles,is_system_role,5,boolean,bool,YES,false,NO,NEVER,0,2,N,
roles,is_active,6,boolean,bool,YES,true,NO,NEVER,0,1,N,
roles,created_at,7,timestamp with time zone,timestamptz,YES,now(),NO,NEVER,0,-0.5,N,
roles,updated_at,8,timestamp with time zone,timestamptz,YES,now(),NO,NEVER,0,-0.3214285671710968,N,
roles,config,9,jsonb,jsonb,YES,'{}'::jsonb,NO,NEVER,0,-1,N,
roles,role_type,10,text,text,YES,'vendor'::text,NO,NEVER,,,N,
sample_collection_assignments,id,1,uuid,uuid,NO,gen_random_uuid(),NO,NEVER,,,Y,
sample_collection_assignments,assignment_id,2,text,text,NO,,NO,NEVER,,,N,
sample_collection_assignments,booking_id,3,uuid,uuid,NO,,NO,NEVER,,,N,bookings.id
sample_collection_assignments,diagnostic_booking_id,4,uuid,uuid,YES,,NO,NEVER,,,N,diagnostic_bookings.id
sample_collection_assignments,vendor_id,5,uuid,uuid,NO,,NO,NEVER,,,N,vendors.id
sample_collection_assignments,staff_id,6,uuid,uuid,NO,,NO,NEVER,,,N,staff.id
sample_collection_assignments,customer_id,7,uuid,uuid,NO,,NO,NEVER,,,N,customers.id
sample_collection_assignments,customer_name,8,text,text,NO,,NO,NEVER,,,N,
sample_collection_assignments,customer_phone,9,text,text,NO,,NO,NEVER,,,N,
sample_collection_assignments,customer_address,10,jsonb,jsonb,NO,,NO,NEVER,,,N,
sample_collection_assignments,pet_id,11,uuid,uuid,YES,,NO,NEVER,,,N,pets.id
sample_collection_assignments,pet_name,12,text,text,YES,,NO,NEVER,,,N,
sample_collection_assignments,diagnostic_tests,13,jsonb,jsonb,YES,'[]'::jsonb,NO,NEVER,,,N,
sample_collection_assignments,scheduled_date,14,date,date,NO,,NO,NEVER,,,N,
sample_collection_assignments,scheduled_time,15,time without time zone,time,NO,,NO,NEVER,,,N,
sample_collection_assignments,scheduled_datetime,16,timestamp with time zone,timestamptz,NO,,NO,NEVER,,,N,
sample_collection_assignments,estimated_duration,17,integer,int4,YES,30,NO,NEVER,,,N,
sample_collection_assignments,status,18,text,text,NO,'assigned'::text,NO,NEVER,,,N,
sample_collection_assignments,collection_otp,19,text,text,YES,,NO,NEVER,,,N,
sample_collection_assignments,otp_verified,20,boolean,bool,YES,false,NO,NEVER,,,N,
sample_collection_assignments,departure_time,21,timestamp with time zone,timestamptz,YES,,NO,NEVER,,,N,
sample_collection_assignments,arrival_time,22,timestamp with time zone,timestamptz,YES,,NO,NEVER,,,N,
sample_collection_assignments,collection_start_time,23,timestamp with time zone,timestamptz,YES,,NO,NEVER,,,N,
sample_collection_assignments,collection_completed_time,24,timestamp with time zone,timestamptz,YES,,NO,NEVER,,,N,
sample_collection_assignments,return_time,25,timestamp with time zone,timestamptz,YES,,NO,NEVER,,,N,
sample_collection_assignments,completion_time,26,timestamp with time zone,timestamptz,YES,,NO,NEVER,,,N,
sample_collection_assignments,current_location,27,jsonb,jsonb,YES,,NO,NEVER,,,N,
sample_collection_assignments,route,28,jsonb,jsonb,YES,'[]'::jsonb,NO,NEVER,,,N,
sample_collection_assignments,notes,29,text,text,YES,,NO,NEVER,,,N,
sample_collection_assignments,cancellation_reason,30,text,text,YES,,NO,NEVER,,,N,
sample_collection_assignments,created_at,31,timestamp with time zone,timestamptz,YES,now(),NO,NEVER,,,N,
sample_collection_assignments,updated_at,32,timestamp with time zone,timestamptz,YES,now(),NO,NEVER,,,N,
scheduled_notifications,id,1,uuid,uuid,NO,gen_random_uuid(),NO,NEVER,,,Y,
scheduled_notifications,notification_type,2,character varying,varchar,NO,,NO,NEVER,,,N,
scheduled_notifications,recipient_type,3,character varying,varchar,NO,,NO,NEVER,,,N,
scheduled_notifications,recipient_id,4,uuid,uuid,NO,,NO,NEVER,,,N,
scheduled_notifications,booking_id,5,uuid,uuid,YES,,NO,NEVER,,,N,
scheduled_notifications,order_id,6,uuid,uuid,YES,,NO,NEVER,,,N,
scheduled_notifications,title,7,character varying,varchar,NO,,NO,NEVER,,,N,
scheduled_notifications,body,8,text,text,NO,,NO,NEVER,,,N,
scheduled_notifications,data,9,jsonb,jsonb,YES,,NO,NEVER,,,N,
scheduled_notifications,scheduled_at,10,timestamp with time zone,timestamptz,NO,,NO,NEVER,,,N,
scheduled_notifications,send_at,11,timestamp with time zone,timestamptz,NO,,NO,NEVER,,,N,
scheduled_notifications,status,12,character varying,varchar,YES,'pending'::character varying,NO,NEVER,,,N,
scheduled_notifications,sent_at,13,timestamp with time zone,timestamptz,YES,,NO,NEVER,,,N,
scheduled_notifications,error_message,14,text,text,YES,,NO,NEVER,,,N,
scheduled_notifications,retry_count,15,integer,int4,YES,0,NO,NEVER,,,N,
scheduled_notifications,created_at,16,timestamp with time zone,timestamptz,YES,now(),NO,NEVER,,,N,
scheduled_notifications,updated_at,17,timestamp with time zone,timestamptz,YES,now(),NO,NEVER,,,N,
scheduling_policies,id,1,uuid,uuid,NO,gen_random_uuid(),NO,NEVER,,,Y,
scheduling_policies,policy_name,2,text,text,NO,,NO,NEVER,,,N,
scheduling_policies,policy_type,3,text,text,NO,,NO,NEVER,,,N,
scheduling_policies,policy_config,4,jsonb,jsonb,NO,,NO,NEVER,,,N,
scheduling_policies,is_active,5,boolean,bool,YES,true,NO,NEVER,,,N,
scheduling_policies,created_at,6,timestamp with time zone,timestamptz,YES,now(),NO,NEVER,,,N,
scheduling_policies,updated_at,7,timestamp with time zone,timestamptz,YES,now(),NO,NEVER,,,N,
schema_migrations,id,1,integer,int4,NO,nextval('schema_migrations_id_seq'::regclass),NO,NEVER,,,Y,
schema_migrations,filename,2,text,text,NO,,NO,NEVER,,,N,
schema_migrations,executed_at,3,timestamp with time zone,timestamptz,YES,CURRENT_TIMESTAMP,NO,NEVER,,,N,
search_analytics,id,1,uuid,uuid,NO,gen_random_uuid(),NO,NEVER,,,Y,
search_analytics,search_date,2,date,date,NO,,NO,NEVER,,,N,
search_analytics,query,3,text,text,NO,,NO,NEVER,,,N,
search_analytics,results_count,4,integer,int4,YES,0,NO,NEVER,,,N,
search_analytics,zero_results,5,boolean,bool,YES,false,NO,NEVER,,,N,
search_analytics,created_at,6,timestamp with time zone,timestamptz,YES,now(),NO,NEVER,,,N,
search_history,id,1,uuid,uuid,NO,gen_random_uuid(),NO,NEVER,,,Y,
search_history,customer_id,2,uuid,uuid,YES,,NO,NEVER,,,N,customers.id
search_history,search_query,3,text,text,NO,,NO,NEVER,,,N,
search_history,results_count,4,integer,int4,YES,0,NO,NEVER,,,N,
search_history,clicked_result_id,5,uuid,uuid,YES,,NO,NEVER,,,N,
search_history,created_at,6,timestamp with time zone,timestamptz,YES,now(),NO,NEVER,,,N,
search_index,id,1,uuid,uuid,NO,gen_random_uuid(),NO,NEVER,0,-1,Y,
search_index,entity_type,2,text,text,NO,,NO,NEVER,0,2,N,
search_index,entity_id,3,uuid,uuid,NO,,NO,NEVER,0,-1,N,
search_index,search_text,4,text,text,NO,,NO,NEVER,0,-1,N,
search_index,search_vector,5,tsvector,tsvector,YES,,NO,ALWAYS,0,-1,N,
search_index,metadata,6,jsonb,jsonb,YES,,NO,NEVER,0,-1,N,
search_index,created_at,7,timestamp with time zone,timestamptz,YES,now(),NO,NEVER,0,2,N,
search_index,updated_at,8,timestamp with time zone,timestamptz,YES,now(),NO,NEVER,0,2,N,
service_catalog,id,1,uuid,uuid,NO,gen_random_uuid(),NO,NEVER,0,-1,Y,
service_catalog,service_id,2,text,text,NO,,NO,NEVER,0,-1,N,
service_catalog,service_name,3,text,text,NO,,NO,NEVER,0,-0.8143712282180786,N,
service_catalog,display_name,4,text,text,YES,,NO,NEVER,0,-0.8143712282180786,N,
service_catalog,description,5,text,text,YES,,NO,NEVER,0,-0.940119743347168,N,
service_catalog,category_id,6,text,text,YES,,NO,NEVER,0.17365269362926483,19,N,
service_catalog,category_name,7,text,text,YES,,NO,NEVER,0.27544909715652466,11,N,
service_catalog,sub_category_id,8,text,text,YES,,NO,NEVER,0.8233532905578613,1,N,
service_catalog,sub_category_name,9,text,text,YES,,NO,NEVER,0.8892215490341187,1,N,
service_catalog,applicable_roles,10,ARRAY,_text,NO,'{}'::text[],NO,NEVER,0,-0.16167664527893066,N,
service_catalog,service_style,11,text,text,YES,,NO,NEVER,0,3,N,
service_catalog,base_price,12,numeric,numeric,YES,0,NO,NEVER,0,-0.21556885540485382,N,
service_catalog,duration_minutes,13,integer,int4,YES,30,NO,NEVER,0,26,N,
service_catalog,status,14,text,text,NO,'active'::text,NO,NEVER,0,2,N,
service_catalog,publish_status,15,text,text,YES,'published'::text,NO,NEVER,0,2,N,
service_catalog,metadata,16,jsonb,jsonb,YES,,NO,NEVER,0.7485029697418213,2,N,
service_catalog,display_order,17,integer,int4,YES,0,NO,NEVER,0,-0.470059871673584,N,
service_catalog,created_at,18,timestamp with time zone,timestamptz,YES,now(),NO,NEVER,0,-0.7544910311698914,N,
service_catalog,updated_at,19,timestamp with time zone,timestamptz,YES,now(),NO,NEVER,0,-0.4491018056869507,N,
service_catalog,specialization_ids,20,ARRAY,_text,NO,'{}'::text[],NO,NEVER,0,33,N,
service_catalog,tax_category_id,21,uuid,uuid,YES,,NO,NEVER,,,N,tax_categories.id
service_catalog,hsn_code_id,22,uuid,uuid,YES,,NO,NEVER,,,N,hsn_codes.id
service_categories,id,1,uuid,uuid,NO,gen_random_uuid(),NO,NEVER,0,-1,Y,
service_categories,name,2,text,text,NO,,NO,NEVER,0,-1,N,
service_categories,description,3,text,text,YES,,NO,NEVER,0,-1,N,
service_categories,display_order,5,integer,int4,YES,0,NO,NEVER,0,-0.8888888955116272,N,
service_categories,created_at,6,timestamp with time zone,timestamptz,YES,now(),NO,NEVER,0,-0.3333333432674408,N,
service_categories,category_id,7,text,text,YES,,NO,NEVER,0,-1,N,
service_categories,is_active,8,boolean,bool,YES,true,NO,NEVER,0,-0.1111111119389534,N,
service_categories,icon,9,text,text,YES,,NO,NEVER,0,-0.8888888955116272,N,
service_categories,icon_color,10,text,text,YES,,NO,NEVER,0,-0.6666666865348816,N,
service_categories,updated_at,11,timestamp with time zone,timestamptz,YES,now(),NO,NEVER,0,-0.6666666865348816,N,
service_categories,customer_visibility_type,12,text,text,NO,'GLOBAL'::text,NO,NEVER,,,N,
service_categories,customer_visibility_state,13,text,text,YES,,NO,NEVER,,,N,
service_categories,customer_visibility_city,14,text,text,YES,,NO,NEVER,,,N,
service_categories,customer_dashboard_card_active,15,boolean,bool,NO,true,NO,NEVER,,,N,
service_categories,has_problem_grid,16,boolean,bool,NO,false,NO,NEVER,,,N,
service_categories,vendor_roles,17,ARRAY,_text,NO,'{}'::text[],NO,NEVER,,,N,
service_packages,id,1,uuid,uuid,NO,gen_random_uuid(),NO,NEVER,,,Y,
service_packages,vendor_id,2,uuid,uuid,NO,,NO,NEVER,,,N,vendors.id
service_packages,package_name,3,character varying,varchar,NO,,NO,NEVER,,,N,
service_packages,name,4,text,text,YES,,NO,NEVER,,,N,
service_packages,service_type,5,character varying,varchar,NO,,NO,NEVER,,,N,
service_packages,description,6,text,text,YES,,NO,NEVER,,,N,
service_packages,price,7,numeric,numeric,NO,,NO,NEVER,,,N,
service_packages,duration_days,8,integer,int4,YES,,NO,NEVER,,,N,
service_packages,validity_days,9,integer,int4,YES,,NO,NEVER,,,N,
service_packages,sessions_included,10,integer,int4,YES,,NO,NEVER,,,N,
service_packages,session_count,11,integer,int4,YES,,NO,NEVER,,,N,
service_packages,total_sessions,12,integer,int4,YES,,NO,NEVER,,,N,
service_packages,service_style,13,text,text,YES,,NO,NEVER,,,N,
service_packages,allowed_roles,14,ARRAY,_text,YES,ARRAY['all'::text],NO,NEVER,,,N,
service_packages,is_active,15,boolean,bool,YES,true,NO,NEVER,,,N,
service_packages,created_at,16,timestamp without time zone,timestamp,YES,CURRENT_TIMESTAMP,NO,NEVER,,,N,
service_packages,updated_at,17,timestamp without time zone,timestamp,YES,CURRENT_TIMESTAMP,NO,NEVER,,,N,
service_publishing,id,1,uuid,uuid,NO,gen_random_uuid(),NO,NEVER,,,Y,
service_publishing,service_id,2,uuid,uuid,NO,,NO,NEVER,,,N,services.id
service_publishing,vendor_id,3,uuid,uuid,NO,,NO,NEVER,,,N,vendors.id
service_publishing,publish_status,4,text,text,NO,'draft'::text,NO,NEVER,,,N,
service_publishing,service_style,5,text,text,NO,,NO,NEVER,,,N,
service_publishing,published_at,6,timestamp with time zone,timestamptz,YES,,NO,NEVER,,,N,
service_publishing,rejected_at,7,timestamp with time zone,timestamptz,YES,,NO,NEVER,,,N,
service_publishing,rejection_reason,8,text,text,YES,,NO,NEVER,,,N,
service_publishing,created_at,9,timestamp with time zone,timestamptz,YES,now(),NO,NEVER,,,N,
service_publishing,updated_at,10,timestamp with time zone,timestamptz,YES,now(),NO,NEVER,,,N,
service_style_mappings,id,1,uuid,uuid,NO,gen_random_uuid(),NO,NEVER,,,Y,
service_style_mappings,legacy_name,2,text,text,NO,,NO,NEVER,,,N,
service_style_mappings,standard_name,3,text,text,NO,,NO,NEVER,,,N,
service_style_mappings,description,4,text,text,YES,,NO,NEVER,,,N,
service_style_mappings,created_at,5,timestamp with time zone,timestamptz,YES,now(),NO,NEVER,,,N,
services,id,1,uuid,uuid,NO,gen_random_uuid(),NO,NEVER,0,-1,Y,
services,vendor_id,2,uuid,uuid,YES,,NO,NEVER,0.9830028414726257,5,N,vendors.id
services,name,3,text,text,NO,,NO,NEVER,0,-0.8810198307037354,N,
services,description,4,text,text,YES,,NO,NEVER,0,-0.7535410523414612,N,
services,category,5,text,text,NO,,NO,NEVER,0,20,N,
services,price,6,numeric,numeric,NO,,NO,NEVER,0,-0.35410764813423157,N,
services,duration_minutes,7,integer,int4,YES,,NO,NEVER,0,27,N,
services,is_active,8,boolean,bool,YES,true,NO,NEVER,0,1,N,
services,created_at,9,timestamp with time zone,timestamptz,YES,now(),NO,NEVER,0,-1,N,
services,updated_at,10,timestamp with time zone,timestamptz,YES,now(),NO,NEVER,0,-1,N,
services,gst_config_id,11,uuid,uuid,YES,,NO,NEVER,1,0,N,gst_configs.id
settlement_rules,id,1,uuid,uuid,NO,gen_random_uuid(),NO,NEVER,,,Y,
settlement_rules,rule_name,2,text,text,NO,,NO,NEVER,,,N,
settlement_rules,description,3,text,text,YES,,NO,NEVER,,,N,
settlement_rules,rule_type,4,text,text,NO,'settlement'::text,NO,NEVER,,,N,
settlement_rules,conditions,5,jsonb,jsonb,YES,'{}'::jsonb,NO,NEVER,,,N,
settlement_rules,actions,6,jsonb,jsonb,YES,'{}'::jsonb,NO,NEVER,,,N,
settlement_rules,is_active,7,boolean,bool,YES,true,NO,NEVER,,,N,
settlement_rules,priority,8,integer,int4,YES,1,NO,NEVER,,,N,
settlement_rules,created_at,9,timestamp with time zone,timestamptz,YES,now(),NO,NEVER,,,N,
settlement_rules,updated_at,10,timestamp with time zone,timestamptz,YES,now(),NO,NEVER,,,N,
settlement_schedules,id,1,uuid,uuid,NO,gen_random_uuid(),NO,NEVER,,,Y,
settlement_schedules,vendor_id,2,uuid,uuid,YES,,NO,NEVER,,,N,vendors.id
settlement_schedules,schedule_type,3,text,text,NO,,NO,NEVER,,,N,
settlement_schedules,day_of_week,4,integer,int4,YES,,NO,NEVER,,,N,
settlement_schedules,day_of_month,5,integer,int4,YES,,NO,NEVER,,,N,
settlement_schedules,is_active,6,boolean,bool,YES,true,NO,NEVER,,,N,
settlement_schedules,created_at,7,timestamp with time zone,timestamptz,YES,now(),NO,NEVER,,,N,
settlements,id,1,uuid,uuid,NO,gen_random_uuid(),NO,NEVER,,,Y,
settlements,vendor_id,2,uuid,uuid,NO,,NO,NEVER,,,N,vendors.id
settlements,total_amount,3,numeric,numeric,NO,,NO,NEVER,,,N,
settlements,commission_amount,4,numeric,numeric,NO,,NO,NEVER,,,N,
settlements,net_amount,5,numeric,numeric,NO,,NO,NEVER,,,N,
settlements,settlement_status,6,text,text,NO,'pending'::text,NO,NEVER,,,N,
settlements,settlement_period_start,7,date,date,NO,,NO,NEVER,,,N,
settlements,settlement_period_end,8,date,date,NO,,NO,NEVER,,,N,
settlements,payment_ids,9,ARRAY,_uuid,NO,,NO,NEVER,,,N,
settlements,payout_id,10,uuid,uuid,YES,,NO,NEVER,,,N,payouts.id
settlements,created_at,11,timestamp with time zone,timestamptz,YES,now(),NO,NEVER,,,N,
settlements,processed_at,12,timestamp with time zone,timestamptz,YES,,NO,NEVER,,,N,
settlements,completed_at,13,timestamp with time zone,timestamptz,YES,,NO,NEVER,,,N,
settlements,booking_id,14,uuid,uuid,YES,,NO,NEVER,,,N,bookings.id
settlements,payment_id,15,uuid,uuid,YES,,NO,NEVER,,,N,payments.id
settlements,settlement_date,16,date,date,YES,,NO,NEVER,,,N,
settlements,razorpay_settlement_id,17,text,text,YES,,NO,NEVER,,,N,
settlements,currency,18,text,text,YES,'INR'::text,NO,NEVER,,,N,
settlements,failure_reason,19,text,text,YES,,NO,NEVER,,,N,
settlements,settlement_key,20,text,text,YES,,NO,NEVER,,,N,
settlements,excluded_payment_ids,21,ARRAY,_uuid,YES,'{}'::uuid[],NO,NEVER,,,N,
settlements,commission_rate_used,22,numeric,numeric,YES,,NO,NEVER,,,N,
shipment_tracking_events,id,1,uuid,uuid,NO,gen_random_uuid(),NO,NEVER,,,Y,
shipment_tracking_events,shipment_id,2,uuid,uuid,NO,,NO,NEVER,,,N,shipments.id
shipment_tracking_events,event_type,3,text,text,NO,,NO,NEVER,,,N,
shipment_tracking_events,event_description,4,text,text,YES,,NO,NEVER,,,N,
shipment_tracking_events,location,5,text,text,YES,,NO,NEVER,,,N,
shipment_tracking_events,timestamp,6,timestamp with time zone,timestamptz,NO,,NO,NEVER,,,N,
shipment_tracking_events,metadata,7,jsonb,jsonb,YES,,NO,NEVER,,,N,
shipment_tracking_events,created_at,8,timestamp with time zone,timestamptz,YES,now(),NO,NEVER,,,N,
shipment_tracking_events,raw_data,9,jsonb,jsonb,YES,'{}'::jsonb,NO,NEVER,,,N,
shipments,id,1,uuid,uuid,NO,gen_random_uuid(),NO,NEVER,,,Y,
shipments,order_id,2,uuid,uuid,NO,,NO,NEVER,,,N,orders.id
shipments,logistics_partner_id,3,uuid,uuid,YES,,NO,NEVER,,,N,logistics_partners.id
shipments,awb_code,4,text,text,YES,,NO,NEVER,,,N,
shipments,courier_name,5,text,text,YES,,NO,NEVER,,,N,
shipments,pickup_pincode,6,text,text,NO,,NO,NEVER,,,N,
shipments,delivery_pincode,7,text,text,NO,,NO,NEVER,,,N,
shipments,weight_kg,8,numeric,numeric,YES,,NO,NEVER,,,N,
shipments,shipment_status,9,text,text,NO,'pending'::text,NO,NEVER,,,N,
shipments,tracking_url,10,text,text,YES,,NO,NEVER,,,N,
shipments,estimated_delivery_date,11,date,date,YES,,NO,NEVER,,,N,
shipments,delivered_at,12,timestamp with time zone,timestamptz,YES,,NO,NEVER,,,N,
shipments,created_at,13,timestamp with time zone,timestamptz,YES,now(),NO,NEVER,,,N,
shipments,updated_at,14,timestamp with time zone,timestamptz,YES,now(),NO,NEVER,,,N,
shipments,current_location,15,character varying,varchar,YES,,NO,NEVER,,,N,
shipments,estimated_delivery,16,timestamp with time zone,timestamptz,YES,,NO,NEVER,,,N,
shipments,shipped_at,17,timestamp with time zone,timestamptz,YES,,NO,NEVER,,,N,
shipments,picked_up_at,18,timestamp with time zone,timestamptz,YES,,NO,NEVER,,,N,
shipments,pickup_address,19,jsonb,jsonb,YES,,NO,NEVER,,,N,
shipments,delivery_address,20,jsonb,jsonb,YES,,NO,NEVER,,,N,
shipments,fulfillment_type,21,text,text,YES,'warmpawz'::text,NO,NEVER,,,N,
shipments,logistics_partner,22,text,text,YES,,NO,NEVER,,,N,
shipments,shipment_id,23,text,text,YES,,NO,NEVER,,,N,
shipments,status,24,text,text,YES,'created'::text,NO,NEVER,,,N,
shipments,aftership_tracking_id,25,text,text,YES,,NO,NEVER,,,N,
shipments,tracking_provider,26,text,text,YES,'aftership'::text,NO,NEVER,,,N,
shipments,last_polled_at,27,timestamp with time zone,timestamptz,YES,,NO,NEVER,,,N,
shopping_carts,id,1,uuid,uuid,NO,gen_random_uuid(),NO,NEVER,,,Y,
shopping_carts,customer_id,2,uuid,uuid,NO,,NO,NEVER,,,N,customers.id
shopping_carts,items,3,jsonb,jsonb,NO,'[]'::jsonb,NO,NEVER,,,N,
shopping_carts,subtotal,4,numeric,numeric,YES,0,NO,NEVER,,,N,
shopping_carts,tax,5,numeric,numeric,YES,0,NO,NEVER,,,N,
shopping_carts,gst,6,numeric,numeric,YES,0,NO,NEVER,,,N,
shopping_carts,shipping,7,numeric,numeric,YES,0,NO,NEVER,,,N,
shopping_carts,discount,8,numeric,numeric,YES,0,NO,NEVER,,,N,
shopping_carts,total,9,numeric,numeric,YES,0,NO,NEVER,,,N,
shopping_carts,coupon_code,10,text,text,YES,,NO,NEVER,,,N,
shopping_carts,created_at,11,timestamp with time zone,timestamptz,YES,now(),NO,NEVER,,,N,
shopping_carts,updated_at,12,timestamp with time zone,timestamptz,YES,now(),NO,NEVER,,,N,
specialization_master,id,1,uuid,uuid,NO,gen_random_uuid(),NO,NEVER,,,Y,
specialization_master,specialization_id,2,text,text,NO,,NO,NEVER,,,N,
specialization_master,name,3,text,text,NO,,NO,NEVER,,,N,
specialization_master,display_name,4,text,text,YES,,NO,NEVER,,,N,
specialization_master,description,5,text,text,YES,,NO,NEVER,,,N,
specialization_master,short_description,6,text,text,YES,,NO,NEVER,,,N,
specialization_master,category_id,7,text,text,YES,,NO,NEVER,,,N,
specialization_master,applicable_roles,8,ARRAY,_text,NO,'{}'::text[],NO,NEVER,,,N,
specialization_master,icon_name,9,text,text,YES,,NO,NEVER,,,N,
specialization_master,icon_color,10,text,text,YES,,NO,NEVER,,,N,
specialization_master,display_order,11,integer,int4,YES,0,NO,NEVER,,,N,
specialization_master,is_active,12,boolean,bool,YES,true,NO,NEVER,,,N,
specialization_master,show_in_problem_grid,13,boolean,bool,YES,true,NO,NEVER,,,N,
specialization_master,show_in_vendor_profile,14,boolean,bool,YES,true,NO,NEVER,,,N,
specialization_master,show_in_services_dashboard,15,boolean,bool,YES,true,NO,NEVER,,,N,
specialization_master,allowed_service_styles,16,jsonb,jsonb,YES,"'[""at_home"", ""at_center"", ""tele""]'::jsonb",NO,NEVER,,,N,
specialization_master,metadata,17,jsonb,jsonb,YES,'{}'::jsonb,NO,NEVER,,,N,
specialization_master,created_at,18,timestamp with time zone,timestamptz,YES,now(),NO,NEVER,,,N,
specialization_master,updated_at,19,timestamp with time zone,timestamptz,YES,now(),NO,NEVER,,,N,
specialization_symptoms,id,1,uuid,uuid,NO,gen_random_uuid(),NO,NEVER,0,-1,Y,
specialization_symptoms,specialization_id,2,text,text,NO,,NO,NEVER,0,-0.19653178751468658,N,specialization_master.specialization_id
specialization_symptoms,symptom_name,3,text,text,NO,,NO,NEVER,0,-0.9595375657081604,N,
specialization_symptoms,symptom_display_name,4,text,text,YES,,NO,NEVER,0,-0.9595375657081604,N,
specialization_symptoms,symptom_keywords,5,ARRAY,_text,YES,'{}'::text[],NO,NEVER,0,1,N,
specialization_symptoms,pet_types,6,ARRAY,_text,YES,'{}'::text[],NO,NEVER,0,1,N,
specialization_symptoms,display_order,7,integer,int4,YES,0,NO,NEVER,0,8,N,
specialization_symptoms,is_active,8,boolean,bool,YES,true,NO,NEVER,0,1,N,
specialization_symptoms,created_at,9,timestamp with time zone,timestamptz,YES,now(),NO,NEVER,0,-1,N,
spotlight_analytics,id,1,uuid,uuid,NO,gen_random_uuid(),NO,NEVER,,,Y,
spotlight_analytics,spotlight_id,2,uuid,uuid,NO,,NO,NEVER,,,N,spotlight_offers.id
spotlight_analytics,customer_id,3,uuid,uuid,YES,,NO,NEVER,,,N,customers.id
spotlight_analytics,event_type,4,text,text,NO,,NO,NEVER,,,N,
spotlight_analytics,created_at,5,timestamp with time zone,timestamptz,YES,now(),NO,NEVER,,,N,
spotlight_offers,id,1,uuid,uuid,NO,gen_random_uuid(),NO,NEVER,,,Y,
spotlight_offers,role_id,2,text,text,NO,,NO,NEVER,,,N,
spotlight_offers,service_category,3,text,text,YES,,NO,NEVER,,,N,
spotlight_offers,title,4,text,text,NO,,NO,NEVER,,,N,
spotlight_offers,subtitle,5,text,text,YES,,NO,NEVER,,,N,
spotlight_offers,discount_type,6,text,text,NO,,NO,NEVER,,,N,
spotlight_offers,discount_value,7,numeric,numeric,YES,,NO,NEVER,,,N,
spotlight_offers,badge_text,8,text,text,YES,,NO,NEVER,,,N,
spotlight_offers,icon,9,text,text,YES,,NO,NEVER,,,N,
spotlight_offers,image_url,10,text,text,YES,,NO,NEVER,,,N,
spotlight_offers,cta_text,11,text,text,YES,'Book Now'::text,NO,NEVER,,,N,
spotlight_offers,cta_link,12,text,text,YES,,NO,NEVER,,,N,
spotlight_offers,metadata,13,jsonb,jsonb,YES,,NO,NEVER,,,N,
spotlight_offers,start_date,14,timestamp with time zone,timestamptz,YES,,NO,NEVER,,,N,
spotlight_offers,end_date,15,timestamp with time zone,timestamptz,YES,,NO,NEVER,,,N,
spotlight_offers,is_active,16,boolean,bool,YES,true,NO,NEVER,,,N,
spotlight_offers,display_order,17,integer,int4,YES,0,NO,NEVER,,,N,
spotlight_offers,created_at,18,timestamp with time zone,timestamptz,YES,now(),NO,NEVER,,,N,
spotlight_offers,updated_at,19,timestamp with time zone,timestamptz,YES,now(),NO,NEVER,,,N,
staff,id,1,uuid,uuid,NO,gen_random_uuid(),NO,NEVER,,,Y,
staff,vendor_id,2,uuid,uuid,NO,,NO,NEVER,,,N,vendors.id
staff,name,3,text,text,NO,,NO,NEVER,,,N,
staff,phone,4,text,text,NO,,NO,NEVER,,,N,
staff,email,5,text,text,YES,,NO,NEVER,,,N,
staff,role,6,text,text,NO,,NO,NEVER,,,N,
staff,experience_years,7,integer,int4,YES,,NO,NEVER,,,N,
staff,is_active,8,boolean,bool,YES,true,NO,NEVER,,,N,
staff,created_at,9,timestamp with time zone,timestamptz,YES,now(),NO,NEVER,,,N,
staff,updated_at,10,timestamp with time zone,timestamptz,YES,now(),NO,NEVER,,,N,
staff,mobile_verified,11,boolean,bool,YES,false,NO,NEVER,,,N,
staff,is_individual_provider,12,boolean,bool,YES,false,NO,NEVER,,,N,
staff,qualifications,13,text,text,YES,,NO,NEVER,,,N,
staff,default_location,14,jsonb,jsonb,YES,,NO,NEVER,,,N,
staff,photo,15,text,text,YES,,NO,NEVER,,,N,
staff,photo_url,16,text,text,YES,,NO,NEVER,,,N,
staff,photos,17,jsonb,jsonb,YES,,NO,NEVER,,,N,
staff_availability,id,1,uuid,uuid,NO,gen_random_uuid(),NO,NEVER,,,Y,
staff_availability,staff_id,2,uuid,uuid,NO,,NO,NEVER,,,N,staff.id
staff_availability,date,3,date,date,NO,,NO,NEVER,,,N,
staff_availability,start_time,4,time without time zone,time,NO,,NO,NEVER,,,N,
staff_availability,end_time,5,time without time zone,time,NO,,NO,NEVER,,,N,
staff_availability,is_available,6,boolean,bool,YES,true,NO,NEVER,,,N,
staff_availability,created_at,7,timestamp with time zone,timestamptz,YES,now(),NO,NEVER,,,N,
staff_availability_per_style,id,1,uuid,uuid,NO,gen_random_uuid(),NO,NEVER,,,Y,
staff_availability_per_style,staff_id,2,uuid,uuid,NO,,NO,NEVER,,,N,staff.id
staff_availability_per_style,service_style,3,character varying,varchar,NO,,NO,NEVER,,,N,
staff_availability_per_style,day_of_week,4,integer,int4,NO,,NO,NEVER,,,N,
staff_availability_per_style,start_time,5,time without time zone,time,NO,,NO,NEVER,,,N,
staff_availability_per_style,end_time,6,time without time zone,time,NO,,NO,NEVER,,,N,
staff_availability_per_style,is_active,7,boolean,bool,YES,true,NO,NEVER,,,N,
staff_availability_per_style,max_appointments_per_slot,8,integer,int4,YES,1,NO,NEVER,,,N,
staff_availability_per_style,slot_duration_minutes,9,integer,int4,YES,30,NO,NEVER,,,N,
staff_availability_per_style,buffer_minutes,10,integer,int4,YES,15,NO,NEVER,,,N,
staff_availability_per_style,created_at,11,timestamp with time zone,timestamptz,YES,now(),NO,NEVER,,,N,
staff_availability_per_style,updated_at,12,timestamp with time zone,timestamptz,YES,now(),NO,NEVER,,,N,
staff_certifications,id,1,uuid,uuid,NO,gen_random_uuid(),NO,NEVER,,,Y,
staff_certifications,staff_id,2,uuid,uuid,NO,,NO,NEVER,,,N,staff.id
staff_certifications,certification_name,3,text,text,NO,,NO,NEVER,,,N,
staff_certifications,certification_url,4,text,text,YES,,NO,NEVER,,,N,
staff_certifications,issued_date,5,date,date,YES,,NO,NEVER,,,N,
staff_certifications,expiry_date,6,date,date,YES,,NO,NEVER,,,N,
staff_certifications,created_at,7,timestamp with time zone,timestamptz,YES,now(),NO,NEVER,,,N,
staff_schedules,id,1,uuid,uuid,NO,gen_random_uuid(),NO,NEVER,,,Y,
staff_schedules,staff_id,2,uuid,uuid,NO,,NO,NEVER,,,N,staff.id
staff_schedules,day_of_week,3,integer,int4,NO,,NO,NEVER,,,N,
staff_schedules,start_time,4,time without time zone,time,NO,,NO,NEVER,,,N,
staff_schedules,end_time,5,time without time zone,time,NO,,NO,NEVER,,,N,
staff_schedules,is_available,6,boolean,bool,YES,true,NO,NEVER,,,N,
staff_schedules,created_at,7,timestamp with time zone,timestamptz,YES,now(),NO,NEVER,,,N,
staff_services,id,1,uuid,uuid,NO,gen_random_uuid(),NO,NEVER,,,Y,
staff_services,staff_id,2,uuid,uuid,NO,,NO,NEVER,,,N,staff.id
staff_services,service_id,3,uuid,uuid,NO,,NO,NEVER,,,N,services.id
staff_services,price,4,numeric,numeric,YES,,NO,NEVER,,,N,
staff_services,duration_minutes,5,integer,int4,YES,,NO,NEVER,,,N,
staff_services,is_active,6,boolean,bool,YES,true,NO,NEVER,,,N,
staff_services,created_at,7,timestamp with time zone,timestamptz,YES,now(),NO,NEVER,,,N,
staff_specializations,id,1,uuid,uuid,NO,gen_random_uuid(),NO,NEVER,,,Y,
staff_specializations,staff_id,2,uuid,uuid,NO,,NO,NEVER,,,N,staff.id
staff_specializations,specialization,3,text,text,NO,,NO,NEVER,,,N,
staff_specializations,created_at,4,timestamp with time zone,timestamptz,YES,now(),NO,NEVER,,,N,
subscription_deliveries,id,1,uuid,uuid,NO,gen_random_uuid(),NO,NEVER,,,Y,
subscription_deliveries,subscription_id,2,uuid,uuid,NO,,NO,NEVER,,,N,subscriptions.id
subscription_deliveries,delivery_date,3,date,date,NO,,NO,NEVER,,,N,
subscription_deliveries,delivery_status,4,text,text,NO,'pending'::text,NO,NEVER,,,N,
subscription_deliveries,shipment_id,5,uuid,uuid,YES,,NO,NEVER,,,N,
subscription_deliveries,created_at,6,timestamp with time zone,timestamptz,YES,now(),NO,NEVER,,,N,
subscription_deliveries,updated_at,7,timestamp with time zone,timestamptz,YES,now(),NO,NEVER,,,N,
subscription_payments,id,1,uuid,uuid,NO,gen_random_uuid(),NO,NEVER,,,Y,
subscription_payments,subscription_id,2,uuid,uuid,NO,,NO,NEVER,,,N,subscriptions.id
subscription_payments,payment_id,3,uuid,uuid,NO,,NO,NEVER,,,N,payments.id
subscription_payments,billing_date,4,date,date,NO,,NO,NEVER,,,N,
subscription_payments,amount,5,numeric,numeric,NO,,NO,NEVER,,,N,
subscription_payments,payment_status,6,text,text,NO,'pending'::text,NO,NEVER,,,N,
subscription_payments,retry_count,7,integer,int4,YES,0,NO,NEVER,,,N,
subscription_payments,created_at,8,timestamp with time zone,timestamptz,YES,now(),NO,NEVER,,,N,
subscription_plans,id,1,uuid,uuid,NO,gen_random_uuid(),NO,NEVER,,,Y,
subscription_plans,vendor_id,2,uuid,uuid,NO,,NO,NEVER,,,N,vendors.id
subscription_plans,name,3,text,text,NO,,NO,NEVER,,,N,
subscription_plans,description,4,text,text,YES,,NO,NEVER,,,N,
subscription_plans,price,5,numeric,numeric,NO,,NO,NEVER,,,N,
subscription_plans,interval,6,text,text,NO,,NO,NEVER,,,N,
subscription_plans,features,7,jsonb,jsonb,YES,'[]'::jsonb,NO,NEVER,,,N,
subscription_plans,is_active,8,boolean,bool,YES,true,NO,NEVER,,,N,
subscription_plans,created_at,9,timestamp with time zone,timestamptz,YES,now(),NO,NEVER,,,N,
subscription_plans,updated_at,10,timestamp with time zone,timestamptz,YES,now(),NO,NEVER,,,N,
subscription_tiers,id,1,uuid,uuid,NO,gen_random_uuid(),NO,NEVER,,,Y,
subscription_tiers,tier_name,2,text,text,NO,,NO,NEVER,,,N,
subscription_tiers,tier_level,3,integer,int4,NO,,NO,NEVER,,,N,
subscription_tiers,monthly_price,4,numeric,numeric,NO,,NO,NEVER,,,N,
subscription_tiers,features,5,jsonb,jsonb,NO,,NO,NEVER,,,N,
subscription_tiers,is_active,6,boolean,bool,YES,true,NO,NEVER,,,N,
subscription_tiers,created_at,7,timestamp with time zone,timestamptz,YES,now(),NO,NEVER,,,N,
subscription_tiers,updated_at,8,timestamp with time zone,timestamptz,YES,now(),NO,NEVER,,,N,
subscription_tiers,tier_type,9,text,text,YES,'customer'::text,NO,NEVER,,,N,
subscription_tiers,applicable_roles,10,jsonb,jsonb,YES,'[]'::jsonb,NO,NEVER,,,N,
subscription_tiers,enabled_roles,11,jsonb,jsonb,YES,'[]'::jsonb,NO,NEVER,,,N,
subscription_tiers,disabled_roles,12,jsonb,jsonb,YES,'[]'::jsonb,NO,NEVER,,,N,
subscription_tiers,billing_cycle,13,text,text,YES,'monthly'::text,NO,NEVER,,,N,
subscription_tiers,commission_rate,14,numeric,numeric,YES,,NO,NEVER,,,N,
subscription_tiers,benefits,15,jsonb,jsonb,YES,'{}'::jsonb,NO,NEVER,,,N,
subscription_tiers,quarterly_price,16,numeric,numeric,YES,,NO,NEVER,,,N,
subscription_tiers,semi_annual_price,17,numeric,numeric,YES,,NO,NEVER,,,N,
subscription_tiers,annual_price,18,numeric,numeric,YES,,NO,NEVER,,,N,
subscription_tiers,display_name,19,text,text,YES,,NO,NEVER,,,N,
subscriptions,id,1,uuid,uuid,NO,gen_random_uuid(),NO,NEVER,,,Y,
subscriptions,booking_id,2,uuid,uuid,NO,,NO,NEVER,,,N,bookings.id
subscriptions,customer_id,3,uuid,uuid,NO,,NO,NEVER,,,N,customers.id
subscriptions,vendor_id,4,uuid,uuid,YES,,NO,NEVER,,,N,vendors.id
subscriptions,service_id,5,uuid,uuid,NO,,NO,NEVER,,,N,
subscriptions,subscription_type,6,text,text,NO,,NO,NEVER,,,N,
subscriptions,status,7,text,text,NO,'active'::text,NO,NEVER,,,N,
subscriptions,start_date,8,date,date,NO,,NO,NEVER,,,N,
subscriptions,end_date,9,date,date,YES,,NO,NEVER,,,N,
subscriptions,next_billing_date,10,date,date,YES,,NO,NEVER,,,N,
subscriptions,billing_amount,11,numeric,numeric,NO,,NO,NEVER,,,N,
subscriptions,auto_renew,12,boolean,bool,YES,true,NO,NEVER,,,N,
subscriptions,payment_method,13,text,text,YES,,NO,NEVER,,,N,
subscriptions,last_payment_id,14,uuid,uuid,YES,,NO,NEVER,,,N,
subscriptions,pause_reason,15,text,text,YES,,NO,NEVER,,,N,
subscriptions,cancelled_at,16,timestamp with time zone,timestamptz,YES,,NO,NEVER,,,N,
subscriptions,cancelled_by,17,uuid,uuid,YES,,NO,NEVER,,,N,
subscriptions,created_at,18,timestamp with time zone,timestamptz,YES,now(),NO,NEVER,,,N,
subscriptions,updated_at,19,timestamp with time zone,timestamptz,YES,now(),NO,NEVER,,,N,
support_agents,id,1,uuid,uuid,NO,gen_random_uuid(),NO,NEVER,,,Y,
support_agents,user_id,2,uuid,uuid,YES,,NO,NEVER,,,N,
support_agents,staff_id,3,uuid,uuid,YES,,NO,NEVER,,,N,
support_agents,role,4,text,text,NO,'agent'::text,NO,NEVER,,,N,
support_agents,max_concurrent_tickets,5,integer,int4,NO,10,NO,NEVER,,,N,
support_agents,specialties,6,ARRAY,_text,NO,ARRAY['general'::text],NO,NEVER,,,N,
support_agents,is_active,7,boolean,bool,NO,true,NO,NEVER,,,N,
support_agents,availability_status,8,text,text,YES,,NO,NEVER,,,N,
support_agents,last_active_at,9,timestamp with time zone,timestamptz,YES,,NO,NEVER,,,N,
support_agents,created_at,10,timestamp with time zone,timestamptz,NO,now(),NO,NEVER,,,N,
support_agents,updated_at,11,timestamp with time zone,timestamptz,NO,now(),NO,NEVER,,,N,
support_agents,last_assigned_at,12,timestamp with time zone,timestamptz,YES,,NO,NEVER,,,N,
support_categories,id,1,uuid,uuid,NO,gen_random_uuid(),NO,NEVER,,,Y,
support_categories,name,2,text,text,NO,,NO,NEVER,,,N,
support_categories,description,3,text,text,YES,,NO,NEVER,,,N,
support_categories,default_priority,4,text,text,NO,'medium'::text,NO,NEVER,,,N,
support_categories,auto_assign_to,5,uuid,uuid,YES,,NO,NEVER,,,N,
support_categories,display_order,6,integer,int4,NO,0,NO,NEVER,,,N,
support_categories,is_active,7,boolean,bool,NO,true,NO,NEVER,,,N,
support_categories,created_at,8,timestamp with time zone,timestamptz,NO,now(),NO,NEVER,,,N,
support_categories,updated_at,9,timestamp with time zone,timestamptz,NO,now(),NO,NEVER,,,N,
support_escalation_rules,id,1,uuid,uuid,NO,gen_random_uuid(),NO,NEVER,,,Y,
support_escalation_rules,name,2,text,text,NO,,NO,NEVER,,,N,
support_escalation_rules,trigger_type,3,text,text,NO,,NO,NEVER,,,N,
support_escalation_rules,trigger_value,4,text,text,NO,'0'::text,NO,NEVER,,,N,
support_escalation_rules,priority_filter,5,text,text,YES,,NO,NEVER,,,N,
support_escalation_rules,category_filter,6,text,text,YES,,NO,NEVER,,,N,
support_escalation_rules,escalate_to,7,uuid,uuid,YES,,NO,NEVER,,,N,
support_escalation_rules,new_priority,8,text,text,YES,,NO,NEVER,,,N,
support_escalation_rules,notify_email,9,text,text,YES,,NO,NEVER,,,N,
support_escalation_rules,is_active,10,boolean,bool,NO,true,NO,NEVER,,,N,
support_escalation_rules,created_at,11,timestamp with time zone,timestamptz,NO,now(),NO,NEVER,,,N,
support_escalation_rules,updated_at,12,timestamp with time zone,timestamptz,NO,now(),NO,NEVER,,,N,
support_reply_templates,id,1,uuid,uuid,NO,gen_random_uuid(),NO,NEVER,,,Y,
support_reply_templates,name,2,text,text,NO,,NO,NEVER,,,N,
support_reply_templates,category,3,text,text,NO,'General'::text,NO,NEVER,,,N,
support_reply_templates,content,4,text,text,NO,,NO,NEVER,,,N,
support_reply_templates,is_active,5,boolean,bool,NO,true,NO,NEVER,,,N,
support_reply_templates,is_system,6,boolean,bool,NO,false,NO,NEVER,,,N,
support_reply_templates,created_by,7,uuid,uuid,YES,,NO,NEVER,,,N,
support_reply_templates,created_at,8,timestamp with time zone,timestamptz,NO,now(),NO,NEVER,,,N,
support_reply_templates,updated_at,9,timestamp with time zone,timestamptz,NO,now(),NO,NEVER,,,N,
support_routing_settings,id,1,text,text,NO,'default'::text,NO,NEVER,,,Y,
support_routing_settings,auto_assign_enabled,2,boolean,bool,NO,true,NO,NEVER,,,N,
support_routing_settings,assign_after_ai_ack,3,boolean,bool,NO,true,NO,NEVER,,,N,
support_routing_settings,sweeper_batch_size,4,integer,int4,NO,25,NO,NEVER,,,N,
support_routing_settings,fallback_to_general_specialty,5,boolean,bool,NO,true,NO,NEVER,,,N,
support_routing_settings,last_sweeper_run_at,6,timestamp with time zone,timestamptz,YES,,NO,NEVER,,,N,
support_routing_settings,last_sweeper_assigned_count,7,integer,int4,NO,0,NO,NEVER,,,N,
support_routing_settings,updated_at,8,timestamp with time zone,timestamptz,NO,now(),NO,NEVER,,,N,
support_sla_config,id,1,uuid,uuid,NO,gen_random_uuid(),NO,NEVER,,,Y,
support_sla_config,name,2,text,text,NO,,NO,NEVER,,,N,
support_sla_config,priority,3,text,text,NO,,NO,NEVER,,,N,
support_sla_config,first_response_minutes,4,integer,int4,NO,,NO,NEVER,,,N,
support_sla_config,resolution_minutes,5,integer,int4,NO,,NO,NEVER,,,N,
support_sla_config,escalation_after_minutes,6,integer,int4,YES,,NO,NEVER,,,N,
support_sla_config,is_active,7,boolean,bool,NO,true,NO,NEVER,,,N,
support_sla_config,created_at,8,timestamp with time zone,timestamptz,NO,now(),NO,NEVER,,,N,
support_sla_config,updated_at,9,timestamp with time zone,timestamptz,NO,now(),NO,NEVER,,,N,
support_ticket_activity,id,1,uuid,uuid,NO,gen_random_uuid(),NO,NEVER,0,-1,Y,
support_ticket_activity,ticket_id,2,uuid,uuid,NO,,NO,NEVER,0,-0.20560747385025024,N,support_tickets.id
support_ticket_activity,event_type,3,text,text,NO,,NO,NEVER,0,8,N,
support_ticket_activity,event_actor_type,4,text,text,YES,,NO,NEVER,0,4,N,
support_ticket_activity,event_actor_id,5,uuid,uuid,YES,,NO,NEVER,0.84112149477005,7,N,
support_ticket_activity,event_title,6,text,text,NO,,NO,NEVER,0,-0.10280373692512512,N,
support_ticket_activity,event_metadata,7,jsonb,jsonb,YES,'{}'::jsonb,NO,NEVER,0,-0.6355140209197998,N,
support_ticket_activity,created_at,8,timestamp with time zone,timestamptz,NO,now(),NO,NEVER,0,-1,N,
support_ticket_responses,id,1,uuid,uuid,NO,gen_random_uuid(),NO,NEVER,0,-1,Y,
support_ticket_responses,ticket_id,2,uuid,uuid,NO,,NO,NEVER,0,-0.6363636255264282,N,support_tickets.id
support_ticket_responses,responder_id,3,uuid,uuid,YES,,NO,NEVER,0.6818181872367859,4,N,
support_ticket_responses,responder_type,4,text,text,NO,'agent'::text,NO,NEVER,0,3,N,
support_ticket_responses,message,5,text,text,NO,,NO,NEVER,0,-1,N,
support_ticket_responses,is_internal,6,boolean,bool,YES,false,NO,NEVER,0,1,N,
support_ticket_responses,created_at,7,timestamp with time zone,timestamptz,YES,now(),NO,NEVER,0,-1,N,
support_ticket_responses,responder_name,8,text,text,YES,,NO,NEVER,0.75,1,N,
support_tickets,id,1,uuid,uuid,NO,gen_random_uuid(),NO,NEVER,0,-1,Y,
support_tickets,ticket_number,2,text,text,NO,,NO,NEVER,0,-1,N,
support_tickets,subject,3,text,text,NO,,NO,NEVER,0,-0.6290322542190552,N,
support_tickets,message,4,text,text,NO,,NO,NEVER,0,-0.8225806355476379,N,
support_tickets,description,5,text,text,YES,,NO,NEVER,1,0,N,
support_tickets,category,6,text,text,NO,'general'::text,NO,NEVER,0,5,N,
support_tickets,priority,7,text,text,NO,'medium'::text,NO,NEVER,0,3,N,
support_tickets,status,8,text,text,NO,'open'::text,NO,NEVER,0,6,N,
support_tickets,customer_id,9,uuid,uuid,YES,,NO,NEVER,0.5,-0.16129031777381897,N,customers.id
support_tickets,vendor_id,10,uuid,uuid,YES,,NO,NEVER,0.774193525314331,6,N,vendors.id
support_tickets,booking_id,11,uuid,uuid,YES,,NO,NEVER,0.8387096524238586,-0.16129034757614136,N,bookings.id
support_tickets,order_id,12,uuid,uuid,YES,,NO,NEVER,1,0,N,orders.id
support_tickets,customer_name,13,text,text,YES,,NO,NEVER,0.8548387289047241,5,N,
support_tickets,customer_email,14,text,text,YES,,NO,NEVER,0.9032257795333862,4,N,
support_tickets,customer_phone,15,text,text,YES,,NO,NEVER,0.08064515888690948,-0.24193547666072845,N,
support_tickets,assigned_to,16,uuid,uuid,YES,,NO,NEVER,0.5483871102333069,3,N,
support_tickets,assigned_at,17,timestamp with time zone,timestamptz,YES,,NO,NEVER,0.5483871102333069,-0.4516128897666931,N,
support_tickets,first_response_at,18,timestamp with time zone,timestamptz,YES,,NO,NEVER,1,0,N,
support_tickets,resolved_at,19,timestamp with time zone,timestamptz,YES,,NO,NEVER,0.5483871102333069,-0.4516128897666931,N,
support_tickets,resolution_notes,20,text,text,YES,,NO,NEVER,1,0,N,
support_tickets,metadata,21,jsonb,jsonb,YES,'{}'::jsonb,NO,NEVER,0,-0.4354838728904724,N,
support_tickets,created_at,22,timestamp with time zone,timestamptz,YES,now(),NO,NEVER,0,-1,N,
support_tickets,updated_at,23,timestamp with time zone,timestamptz,YES,now(),NO,NEVER,0,-1,N,
support_tickets,source,24,text,text,YES,'customer'::text,NO,NEVER,0,3,N,
support_tickets,escalated_at,25,timestamp with time zone,timestamptz,YES,,NO,NEVER,0.8709677457809448,-0.12903225421905518,N,
support_tickets,escalation_reason,26,text,text,YES,,NO,NEVER,0.8709677457809448,1,N,
support_tickets,last_updated_at,27,timestamp with time zone,timestamptz,YES,now(),NO,NEVER,0,-1,N,
support_tickets,attachments,28,jsonb,jsonb,YES,'[]'::jsonb,NO,NEVER,0,1,N,
support_tickets,resolution,29,text,text,YES,,NO,NEVER,1,0,N,
support_tickets,refund_id,30,uuid,uuid,YES,,NO,NEVER,1,0,N,refunds.id
support_tickets,refund_amount,31,numeric,numeric,YES,,NO,NEVER,1,0,N,
support_tickets,refund_status,32,text,text,YES,,NO,NEVER,1,0,N,
support_tickets,ai_ack_generated_at,33,timestamp with time zone,timestamptz,YES,,NO,NEVER,0.7580645084381104,-0.24193549156188965,N,
support_tickets,ai_ack_latency_ms,34,integer,int4,YES,,NO,NEVER,0.7580645084381104,-0.24193549156188965,N,
support_tickets,ai_ack_success,35,boolean,bool,YES,,NO,NEVER,0.7580645084381104,1,N,
support_tickets,ai_ack_failed,36,boolean,bool,YES,,NO,NEVER,0.7580645084381104,1,N,
support_tickets,meal_order_id,37,uuid,uuid,YES,,NO,NEVER,1,0,N,meal_orders.id
tax_categories,id,1,uuid,uuid,NO,gen_random_uuid(),NO,NEVER,0,-1,Y,
tax_categories,category_name,2,text,text,NO,,NO,NEVER,0,-1,N,
tax_categories,tax_rate,3,numeric,numeric,NO,,NO,NEVER,0,2,N,
tax_categories,description,4,text,text,YES,,NO,NEVER,0,-1,N,
tax_categories,is_active,5,boolean,bool,YES,true,NO,NEVER,0,2,N,
tax_categories,created_at,6,timestamp with time zone,timestamptz,YES,now(),NO,NEVER,0,-0.5714285969734192,N,
tax_categories,catalog_category_id,7,uuid,uuid,YES,,NO,NEVER,,,N,service_categories.id
tax_categories,gst_application_scope,8,text,text,YES,,NO,NEVER,,,N,
tax_category_roles,tax_category_id,1,uuid,uuid,NO,,NO,NEVER,,,Y,tax_categories.id
tax_category_roles,role_id,2,uuid,uuid,NO,,NO,NEVER,,,Y,roles.id
tax_category_roles,catalog_category_id,3,uuid,uuid,NO,,NO,NEVER,,,N,service_categories.id
tax_category_roles,created_at,4,timestamp with time zone,timestamptz,YES,now(),NO,NEVER,,,N,
tax_flexible_rules,id,1,uuid,uuid,NO,gen_random_uuid(),NO,NEVER,,,Y,
tax_flexible_rules,name,2,character varying,varchar,NO,,NO,NEVER,,,N,
tax_flexible_rules,description,3,text,text,YES,,NO,NEVER,,,N,
tax_flexible_rules,tax_type,4,character varying,varchar,YES,'gst'::character varying,NO,NEVER,,,N,
tax_flexible_rules,rate,5,numeric,numeric,NO,18.00,NO,NEVER,,,N,
tax_flexible_rules,category,6,character varying,varchar,YES,,NO,NEVER,,,N,
tax_flexible_rules,service_type,7,character varying,varchar,YES,,NO,NEVER,,,N,
tax_flexible_rules,region,8,character varying,varchar,YES,,NO,NEVER,,,N,
tax_flexible_rules,priority,9,integer,int4,YES,0,NO,NEVER,,,N,
tax_flexible_rules,is_active,10,boolean,bool,YES,true,NO,NEVER,,,N,
tax_flexible_rules,conditions,11,jsonb,jsonb,YES,'{}'::jsonb,NO,NEVER,,,N,
tax_flexible_rules,created_at,12,timestamp without time zone,timestamp,YES,now(),NO,NEVER,,,N,
tax_flexible_rules,updated_at,13,timestamp without time zone,timestamp,YES,now(),NO,NEVER,,,N,
tele_queues,id,1,uuid,uuid,NO,gen_random_uuid(),NO,NEVER,,,Y,
tele_queues,role_id,2,text,text,NO,,NO,NEVER,,,N,
tele_queues,booking_id,3,uuid,uuid,NO,,NO,NEVER,,,N,bookings.id
tele_queues,customer_id,4,uuid,uuid,NO,,NO,NEVER,,,N,customers.id
tele_queues,queue_position,5,integer,int4,NO,,NO,NEVER,,,N,
tele_queues,joined_at,6,timestamp with time zone,timestamptz,NO,now(),NO,NEVER,,,N,
tele_queues,assigned_at,7,timestamp with time zone,timestamptz,YES,,NO,NEVER,,,N,
tele_queues,estimated_wait_minutes,8,integer,int4,YES,,NO,NEVER,,,N,
tele_queues,waiting_time_seconds,9,integer,int4,YES,0,NO,NEVER,,,N,
tele_queues,status,10,text,text,NO,'waiting'::text,NO,NEVER,,,N,
tele_queues,created_at,11,timestamp with time zone,timestamptz,YES,now(),NO,NEVER,,,N,
tele_queues,updated_at,12,timestamp with time zone,timestamptz,YES,now(),NO,NEVER,,,N,
tele_sessions,id,1,uuid,uuid,NO,gen_random_uuid(),NO,NEVER,,,Y,
tele_sessions,booking_id,2,uuid,uuid,NO,,NO,NEVER,,,N,bookings.id
tele_sessions,customer_id,3,uuid,uuid,NO,,NO,NEVER,,,N,customers.id
tele_sessions,staff_id,4,uuid,uuid,NO,,NO,NEVER,,,N,staff.id
tele_sessions,call_status,5,text,text,NO,'ringing'::text,NO,NEVER,,,N,
tele_sessions,initiated_by,6,text,text,NO,,NO,NEVER,,,N,
tele_sessions,initiated_at,7,timestamp with time zone,timestamptz,NO,,NO,NEVER,,,N,
tele_sessions,accepted_at,8,timestamp with time zone,timestamptz,YES,,NO,NEVER,,,N,
tele_sessions,ended_at,9,timestamp with time zone,timestamptz,YES,,NO,NEVER,,,N,
tele_sessions,rejected_at,10,timestamp with time zone,timestamptz,YES,,NO,NEVER,,,N,
tele_sessions,rejection_reason,11,text,text,YES,,NO,NEVER,,,N,
tele_sessions,ended_by,12,text,text,YES,,NO,NEVER,,,N,
tele_sessions,duration_seconds,13,integer,int4,YES,0,NO,NEVER,,,N,
tele_sessions,session_link,14,text,text,YES,,NO,NEVER,,,N,
tele_sessions,meeting_id,15,text,text,YES,,NO,NEVER,,,N,
tele_sessions,attendee_tokens,16,jsonb,jsonb,YES,,NO,NEVER,,,N,
tele_sessions,chat_enabled,17,boolean,bool,YES,true,NO,NEVER,,,N,
tele_sessions,created_at,18,timestamp with time zone,timestamptz,YES,now(),NO,NEVER,,,N,
tele_sessions,updated_at,19,timestamp with time zone,timestamptz,YES,now(),NO,NEVER,,,N,
training_session_skills,id,1,uuid,uuid,NO,gen_random_uuid(),NO,NEVER,,,Y,
training_session_skills,booking_id,2,uuid,uuid,NO,,NO,NEVER,,,N,bookings.id
training_session_skills,session_id,3,uuid,uuid,YES,,NO,NEVER,,,N,package_sessions.id
training_session_skills,pet_id,4,uuid,uuid,NO,,NO,NEVER,,,N,pets.id
training_session_skills,skill_id,5,uuid,uuid,NO,,NO,NEVER,,,N,training_skills.id
training_session_skills,practiced,6,boolean,bool,YES,true,NO,NEVER,,,N,
training_session_skills,before_level,7,text,text,YES,,NO,NEVER,,,N,
training_session_skills,after_level,8,text,text,YES,,NO,NEVER,,,N,
training_session_skills,improvement_notes,9,text,text,YES,,NO,NEVER,,,N,
training_session_skills,trainer_notes,10,text,text,YES,,NO,NEVER,,,N,
training_session_skills,homework,11,text,text,YES,,NO,NEVER,,,N,
training_session_skills,created_at,12,timestamp with time zone,timestamptz,YES,now(),NO,NEVER,,,N,
training_skills,id,1,uuid,uuid,NO,gen_random_uuid(),NO,NEVER,,,Y,
training_skills,skill_name,2,text,text,NO,,NO,NEVER,,,N,
training_skills,skill_code,3,text,text,NO,,NO,NEVER,,,N,
training_skills,skill_category,4,text,text,NO,,NO,NEVER,,,N,
training_skills,description,5,text,text,YES,,NO,NEVER,,,N,
training_skills,prerequisites,6,jsonb,jsonb,YES,'[]'::jsonb,NO,NEVER,,,N,
training_skills,proficiency_levels,7,jsonb,jsonb,YES,"'[""learning"", ""developing"", ""proficient"", ""mastered""]'::jsonb",NO,NEVER,,,N,
training_skills,estimated_sessions,8,integer,int4,YES,2,NO,NEVER,,,N,
training_skills,display_order,9,integer,int4,YES,0,NO,NEVER,,,N,
training_skills,is_active,10,boolean,bool,YES,true,NO,NEVER,,,N,
training_skills,created_at,11,timestamp with time zone,timestamptz,YES,now(),NO,NEVER,,,N,
ui_configs,id,1,uuid,uuid,NO,gen_random_uuid(),NO,NEVER,,,Y,
ui_configs,role_id,2,text,text,NO,,NO,NEVER,,,N,
ui_configs,config_key,3,text,text,NO,'dashboard'::text,NO,NEVER,,,N,
ui_configs,config_value,4,jsonb,jsonb,NO,,NO,NEVER,,,N,
ui_configs,is_active,5,boolean,bool,YES,true,NO,NEVER,,,N,
ui_configs,created_at,6,timestamp with time zone,timestamptz,YES,now(),NO,NEVER,,,N,
ui_configs,updated_at,7,timestamp with time zone,timestamptz,YES,now(),NO,NEVER,,,N,
user_devices,id,1,uuid,uuid,NO,gen_random_uuid(),NO,NEVER,,,Y,
user_devices,user_id,2,uuid,uuid,NO,,NO,NEVER,,,N,
user_devices,user_type,3,character varying,varchar,NO,,NO,NEVER,,,N,
user_devices,device_token,4,text,text,NO,,NO,NEVER,,,N,
user_devices,device_type,5,character varying,varchar,NO,,NO,NEVER,,,N,
user_devices,platform_endpoint_arn,6,text,text,YES,,NO,NEVER,,,N,
user_devices,device_name,7,character varying,varchar,YES,,NO,NEVER,,,N,
user_devices,app_version,8,character varying,varchar,YES,,NO,NEVER,,,N,
user_devices,os_version,9,character varying,varchar,YES,,NO,NEVER,,,N,
user_devices,is_active,10,boolean,bool,YES,true,NO,NEVER,,,N,
user_devices,last_used_at,11,timestamp with time zone,timestamptz,YES,,NO,NEVER,,,N,
user_devices,created_at,12,timestamp with time zone,timestamptz,YES,now(),NO,NEVER,,,N,
user_devices,updated_at,13,timestamp with time zone,timestamptz,YES,now(),NO,NEVER,,,N,
user_roles,id,1,uuid,uuid,NO,gen_random_uuid(),NO,NEVER,,,Y,
user_roles,user_id,2,uuid,uuid,NO,,NO,NEVER,,,N,
user_roles,role_id,3,uuid,uuid,NO,,NO,NEVER,,,N,roles.id
user_roles,assigned_by,4,uuid,uuid,YES,,NO,NEVER,,,N,
user_roles,assigned_at,5,timestamp with time zone,timestamptz,YES,now(),NO,NEVER,,,N,
user_roles,is_active,6,boolean,bool,YES,true,NO,NEVER,,,N,
user_roles,created_at,7,timestamp with time zone,timestamptz,YES,now(),NO,NEVER,,,N,
user_roles,updated_at,8,timestamp with time zone,timestamptz,YES,now(),NO,NEVER,,,N,
user_subscriptions,id,1,uuid,uuid,NO,gen_random_uuid(),NO,NEVER,,,Y,
user_subscriptions,subscription_id,2,text,text,NO,,NO,NEVER,,,N,
user_subscriptions,customer_id,3,uuid,uuid,NO,,NO,NEVER,,,N,customers.id
user_subscriptions,tier_id,4,uuid,uuid,NO,,NO,NEVER,,,N,subscription_tiers.id
user_subscriptions,tier_name,5,text,text,NO,,NO,NEVER,,,N,
user_subscriptions,tier_type,6,text,text,NO,,NO,NEVER,,,N,
user_subscriptions,price,7,numeric,numeric,NO,,NO,NEVER,,,N,
user_subscriptions,billing_cycle,8,text,text,NO,,NO,NEVER,,,N,
user_subscriptions,status,9,text,text,YES,'active'::text,NO,NEVER,,,N,
user_subscriptions,start_date,10,date,date,NO,,NO,NEVER,,,N,
user_subscriptions,next_billing_date,11,date,date,YES,,NO,NEVER,,,N,
user_subscriptions,end_date,12,date,date,YES,,NO,NEVER,,,N,
user_subscriptions,payment_id,13,text,text,YES,,NO,NEVER,,,N,
user_subscriptions,payment_method,14,text,text,YES,'razorpay'::text,NO,NEVER,,,N,
user_subscriptions,cancelled_at,15,timestamp with time zone,timestamptz,YES,,NO,NEVER,,,N,
user_subscriptions,cancellation_reason,16,text,text,YES,,NO,NEVER,,,N,
user_subscriptions,created_at,17,timestamp with time zone,timestamptz,YES,now(),NO,NEVER,,,N,
user_subscriptions,updated_at,18,timestamp with time zone,timestamptz,YES,now(),NO,NEVER,,,N,
vendor_admin_portal_codes,id,1,uuid,uuid,NO,gen_random_uuid(),NO,NEVER,0,-1,Y,
vendor_admin_portal_codes,code,2,text,text,NO,,NO,NEVER,0,-1,N,
vendor_admin_portal_codes,vendor_id,3,uuid,uuid,NO,,NO,NEVER,0,92,N,vendors.id
vendor_admin_portal_codes,created_by_admin_id,4,uuid,uuid,YES,,NO,NEVER,0,1,N,admins.id
vendor_admin_portal_codes,expires_at,5,timestamp with time zone,timestamptz,NO,,NO,NEVER,0,-1,N,
vendor_admin_portal_codes,used_at,6,timestamp with time zone,timestamptz,YES,,NO,NEVER,0.003552397945895791,-0.9964476227760315,N,
vendor_admin_portal_codes,created_at,7,timestamp with time zone,timestamptz,NO,now(),NO,NEVER,0,-1,N,
vendor_availability_v2,id,1,uuid,uuid,NO,gen_random_uuid(),NO,NEVER,0,-1,Y,
vendor_availability_v2,vendor_id,2,uuid,uuid,NO,,NO,NEVER,0,-0.11007268726825714,N,vendors.id
vendor_availability_v2,staff_id,3,uuid,uuid,YES,,NO,NEVER,1,0,N,
vendor_availability_v2,day_of_week,4,integer,int4,NO,,NO,NEVER,0,7,N,
vendor_availability_v2,start_time,5,time without time zone,time,NO,,NO,NEVER,0,26,N,
vendor_availability_v2,end_time,6,time without time zone,time,NO,,NO,NEVER,0,24,N,
vendor_availability_v2,is_available,7,boolean,bool,YES,true,NO,NEVER,0,1,N,
vendor_availability_v2,service_type,8,character varying,varchar,YES,,NO,NEVER,0,3,N,
vendor_availability_v2,service_style,9,text,text,YES,,NO,NEVER,1,0,N,
vendor_availability_v2,time_window_start,10,time without time zone,time,YES,,NO,NEVER,0,26,N,
vendor_availability_v2,time_window_end,11,time without time zone,time,YES,,NO,NEVER,0,24,N,
vendor_availability_v2,slot_duration_minutes,12,integer,int4,YES,30,NO,NEVER,0,1,N,
vendor_availability_v2,service_area_km,13,numeric,numeric,YES,,NO,NEVER,1,0,N,
vendor_availability_v2,max_capacity,14,integer,int4,YES,1,NO,NEVER,0,10,N,
vendor_availability_v2,service_styles,15,ARRAY,_text,YES,'{}'::text[],NO,NEVER,0,10,N,
vendor_availability_v2,location_data,16,jsonb,jsonb,YES,,NO,NEVER,0.5597092509269714,48,N,
vendor_availability_v2,buffer_time,17,integer,int4,YES,15,NO,NEVER,1,0,N,
vendor_availability_v2,lead_time_by_style,18,jsonb,jsonb,YES,,NO,NEVER,0,8,N,
vendor_availability_v2,is_enabled,19,boolean,bool,YES,true,NO,NEVER,0,1,N,
vendor_availability_v2,created_at,20,timestamp with time zone,timestamptz,YES,now(),NO,NEVER,0,-1,N,
vendor_availability_v2,updated_at,21,timestamp with time zone,timestamptz,YES,now(),NO,NEVER,0,-1,N,
vendor_availability_v2,is_deleted,22,boolean,bool,NO,false,NO,NEVER,0,2,N,
vendor_availability_v2,buffer_time_minutes,23,integer,int4,YES,0,NO,NEVER,0,1,N,
vendor_bank_accounts,id,1,uuid,uuid,NO,gen_random_uuid(),NO,NEVER,,,Y,
vendor_bank_accounts,vendor_id,2,uuid,uuid,NO,,NO,NEVER,,,N,vendors.id
vendor_bank_accounts,account_holder_name,3,character varying,varchar,NO,,NO,NEVER,,,N,
vendor_bank_accounts,account_number,4,character varying,varchar,NO,,NO,NEVER,,,N,
vendor_bank_accounts,ifsc_code,5,character varying,varchar,NO,,NO,NEVER,,,N,
vendor_bank_accounts,bank_name,6,character varying,varchar,YES,,NO,NEVER,,,N,
vendor_bank_accounts,branch_name,7,character varying,varchar,YES,,NO,NEVER,,,N,
vendor_bank_accounts,account_type,8,character varying,varchar,YES,'savings'::character varying,NO,NEVER,,,N,
vendor_bank_accounts,razorpay_account_id,9,character varying,varchar,YES,,NO,NEVER,,,N,
vendor_bank_accounts,razorpay_fund_account_id,10,character varying,varchar,YES,,NO,NEVER,,,N,
vendor_bank_accounts,is_verified,11,boolean,bool,YES,false,NO,NEVER,,,N,
vendor_bank_accounts,verification_status,12,character varying,varchar,YES,'pending'::character varying,NO,NEVER,,,N,
vendor_bank_accounts,verification_error,13,text,text,YES,,NO,NEVER,,,N,
vendor_bank_accounts,verified_at,14,timestamp with time zone,timestamptz,YES,,NO,NEVER,,,N,
vendor_bank_accounts,is_primary,15,boolean,bool,YES,true,NO,NEVER,,,N,
vendor_bank_accounts,created_at,16,timestamp with time zone,timestamptz,YES,now(),NO,NEVER,,,N,
vendor_bank_accounts,updated_at,17,timestamp with time zone,timestamptz,YES,now(),NO,NEVER,,,N,
vendor_bank_details,id,1,uuid,uuid,NO,gen_random_uuid(),NO,NEVER,0,-1,Y,
vendor_bank_details,vendor_id,2,uuid,uuid,NO,,NO,NEVER,0,-1,N,vendors.id
vendor_bank_details,bank_name,3,text,text,NO,,NO,NEVER,0,-0.2830188572406769,N,
vendor_bank_details,account_number,4,text,text,NO,,NO,NEVER,0,-0.7547169923782349,N,
vendor_bank_details,ifsc_code,5,text,text,NO,,NO,NEVER,0,-0.698113203048706,N,
vendor_bank_details,account_holder_name,6,text,text,NO,,NO,NEVER,0,-0.8301886916160583,N,
vendor_bank_details,is_verified,7,boolean,bool,YES,false,NO,NEVER,0,1,N,
vendor_bank_details,verified_at,8,timestamp with time zone,timestamptz,YES,,NO,NEVER,0,-0.9622641801834106,N,
vendor_bank_details,created_at,9,timestamp with time zone,timestamptz,YES,now(),NO,NEVER,0,-0.9622641801834106,N,
vendor_bank_details,updated_at,10,timestamp with time zone,timestamptz,YES,now(),NO,NEVER,0,-0.9622641801834106,N,
vendor_bank_details,is_deleted,11,boolean,bool,NO,false,NO,NEVER,0,2,N,
vendor_breaks,id,1,uuid,uuid,NO,gen_random_uuid(),NO,NEVER,0,-1,Y,
vendor_breaks,vendor_id,2,uuid,uuid,NO,,NO,NEVER,0,-0.16959063708782196,N,vendors.id
vendor_breaks,slot_id,3,uuid,uuid,YES,,NO,NEVER,1,0,N,
vendor_breaks,day_of_week,4,integer,int4,YES,,NO,NEVER,0.005847953259944916,7,N,
vendor_breaks,break_date,5,date,date,YES,,NO,NEVER,1,0,N,
vendor_breaks,start_time,6,time without time zone,time,NO,,NO,NEVER,0,7,N,
vendor_breaks,end_time,7,time without time zone,time,NO,,NO,NEVER,0,6,N,
vendor_breaks,break_type,8,character varying,varchar,YES,'custom'::character varying,NO,NEVER,0,1,N,
vendor_breaks,reason,9,text,text,YES,,NO,NEVER,1,0,N,
vendor_breaks,is_recurring,10,boolean,bool,YES,true,NO,NEVER,0,2,N,
vendor_breaks,is_active,11,boolean,bool,YES,true,NO,NEVER,0,1,N,
vendor_breaks,created_at,12,timestamp with time zone,timestamptz,YES,now(),NO,NEVER,0,-1,N,
vendor_breaks,updated_at,13,timestamp with time zone,timestamptz,YES,now(),NO,NEVER,0,-1,N,
vendor_breaks,is_deleted,14,boolean,bool,NO,false,NO,NEVER,0,2,N,
vendor_category_commission_rates,id,1,uuid,uuid,NO,gen_random_uuid(),NO,NEVER,,,Y,
vendor_category_commission_rates,vendor_id,2,uuid,uuid,NO,,NO,NEVER,,,N,vendors.id
vendor_category_commission_rates,category_id,3,uuid,uuid,NO,,NO,NEVER,,,N,ecommerce_categories.id
vendor_category_commission_rates,commission_rate,4,numeric,numeric,NO,,NO,NEVER,,,N,
vendor_category_commission_rates,is_active,5,boolean,bool,YES,true,NO,NEVER,,,N,
vendor_category_commission_rates,created_at,6,timestamp with time zone,timestamptz,YES,now(),NO,NEVER,,,N,
vendor_category_commission_rates,updated_at,7,timestamp with time zone,timestamptz,YES,now(),NO,NEVER,,,N,
vendor_commission_config,vendor_id,1,uuid,uuid,NO,,NO,NEVER,,,Y,vendors.id
vendor_commission_config,commission_model,2,text,text,NO,,NO,NEVER,,,N,
vendor_commission_config,default_commission_rate,3,numeric,numeric,YES,,NO,NEVER,,,N,
vendor_commission_config,own_brand_commission_rate,4,numeric,numeric,YES,,NO,NEVER,,,N,
vendor_commission_config,third_party_commission_rate,5,numeric,numeric,YES,,NO,NEVER,,,N,
vendor_commission_config,created_at,6,timestamp with time zone,timestamptz,YES,now(),NO,NEVER,,,N,
vendor_commission_config,updated_at,7,timestamp with time zone,timestamptz,YES,now(),NO,NEVER,,,N,
vendor_daily_accrual,id,1,uuid,uuid,NO,gen_random_uuid(),NO,NEVER,0,-1,Y,
vendor_daily_accrual,report_date,2,date,date,NO,,NO,NEVER,0,-0.6034482717514038,N,
vendor_daily_accrual,vendor_id,3,uuid,uuid,NO,,NO,NEVER,0,-0.5517241358757019,N,vendors.id
vendor_daily_accrual,gross_amount,4,numeric,numeric,NO,0,NO,NEVER,0,-0.7068965435028076,N,
vendor_daily_accrual,commission_amount,5,numeric,numeric,NO,0,NO,NEVER,0,-0.7068965435028076,N,
vendor_daily_accrual,net_amount,6,numeric,numeric,NO,0,NO,NEVER,0,-0.7413793206214905,N,
vendor_daily_accrual,earnings_line_count,7,integer,int4,NO,0,NO,NEVER,0,-0.17241379618644714,N,
vendor_daily_accrual,missing_earnings_booking_count,8,integer,int4,NO,0,NO,NEVER,0,2,N,
vendor_daily_accrual,currency,9,text,text,NO,'INR'::text,NO,NEVER,0,1,N,
vendor_daily_accrual,computed_at,10,timestamp with time zone,timestamptz,NO,now(),NO,NEVER,0,-0.6034482717514038,N,
vendor_daily_accrual,delivery_settlement_line_count,11,integer,int4,NO,0,NO,NEVER,0,2,N,
vendor_daily_accrual,missing_delivery_settlement_count,12,integer,int4,NO,0,NO,NEVER,0,1,N,
vendor_discounts,id,1,uuid,uuid,NO,gen_random_uuid(),NO,NEVER,,,Y,
vendor_discounts,vendor_id,2,uuid,uuid,NO,,NO,NEVER,,,N,
vendor_discounts,discount_name,3,character varying,varchar,NO,,NO,NEVER,,,N,
vendor_discounts,discount_type,4,character varying,varchar,NO,,NO,NEVER,,,N,
vendor_discounts,discount_value,5,numeric,numeric,NO,,NO,NEVER,,,N,
vendor_discounts,buy_quantity,6,integer,int4,YES,,NO,NEVER,,,N,
vendor_discounts,get_quantity,7,integer,int4,YES,,NO,NEVER,,,N,
vendor_discounts,min_order_value,8,numeric,numeric,YES,,NO,NEVER,,,N,
vendor_discounts,max_discount_amount,9,numeric,numeric,YES,,NO,NEVER,,,N,
vendor_discounts,applicable_services,10,jsonb,jsonb,YES,,NO,NEVER,,,N,
vendor_discounts,applicable_categories,11,jsonb,jsonb,YES,,NO,NEVER,,,N,
vendor_discounts,start_date,12,timestamp with time zone,timestamptz,YES,,NO,NEVER,,,N,
vendor_discounts,end_date,13,timestamp with time zone,timestamptz,YES,,NO,NEVER,,,N,
vendor_discounts,usage_limit,14,integer,int4,YES,,NO,NEVER,,,N,
vendor_discounts,usage_count,15,integer,int4,YES,0,NO,NEVER,,,N,
vendor_discounts,is_active,16,boolean,bool,YES,true,NO,NEVER,,,N,
vendor_discounts,created_at,17,timestamp with time zone,timestamptz,YES,now(),NO,NEVER,,,N,
vendor_discounts,updated_at,18,timestamp with time zone,timestamptz,YES,now(),NO,NEVER,,,N,
vendor_documents,id,1,uuid,uuid,NO,gen_random_uuid(),NO,NEVER,,,Y,
vendor_documents,vendor_id,2,uuid,uuid,NO,,NO,NEVER,,,N,vendors.id
vendor_documents,document_type,3,text,text,NO,,NO,NEVER,,,N,
vendor_documents,document_name,4,text,text,NO,,NO,NEVER,,,N,
vendor_documents,document_url,5,text,text,NO,,NO,NEVER,,,N,
vendor_documents,file_type,6,text,text,YES,,NO,NEVER,,,N,
vendor_documents,file_size,7,bigint,int8,YES,,NO,NEVER,,,N,
vendor_documents,is_verified,8,boolean,bool,YES,false,NO,NEVER,,,N,
vendor_documents,verified_at,9,timestamp with time zone,timestamptz,YES,,NO,NEVER,,,N,
vendor_documents,uploaded_at,10,timestamp with time zone,timestamptz,YES,now(),NO,NEVER,,,N,
vendor_documents,updated_at,11,timestamp with time zone,timestamptz,YES,now(),NO,NEVER,,,N,
vendor_documents,is_deleted,12,boolean,bool,NO,false,NO,NEVER,,,N,
vendor_earnings,id,1,uuid,uuid,NO,gen_random_uuid(),NO,NEVER,0,-1,Y,
vendor_earnings,vendor_id,2,uuid,uuid,NO,,NO,NEVER,0,-0.18965516984462738,N,
vendor_earnings,booking_id,3,uuid,uuid,NO,,NO,NEVER,0,-0.9482758641242981,N,
vendor_earnings,settlement_id,4,uuid,uuid,YES,,NO,NEVER,1,0,N,
vendor_earnings,payout_id,5,uuid,uuid,YES,,NO,NEVER,1,0,N,
vendor_earnings,amount,6,numeric,numeric,NO,,NO,NEVER,0,-0.3103448152542114,N,
vendor_earnings,commission_amount,7,numeric,numeric,NO,,NO,NEVER,0,-0.28735631704330444,N,
vendor_earnings,total_amount,8,numeric,numeric,NO,,NO,NEVER,0,-0.26436781883239746,N,
vendor_earnings,commission_rate,9,numeric,numeric,NO,,NO,NEVER,0,4,N,
vendor_earnings,status,10,text,text,NO,'pending'::text,NO,NEVER,0,2,N,
vendor_earnings,realized_at,11,timestamp with time zone,timestamptz,YES,,NO,NEVER,0,-0.6609195470809937,N,
vendor_earnings,created_at,12,timestamp with time zone,timestamptz,YES,now(),NO,NEVER,0,-1,N,
vendor_earnings,paid_out_at,13,timestamp with time zone,timestamptz,YES,,NO,NEVER,0.9022988677024841,-0.09770113229751587,N,
vendor_earnings,is_deleted,14,boolean,bool,NO,false,NO,NEVER,0,2,N,
vendor_holidays_enhanced,id,1,uuid,uuid,NO,gen_random_uuid(),NO,NEVER,,,Y,
vendor_holidays_enhanced,vendor_id,2,uuid,uuid,NO,,NO,NEVER,,,N,vendors.id
vendor_holidays_enhanced,start_date,3,date,date,NO,,NO,NEVER,,,N,
vendor_holidays_enhanced,end_date,4,date,date,NO,,NO,NEVER,,,N,
vendor_holidays_enhanced,holiday_type,5,character varying,varchar,YES,'holiday'::character varying,NO,NEVER,,,N,
vendor_holidays_enhanced,reason,6,text,text,YES,,NO,NEVER,,,N,
vendor_holidays_enhanced,is_recurring_yearly,7,boolean,bool,YES,false,NO,NEVER,,,N,
vendor_holidays_enhanced,is_active,8,boolean,bool,YES,true,NO,NEVER,,,N,
vendor_holidays_enhanced,created_at,9,timestamp with time zone,timestamptz,YES,now(),NO,NEVER,,,N,
vendor_holidays_enhanced,updated_at,10,timestamp with time zone,timestamptz,YES,now(),NO,NEVER,,,N,
vendor_holidays_enhanced,is_deleted,11,boolean,bool,NO,false,NO,NEVER,,,N,
vendor_identity,id,1,uuid,uuid,NO,gen_random_uuid(),NO,NEVER,0,-1,Y,
vendor_identity,phone,2,text,text,NO,,NO,NEVER,0,-0.7438016533851624,N,
vendor_identity,email,3,text,text,YES,,NO,NEVER,1,0,N,
vendor_identity,onboarding_status,4,text,text,NO,'INIT'::text,NO,NEVER,0,6,N,
vendor_identity,selected_role_id,5,uuid,uuid,YES,,NO,NEVER,0.07024793326854706,17,N,roles.id
vendor_identity,vendor_type,6,text,text,YES,,NO,NEVER,0.07851240038871765,2,N,
vendor_identity,application_id,7,uuid,uuid,YES,,NO,NEVER,0.26859503984451294,-0.7314049601554871,N,
vendor_identity,current_step,8,text,text,YES,,NO,NEVER,1,0,N,
vendor_identity,metadata,9,jsonb,jsonb,YES,'{}'::jsonb,NO,NEVER,0,-0.40082645416259766,N,
vendor_identity,last_activity_at,10,timestamp with time zone,timestamptz,YES,now(),NO,NEVER,0,-1,N,
vendor_identity,created_at,11,timestamp with time zone,timestamptz,YES,now(),NO,NEVER,0,-1,N,
vendor_identity,updated_at,12,timestamp with time zone,timestamptz,YES,now(),NO,NEVER,0,-0.6570248007774353,N,
vendor_identity,vendor_id,13,uuid,uuid,YES,,NO,NEVER,0.3801652789115906,-0.6198347210884094,N,vendors.id
vendor_identity,profile_photo_url,14,text,text,YES,,NO,NEVER,1,0,N,
vendor_identity,user_type,15,character varying,varchar,YES,'vendor'::character varying,NO,NEVER,0,1,N,
vendor_identity,is_deleted,16,boolean,bool,YES,false,NO,NEVER,0,2,N,
vendor_identity,business_name,17,character varying,varchar,YES,,NO,NEVER,0.5454545617103577,-0.42148759961128235,N,
vendor_identity,full_name,18,character varying,varchar,YES,,NO,NEVER,0.5454545617103577,-0.3719008266925812,N,
vendor_onboarding_applications,id,1,uuid,uuid,NO,gen_random_uuid(),NO,NEVER,0,-1,Y,
vendor_onboarding_applications,vendor_identity_id,2,uuid,uuid,NO,,NO,NEVER,0,-1,N,vendor_identity.id
vendor_onboarding_applications,role_id,3,uuid,uuid,NO,,NO,NEVER,0,17,N,roles.id
vendor_onboarding_applications,vendor_type,4,text,text,NO,,NO,NEVER,0,2,N,
vendor_onboarding_applications,application_payload,5,jsonb,jsonb,NO,'{}'::jsonb,NO,NEVER,0,-1,N,
vendor_onboarding_applications,form_version,6,text,text,YES,,NO,NEVER,0,1,N,
vendor_onboarding_applications,uploaded_documents,7,jsonb,jsonb,YES,'[]'::jsonb,NO,NEVER,0,-0.9435028433799744,N,
vendor_onboarding_applications,status,8,text,text,NO,'DRAFT'::text,NO,NEVER,0,3,N,
vendor_onboarding_applications,reviewed_by,9,uuid,uuid,YES,,NO,NEVER,0.5932203531265259,1,N,
vendor_onboarding_applications,reviewed_at,10,timestamp with time zone,timestamptz,YES,,NO,NEVER,0.5932203531265259,-0.4067796468734741,N,
vendor_onboarding_applications,admin_comments,11,text,text,YES,,NO,NEVER,0.5932203531265259,2,N,
vendor_onboarding_applications,rejection_reason,12,text,text,YES,,NO,NEVER,0.9887005686759949,-0.011299431324005127,N,
vendor_onboarding_applications,is_locked,13,boolean,bool,YES,false,NO,NEVER,0,1,N,
vendor_onboarding_applications,locked_at,14,timestamp with time zone,timestamptz,YES,,NO,NEVER,0,-1,N,
vendor_onboarding_applications,submitted_at,15,timestamp with time zone,timestamptz,YES,,NO,NEVER,0,-1,N,
vendor_onboarding_applications,created_at,16,timestamp with time zone,timestamptz,YES,now(),NO,NEVER,0,-1,N,
vendor_onboarding_applications,updated_at,17,timestamp with time zone,timestamptz,YES,now(),NO,NEVER,0,-1,N,
vendor_onboarding_applications,is_deleted,18,boolean,bool,NO,false,NO,NEVER,0,2,N,
vendor_onboarding_applications,admin_notes,19,text,text,YES,,NO,NEVER,1,0,N,
vendor_onboarding_applications,clarification_notes,20,text,text,YES,,NO,NEVER,1,0,N,
vendor_onboarding_comments,id,1,uuid,uuid,NO,gen_random_uuid(),NO,NEVER,,,Y,
vendor_onboarding_comments,vendor_id,2,uuid,uuid,NO,,NO,NEVER,,,N,vendors.id
vendor_onboarding_comments,admin_id,3,uuid,uuid,YES,,NO,NEVER,,,N,
vendor_onboarding_comments,comment,4,text,text,NO,,NO,NEVER,,,N,
vendor_onboarding_comments,comment_type,5,text,text,YES,'clarification'::text,NO,NEVER,,,N,
vendor_onboarding_comments,is_resolved,6,boolean,bool,YES,false,NO,NEVER,,,N,
vendor_onboarding_comments,created_at,7,timestamp with time zone,timestamptz,YES,now(),NO,NEVER,,,N,
vendor_onboarding_comments,updated_at,8,timestamp with time zone,timestamptz,YES,now(),NO,NEVER,,,N,
vendor_onboarding_comments,is_deleted,9,boolean,bool,NO,false,NO,NEVER,,,N,
vendor_onboarding_steps,id,1,uuid,uuid,NO,gen_random_uuid(),NO,NEVER,,,Y,
vendor_onboarding_steps,vendor_id,2,uuid,uuid,NO,,NO,NEVER,,,N,vendors.id
vendor_onboarding_steps,step_name,3,text,text,NO,,NO,NEVER,,,N,
vendor_onboarding_steps,step_data,4,jsonb,jsonb,YES,,NO,NEVER,,,N,
vendor_onboarding_steps,completed_at,5,timestamp with time zone,timestamptz,YES,now(),NO,NEVER,,,N,
vendor_onboarding_steps,is_deleted,6,boolean,bool,NO,false,NO,NEVER,,,N,
vendor_onboarding_transitions,id,1,uuid,uuid,NO,gen_random_uuid(),NO,NEVER,0,-1,Y,
vendor_onboarding_transitions,vendor_identity_id,2,uuid,uuid,NO,,NO,NEVER,0,-0.3445945978164673,N,vendor_identity.id
vendor_onboarding_transitions,from_status,3,text,text,NO,,NO,NEVER,0,4,N,
vendor_onboarding_transitions,to_status,4,text,text,NO,,NO,NEVER,0,5,N,
vendor_onboarding_transitions,transition_reason,5,text,text,YES,,NO,NEVER,0,5,N,
vendor_onboarding_transitions,triggered_by,6,uuid,uuid,YES,,NO,NEVER,0.8766891956329346,1,N,
vendor_onboarding_transitions,triggered_by_type,7,text,text,YES,,NO,NEVER,0,3,N,
vendor_onboarding_transitions,context_data,8,jsonb,jsonb,YES,'{}'::jsonb,NO,NEVER,0,4,N,
vendor_onboarding_transitions,created_at,9,timestamp with time zone,timestamptz,YES,now(),NO,NEVER,0,-1,N,
vendor_onboarding_transitions,is_deleted,10,boolean,bool,NO,false,NO,NEVER,0,2,N,
vendor_payment_rules,id,1,uuid,uuid,NO,gen_random_uuid(),NO,NEVER,,,Y,
vendor_payment_rules,name,2,text,text,NO,,NO,NEVER,,,N,
vendor_payment_rules,description,3,text,text,YES,,NO,NEVER,,,N,
vendor_payment_rules,vendor_types,4,ARRAY,_text,YES,,NO,NEVER,,,N,
vendor_payment_rules,service_location,5,text,text,NO,'both'::text,NO,NEVER,,,N,
vendor_payment_rules,reservation_type,6,text,text,NO,'flat'::text,NO,NEVER,,,N,
vendor_payment_rules,reservation_percentage,7,numeric,numeric,YES,,NO,NEVER,,,N,
vendor_payment_rules,flat_amount,8,numeric,numeric,YES,,NO,NEVER,,,N,
vendor_payment_rules,minimum_advance_payment,9,numeric,numeric,YES,0,NO,NEVER,,,N,
vendor_payment_rules,partial_payment_allowed,10,boolean,bool,YES,true,NO,NEVER,,,N,
vendor_payment_rules,escrow_hold_period_hours,11,integer,int4,YES,24,NO,NEVER,,,N,
vendor_payment_rules,cancellation_grace_period_hours,12,integer,int4,YES,2,NO,NEVER,,,N,
vendor_payment_rules,auto_capture_payment,13,boolean,bool,YES,true,NO,NEVER,,,N,
vendor_payment_rules,is_active,14,boolean,bool,YES,true,NO,NEVER,,,N,
vendor_payment_rules,priority,15,integer,int4,YES,0,NO,NEVER,,,N,
vendor_payment_rules,created_at,16,timestamp with time zone,timestamptz,YES,now(),NO,NEVER,,,N,
vendor_payment_rules,updated_at,17,timestamp with time zone,timestamptz,YES,now(),NO,NEVER,,,N,
vendor_payment_rules,is_deleted,18,boolean,bool,NO,false,NO,NEVER,,,N,
vendor_policies,id,1,uuid,uuid,NO,gen_random_uuid(),NO,NEVER,,,Y,
vendor_policies,policy_id,2,text,text,NO,,NO,NEVER,,,N,
vendor_policies,vendor_id,3,uuid,uuid,NO,,NO,NEVER,,,N,vendors.id
vendor_policies,policy_name,4,text,text,NO,,NO,NEVER,,,N,
vendor_policies,policy_type,5,text,text,NO,,NO,NEVER,,,N,
vendor_policies,premium,6,numeric,numeric,NO,,NO,NEVER,,,N,
vendor_policies,coverage_amount,7,numeric,numeric,NO,,NO,NEVER,,,N,
vendor_policies,deductible,8,numeric,numeric,YES,0,NO,NEVER,,,N,
vendor_policies,waiting_period_days,9,integer,int4,YES,30,NO,NEVER,,,N,
vendor_policies,start_date,10,date,date,NO,,NO,NEVER,,,N,
vendor_policies,end_date,11,date,date,NO,,NO,NEVER,,,N,
vendor_policies,status,12,text,text,NO,'active'::text,NO,NEVER,,,N,
vendor_policies,policy_data,13,jsonb,jsonb,YES,,NO,NEVER,,,N,
vendor_policies,created_at,14,timestamp with time zone,timestamptz,YES,now(),NO,NEVER,,,N,
vendor_policies,updated_at,15,timestamp with time zone,timestamptz,YES,now(),NO,NEVER,,,N,
vendor_policies,is_deleted,16,boolean,bool,NO,false,NO,NEVER,,,N,
vendor_portfolio,id,1,uuid,uuid,NO,gen_random_uuid(),NO,NEVER,,,Y,
vendor_portfolio,vendor_id,2,uuid,uuid,NO,,NO,NEVER,,,N,vendors.id
vendor_portfolio,title,3,text,text,NO,,NO,NEVER,,,N,
vendor_portfolio,description,4,text,text,YES,,NO,NEVER,,,N,
vendor_portfolio,category,5,text,text,NO,,NO,NEVER,,,N,
vendor_portfolio,images,6,jsonb,jsonb,YES,'[]'::jsonb,NO,NEVER,,,N,
vendor_portfolio,tags,7,jsonb,jsonb,YES,'[]'::jsonb,NO,NEVER,,,N,
vendor_portfolio,pet_type,8,text,text,YES,,NO,NEVER,,,N,
vendor_portfolio,pet_breed,9,text,text,YES,,NO,NEVER,,,N,
vendor_portfolio,completed_date,10,date,date,NO,,NO,NEVER,,,N,
vendor_portfolio,featured,11,boolean,bool,YES,false,NO,NEVER,,,N,
vendor_portfolio,client_testimonial,12,text,text,YES,,NO,NEVER,,,N,
vendor_portfolio,client_name,13,text,text,YES,,NO,NEVER,,,N,
vendor_portfolio,created_at,14,timestamp with time zone,timestamptz,YES,now(),NO,NEVER,,,N,
vendor_portfolio,updated_at,15,timestamp with time zone,timestamptz,YES,now(),NO,NEVER,,,N,
vendor_portfolio,is_deleted,16,boolean,bool,NO,false,NO,NEVER,,,N,
vendor_referrals,id,1,uuid,uuid,NO,gen_random_uuid(),NO,NEVER,,,Y,
vendor_referrals,referrer_vendor_id,2,uuid,uuid,NO,,NO,NEVER,,,N,vendors.id
vendor_referrals,referred_vendor_id,3,uuid,uuid,YES,,NO,NEVER,,,N,vendors.id
vendor_referrals,referred_phone,4,text,text,NO,,NO,NEVER,,,N,
vendor_referrals,referral_code,5,text,text,NO,,NO,NEVER,,,N,
vendor_referrals,status,6,text,text,NO,'pending'::text,NO,NEVER,,,N,
vendor_referrals,applied_at,7,timestamp with time zone,timestamptz,YES,,NO,NEVER,,,N,
vendor_referrals,approved_at,8,timestamp with time zone,timestamptz,YES,,NO,NEVER,,,N,
vendor_referrals,created_at,9,timestamp with time zone,timestamptz,YES,now(),NO,NEVER,,,N,
vendor_referrals,updated_at,10,timestamp with time zone,timestamptz,YES,now(),NO,NEVER,,,N,
vendor_referrals,is_deleted,11,boolean,bool,NO,false,NO,NEVER,,,N,
vendor_refund_tiers,id,1,uuid,uuid,NO,gen_random_uuid(),NO,NEVER,0,-1,Y,
vendor_refund_tiers,name,2,text,text,NO,,NO,NEVER,0,-1,N,
vendor_refund_tiers,description,3,text,text,YES,,NO,NEVER,1,0,N,
vendor_refund_tiers,vendor_types,4,ARRAY,_text,YES,,NO,NEVER,0,-0.3448275923728943,N,
vendor_refund_tiers,service_location,5,text,text,NO,'both'::text,NO,NEVER,0,-0.13793103396892548,N,
vendor_refund_tiers,hours_before_service,6,integer,int4,NO,,NO,NEVER,0,-0.17241379618644714,N,
vendor_refund_tiers,refund_percentage,7,numeric,numeric,NO,,NO,NEVER,0,-0.1034482792019844,N,
vendor_refund_tiers,cancellation_fee,8,numeric,numeric,YES,0,NO,NEVER,0,2,N,
vendor_refund_tiers,is_active,9,boolean,bool,YES,true,NO,NEVER,0,1,N,
vendor_refund_tiers,tier_level,10,integer,int4,YES,0,NO,NEVER,0,1,N,
vendor_refund_tiers,created_at,11,timestamp with time zone,timestamptz,YES,now(),NO,NEVER,0,-1,N,
vendor_refund_tiers,updated_at,12,timestamp with time zone,timestamptz,YES,now(),NO,NEVER,0,-1,N,
vendor_refund_tiers,max_partial_refund_percentage,13,numeric,numeric,YES,,NO,NEVER,1,0,N,
vendor_refund_tiers,service_category,14,text,text,YES,,NO,NEVER,1,0,N,
vendor_refund_tiers,service_format,15,text,text,YES,,NO,NEVER,1,0,N,
vendor_refund_tiers,is_deleted,16,boolean,bool,NO,false,NO,NEVER,0,1,N,
vendor_refund_tiers,policy_extensions,17,jsonb,jsonb,YES,,NO,NEVER,0,-0.27586206793785095,N,
vendor_refund_tiers,cancelled_by,18,text,text,NO,'pet_parent'::text,NO,NEVER,0,2,N,
vendor_refund_tiers,cancellation_window,19,text,text,YES,,NO,NEVER,0.1034482792019844,-0.4137931168079376,N,
vendor_refund_tiers,vendor_cancellation_reason,20,text,text,YES,,NO,NEVER,0.8965517282485962,-0.10344827175140381,N,
vendor_refund_tiers,hours_operator,21,text,text,YES,,NO,NEVER,1,0,N,
vendor_refund_tiers,hours_threshold,22,numeric,numeric,YES,,NO,NEVER,1,0,N,
vendor_registered_brands,id,1,uuid,uuid,NO,gen_random_uuid(),NO,NEVER,,,Y,
vendor_registered_brands,vendor_id,2,uuid,uuid,NO,,NO,NEVER,,,N,vendors.id
vendor_registered_brands,brand_name,3,text,text,NO,,NO,NEVER,,,N,
vendor_registered_brands,brand_name_normalized,4,text,text,NO,,NO,NEVER,,,N,
vendor_registered_brands,is_primary,5,boolean,bool,YES,false,NO,NEVER,,,N,
vendor_registered_brands,status,6,text,text,YES,'active'::text,NO,NEVER,,,N,
vendor_registered_brands,created_at,7,timestamp with time zone,timestamptz,YES,now(),NO,NEVER,,,N,
vendor_registered_brands,updated_at,8,timestamp with time zone,timestamptz,YES,now(),NO,NEVER,,,N,
vendor_segment_assignments,id,1,uuid,uuid,NO,gen_random_uuid(),NO,NEVER,,,Y,
vendor_segment_assignments,vendor_id,2,uuid,uuid,NO,,NO,NEVER,,,N,vendors.id
vendor_segment_assignments,segment_id,3,uuid,uuid,NO,,NO,NEVER,,,N,loyalty_segments.id
vendor_segment_assignments,assigned_at,4,timestamp with time zone,timestamptz,YES,now(),NO,NEVER,,,N,
vendor_segment_assignments,expires_at,5,timestamp with time zone,timestamptz,YES,,NO,NEVER,,,N,
vendor_segment_assignments,is_active,6,boolean,bool,YES,true,NO,NEVER,,,N,
vendor_service_areas,id,1,uuid,uuid,NO,gen_random_uuid(),NO,NEVER,,,Y,
vendor_service_areas,vendor_id,2,uuid,uuid,NO,,NO,NEVER,,,N,vendors.id
vendor_service_areas,area_name,3,text,text,NO,,NO,NEVER,,,N,
vendor_service_areas,city,4,text,text,YES,,NO,NEVER,,,N,
vendor_service_areas,state,5,text,text,YES,,NO,NEVER,,,N,
vendor_service_areas,pincode,6,text,text,YES,,NO,NEVER,,,N,
vendor_service_areas,created_at,7,timestamp with time zone,timestamptz,YES,now(),NO,NEVER,,,N,
vendor_service_areas,is_deleted,8,boolean,bool,NO,false,NO,NEVER,,,N,
vendor_services,id,1,uuid,uuid,NO,gen_random_uuid(),NO,NEVER,0,-1,Y,
vendor_services,vendor_id,2,uuid,uuid,NO,,NO,NEVER,0,132,N,vendors.id
vendor_services,service_id,3,uuid,uuid,NO,,NO,NEVER,0,-0.2584124207496643,N,
vendor_services,service_name,4,text,text,NO,,NO,NEVER,0,-0.23727351427078247,N,
vendor_services,category,5,text,text,YES,,NO,NEVER,0.07592752575874329,30,N,
vendor_services,sub_category,6,text,text,YES,,NO,NEVER,0.9892148375511169,1,N,
vendor_services,price,7,numeric,numeric,NO,0,NO,NEVER,0,-0.10051769018173218,N,
vendor_services,duration_minutes,8,integer,int4,NO,30,NO,NEVER,0,31,N,
vendor_services,service_style,9,text,text,NO,,NO,NEVER,0,3,N,
vendor_services,publish_status,10,text,text,NO,'draft'::text,NO,NEVER,0,2,N,
vendor_services,is_enabled,11,boolean,bool,NO,true,NO,NEVER,0,2,N,
vendor_services,is_custom_service,12,boolean,bool,YES,false,NO,NEVER,0,2,N,
vendor_services,custom_price,13,numeric,numeric,YES,,NO,NEVER,0.003882657503709197,-0.10051769018173218,N,
vendor_services,custom_duration,14,integer,int4,YES,,NO,NEVER,0.003882657503709197,32,N,
vendor_services,custom_description,15,text,text,YES,,NO,NEVER,0.5509059429168701,63,N,
vendor_services,metadata,16,jsonb,jsonb,YES,,NO,NEVER,0.5690250396728516,131,N,
vendor_services,created_at,17,timestamp with time zone,timestamptz,YES,now(),NO,NEVER,0,-1,N,
vendor_services,updated_at,18,timestamp with time zone,timestamptz,YES,now(),NO,NEVER,0,-1,N,
vendor_services,submitted_for_approval_at,19,timestamp with time zone,timestamptz,YES,,NO,NEVER,1,0,N,
vendor_services,approved_at,20,timestamp with time zone,timestamptz,YES,,NO,NEVER,1,0,N,
vendor_services,approved_by,21,text,text,YES,,NO,NEVER,1,0,N,
vendor_services,admin_note,22,text,text,YES,,NO,NEVER,1,0,N,
vendor_services,rejected_at,23,timestamp with time zone,timestamptz,YES,,NO,NEVER,1,0,N,
vendor_services,rejected_by,24,text,text,YES,,NO,NEVER,1,0,N,
vendor_services,rejection_reason,25,text,text,YES,,NO,NEVER,1,0,N,
vendor_services,change_requested_at,26,timestamp with time zone,timestamptz,YES,,NO,NEVER,1,0,N,
vendor_services,change_requested_by,27,text,text,YES,,NO,NEVER,1,0,N,
vendor_services,change_request_reason,28,text,text,YES,,NO,NEVER,1,0,N,
vendor_services,service_radius_km,29,numeric,numeric,YES,NULL::numeric,NO,NEVER,1,0,N,
vendor_services,queue_config,30,jsonb,jsonb,YES,,NO,NEVER,1,0,N,
vendor_services,category_id,31,uuid,uuid,YES,,NO,NEVER,0.8559102416038513,11,N,
vendor_services,is_deleted,32,boolean,bool,NO,false,NO,NEVER,0,2,N,
vendor_setup_completion,id,1,uuid,uuid,NO,gen_random_uuid(),NO,NEVER,,,Y,
vendor_setup_completion,vendor_id,2,uuid,uuid,NO,,NO,NEVER,,,N,vendors.id
vendor_setup_completion,profile_completed,3,boolean,bool,YES,false,NO,NEVER,,,N,
vendor_setup_completion,bank_account_completed,4,boolean,bool,YES,false,NO,NEVER,,,N,
vendor_setup_completion,business_hours_completed,5,boolean,bool,YES,false,NO,NEVER,,,N,
vendor_setup_completion,staff_management_completed,6,boolean,bool,YES,false,NO,NEVER,,,N,
vendor_setup_completion,services_configured,7,boolean,bool,YES,false,NO,NEVER,,,N,
vendor_setup_completion,profile_completed_at,8,timestamp with time zone,timestamptz,YES,,NO,NEVER,,,N,
vendor_setup_completion,bank_account_completed_at,9,timestamp with time zone,timestamptz,YES,,NO,NEVER,,,N,
vendor_setup_completion,business_hours_completed_at,10,timestamp with time zone,timestamptz,YES,,NO,NEVER,,,N,
vendor_setup_completion,staff_management_completed_at,11,timestamp with time zone,timestamptz,YES,,NO,NEVER,,,N,
vendor_setup_completion,services_configured_at,12,timestamp with time zone,timestamptz,YES,,NO,NEVER,,,N,
vendor_setup_completion,is_go_live_ready,13,boolean,bool,YES,false,NO,NEVER,,,N,
vendor_setup_completion,go_live_ready_at,14,timestamp with time zone,timestamptz,YES,,NO,NEVER,,,N,
vendor_setup_completion,go_live_at,15,timestamp with time zone,timestamptz,YES,,NO,NEVER,,,N,
vendor_setup_completion,completion_metadata,16,jsonb,jsonb,YES,'{}'::jsonb,NO,NEVER,,,N,
vendor_setup_completion,created_at,17,timestamp with time zone,timestamptz,YES,now(),NO,NEVER,,,N,
vendor_setup_completion,updated_at,18,timestamp with time zone,timestamptz,YES,now(),NO,NEVER,,,N,
vendor_setup_completion,is_deleted,19,boolean,bool,NO,false,NO,NEVER,,,N,
vendor_specializations,id,1,uuid,uuid,NO,gen_random_uuid(),NO,NEVER,0,-1,Y,
vendor_specializations,vendor_id,2,uuid,uuid,NO,,NO,NEVER,0,-0.1318124234676361,N,vendors.id
vendor_specializations,specialization,3,text,text,NO,,NO,NEVER,0,48,N,
vendor_specializations,created_at,4,timestamp with time zone,timestamptz,YES,now(),NO,NEVER,0,-1,N,
vendor_specializations,is_deleted,5,boolean,bool,NO,false,NO,NEVER,0,2,N,
vendor_stats,id,1,uuid,uuid,NO,gen_random_uuid(),NO,NEVER,,,Y,
vendor_stats,vendor_id,2,uuid,uuid,NO,,NO,NEVER,,,N,
vendor_stats,stat_date,3,date,date,NO,,NO,NEVER,,,N,
vendor_stats,impressions,4,integer,int4,YES,0,NO,NEVER,,,N,
vendor_stats,clicks,5,integer,int4,YES,0,NO,NEVER,,,N,
vendor_stats,bookings,6,integer,int4,YES,0,NO,NEVER,,,N,
vendor_stats,revenue,7,numeric,numeric,YES,0,NO,NEVER,,,N,
vendor_stats,created_at,8,timestamp with time zone,timestamptz,YES,now(),NO,NEVER,,,N,
vendor_stats,is_deleted,9,boolean,bool,NO,false,NO,NEVER,,,N,
vendor_subscription_plans,id,1,uuid,uuid,NO,gen_random_uuid(),NO,NEVER,,,Y,
vendor_subscription_plans,plan_id,2,text,text,NO,,NO,NEVER,,,N,
vendor_subscription_plans,vendor_id,3,uuid,uuid,NO,,NO,NEVER,,,N,vendors.id
vendor_subscription_plans,name,4,text,text,NO,,NO,NEVER,,,N,
vendor_subscription_plans,price,5,numeric,numeric,NO,,NO,NEVER,,,N,
vendor_subscription_plans,interval,6,text,text,NO,,NO,NEVER,,,N,
vendor_subscription_plans,features,7,jsonb,jsonb,YES,'[]'::jsonb,NO,NEVER,,,N,
vendor_subscription_plans,is_active,8,boolean,bool,YES,true,NO,NEVER,,,N,
vendor_subscription_plans,created_at,9,timestamp with time zone,timestamptz,YES,now(),NO,NEVER,,,N,
vendor_subscription_plans,updated_at,10,timestamp with time zone,timestamptz,YES,now(),NO,NEVER,,,N,
vendor_subscription_plans,is_deleted,11,boolean,bool,NO,false,NO,NEVER,,,N,
vendor_tier_subscriptions,id,1,uuid,uuid,NO,gen_random_uuid(),NO,NEVER,,,Y,
vendor_tier_subscriptions,vendor_id,2,uuid,uuid,NO,,NO,NEVER,,,N,vendors.id
vendor_tier_subscriptions,tier_id,3,uuid,uuid,NO,,NO,NEVER,,,N,vendor_tiers.id
vendor_tier_subscriptions,subscription_type,4,text,text,NO,,NO,NEVER,,,N,
vendor_tier_subscriptions,payment_type,5,text,text,NO,,NO,NEVER,,,N,
vendor_tier_subscriptions,total_amount,6,numeric,numeric,NO,,NO,NEVER,,,N,
vendor_tier_subscriptions,discount_amount,7,numeric,numeric,YES,0,NO,NEVER,,,N,
vendor_tier_subscriptions,final_amount,8,numeric,numeric,NO,,NO,NEVER,,,N,
vendor_tier_subscriptions,split_installments,9,integer,int4,YES,,NO,NEVER,,,N,
vendor_tier_subscriptions,split_interval_days,10,integer,int4,YES,,NO,NEVER,,,N,
vendor_tier_subscriptions,next_payment_date,11,date,date,YES,,NO,NEVER,,,N,
vendor_tier_subscriptions,next_payment_amount,12,numeric,numeric,YES,,NO,NEVER,,,N,
vendor_tier_subscriptions,status,13,text,text,NO,'active'::text,NO,NEVER,,,N,
vendor_tier_subscriptions,start_date,14,date,date,NO,,NO,NEVER,,,N,
vendor_tier_subscriptions,end_date,15,date,date,NO,,NO,NEVER,,,N,
vendor_tier_subscriptions,payment_ids,16,ARRAY,_uuid,YES,'{}'::uuid[],NO,NEVER,,,N,
vendor_tier_subscriptions,created_at,17,timestamp with time zone,timestamptz,YES,now(),NO,NEVER,,,N,
vendor_tier_subscriptions,updated_at,18,timestamp with time zone,timestamptz,YES,now(),NO,NEVER,,,N,
vendor_tiers,id,1,uuid,uuid,NO,gen_random_uuid(),NO,NEVER,,,Y,
vendor_tiers,tier_name,2,text,text,NO,,NO,NEVER,,,N,
vendor_tiers,tier_level,3,integer,int4,NO,,NO,NEVER,,,N,
vendor_tiers,display_name,4,text,text,NO,,NO,NEVER,,,N,
vendor_tiers,description,5,text,text,YES,,NO,NEVER,,,N,
vendor_tiers,commission_rate,6,numeric,numeric,NO,,NO,NEVER,,,N,
vendor_tiers,payout_period_days,7,integer,int4,YES,7,NO,NEVER,,,N,
vendor_tiers,monthly_cost,8,numeric,numeric,NO,0,NO,NEVER,,,N,
vendor_tiers,yearly_cost,9,numeric,numeric,NO,0,NO,NEVER,,,N,
vendor_tiers,six_month_cost,10,numeric,numeric,YES,,NO,NEVER,,,N,
vendor_tiers,six_month_discount_percentage,11,numeric,numeric,YES,0,NO,NEVER,,,N,
vendor_tiers,twelve_month_cost,12,numeric,numeric,YES,,NO,NEVER,,,N,
vendor_tiers,twelve_month_discount_percentage,13,numeric,numeric,YES,0,NO,NEVER,,,N,
vendor_tiers,allow_split_payment,14,boolean,bool,YES,false,NO,NEVER,,,N,
vendor_tiers,split_payment_installments,15,integer,int4,YES,3,NO,NEVER,,,N,
vendor_tiers,split_payment_interval_days,16,integer,int4,YES,30,NO,NEVER,,,N,
vendor_tiers,features,17,jsonb,jsonb,YES,'[]'::jsonb,NO,NEVER,,,N,
vendor_tiers,applicable_roles,18,ARRAY,_uuid,YES,'{}'::uuid[],NO,NEVER,,,N,
vendor_tiers,is_default,19,boolean,bool,YES,false,NO,NEVER,,,N,
vendor_tiers,is_active,20,boolean,bool,YES,true,NO,NEVER,,,N,
vendor_tiers,is_free_tier,21,boolean,bool,YES,false,NO,NEVER,,,N,
vendor_tiers,created_at,22,timestamp with time zone,timestamptz,YES,now(),NO,NEVER,,,N,
vendor_tiers,updated_at,23,timestamp with time zone,timestamptz,YES,now(),NO,NEVER,,,N,
vendor_tiers,terms_and_conditions,24,text,text,YES,,NO,NEVER,,,N,
vendor_tiers,terms_version,25,text,text,YES,'1.0'::text,NO,NEVER,,,N,
vendor_tiers,is_deleted,26,boolean,bool,NO,false,NO,NEVER,,,N,
vendor_wallet_transactions,id,1,uuid,uuid,NO,gen_random_uuid(),NO,NEVER,0,-1,Y,
vendor_wallet_transactions,wallet_id,2,uuid,uuid,NO,,NO,NEVER,0,-0.5887850522994995,N,vendor_wallets.id
vendor_wallet_transactions,vendor_id,3,uuid,uuid,NO,,NO,NEVER,0,-0.5887850522994995,N,vendors.id
vendor_wallet_transactions,transaction_type,4,text,text,NO,,NO,NEVER,0,1,N,
vendor_wallet_transactions,amount,5,numeric,numeric,NO,,NO,NEVER,0,7,N,
vendor_wallet_transactions,balance_after,6,numeric,numeric,NO,,NO,NEVER,0,19,N,
vendor_wallet_transactions,reference_type,7,text,text,YES,,NO,NEVER,0,4,N,
vendor_wallet_transactions,reference_id,8,text,text,YES,,NO,NEVER,0.46261683106422424,-0.5373831987380981,N,
vendor_wallet_transactions,description,9,text,text,YES,,NO,NEVER,0,7,N,
vendor_wallet_transactions,source,10,text,text,YES,,NO,NEVER,0,1,N,
vendor_wallet_transactions,created_at,11,timestamp with time zone,timestamptz,YES,now(),NO,NEVER,0,-1,N,
vendor_wallets,id,1,uuid,uuid,NO,gen_random_uuid(),NO,NEVER,0,-1,Y,
vendor_wallets,vendor_id,2,uuid,uuid,NO,,NO,NEVER,0,-1,N,vendors.id
vendor_wallets,balance,3,numeric,numeric,NO,0,NO,NEVER,0,-0.1221374049782753,N,
vendor_wallets,currency,4,text,text,YES,'INR'::text,NO,NEVER,0,1,N,
vendor_wallets,created_at,5,timestamp with time zone,timestamptz,YES,now(),NO,NEVER,0,-1,N,
vendor_wallets,updated_at,6,timestamp with time zone,timestamptz,YES,now(),NO,NEVER,0,-1,N,
vendors,id,1,uuid,uuid,NO,gen_random_uuid(),NO,NEVER,0,-1,Y,
vendors,phone,2,text,text,NO,,NO,NEVER,0,-0.6741573214530945,N,
vendors,email,3,text,text,NO,,NO,NEVER,0,-0.6404494643211365,N,
vendors,business_name,4,text,text,NO,,NO,NEVER,0,-0.9382022619247437,N,
vendors,owner_name,5,text,text,NO,,NO,NEVER,0,-0.8258426785469055,N,
vendors,alternate_phone,6,text,text,YES,,NO,NEVER,1,0,N,
vendors,role_id,7,uuid,uuid,YES,,NO,NEVER,0,-0.10112359374761581,N,roles.id
vendors,category,8,text,text,YES,,NO,NEVER,0.7865168452262878,1,N,
vendors,experience_years,9,integer,int4,YES,,NO,NEVER,0.6910112500190735,14,N,
vendors,registration_number,10,text,text,YES,,NO,NEVER,1,0,N,
vendors,gst_number,11,text,text,YES,,NO,NEVER,1,0,N,
vendors,pan_number,12,text,text,YES,,NO,NEVER,1,0,N,
vendors,address,13,text,text,NO,,NO,NEVER,0,-0.6292135119438171,N,
vendors,city,14,text,text,NO,,NO,NEVER,0,-0.13483145833015442,N,
vendors,state,15,text,text,NO,,NO,NEVER,0,11,N,
vendors,pincode,16,text,text,YES,,NO,NEVER,0,-0.31460675597190857,N,
vendors,landmark,17,text,text,YES,,NO,NEVER,1,0,N,
vendors,latitude,18,numeric,numeric,YES,,NO,NEVER,0.483146071434021,-0.47191011905670166,N,
vendors,longitude,19,numeric,numeric,YES,,NO,NEVER,0.483146071434021,-0.47191011905670166,N,
vendors,status,20,text,text,NO,'pending'::text,NO,NEVER,0,4,N,
vendors,tier,21,text,text,YES,'Bronze'::text,NO,NEVER,0,3,N,
vendors,commission_percentage,22,numeric,numeric,YES,15.00,NO,NEVER,0,4,N,
vendors,operating_hours,23,text,text,YES,,NO,NEVER,0.6516854166984558,3,N,
vendors,capacity,24,integer,int4,YES,,NO,NEVER,1,0,N,
vendors,specialization,25,text,text,YES,,NO,NEVER,1,0,N,
vendors,is_active,26,boolean,bool,YES,true,NO,NEVER,0,2,N,
vendors,created_at,27,timestamp with time zone,timestamptz,YES,now(),NO,NEVER,0,-1,N,
vendors,updated_at,28,timestamp with time zone,timestamptz,YES,now(),NO,NEVER,0,-0.9943820238113403,N,
vendors,approved_at,29,timestamp with time zone,timestamptz,YES,,NO,NEVER,0.2808988690376282,-0.7191011309623718,N,
vendors,approved_by,30,uuid,uuid,YES,,NO,NEVER,1,0,N,
vendors,total_earnings,31,numeric,numeric,YES,0,NO,NEVER,0,-0.1741573065519333,N,
vendors,pending_payout,32,numeric,numeric,YES,0,NO,NEVER,0,-0.1741573065519333,N,
vendors,user_id,33,uuid,uuid,YES,,NO,NEVER,1,0,N,
vendors,onboarding_progress,34,integer,int4,YES,0,NO,NEVER,0,1,N,
vendors,metadata,35,jsonb,jsonb,YES,,NO,NEVER,0.07865168899297714,-0.8258426785469055,N,
vendors,setup_completed,36,boolean,bool,YES,false,NO,NEVER,0,1,N,
vendors,onboarding_status,37,text,text,YES,,NO,NEVER,0.915730357170105,1,N,
vendors,vendor_identity_id,38,uuid,uuid,YES,,NO,NEVER,0.9213483333587646,-0.07865166664123535,N,vendor_identity.id
vendors,vendor_type,39,text,text,YES,,NO,NEVER,0.26404494047164917,2,N,
vendors,profile_photo_url,40,text,text,YES,,NO,NEVER,0.4606741666793823,-0.533707857131958,N,
vendors,qualifications,41,text,text,YES,,NO,NEVER,0.6910112500190735,-0.2415730357170105,N,
vendors,service_area,42,text,text,YES,,NO,NEVER,0.7471910119056702,-0.12921348214149475,N,
vendors,description,43,text,text,YES,,NO,NEVER,0.6910112500190735,-0.24719101190567017,N,
vendors,upi_id,44,text,text,YES,,NO,NEVER,0.9382022619247437,10,N,
vendors,upi_verified,45,boolean,bool,YES,false,NO,NEVER,0,1,N,
vendors,upi_verified_at,46,timestamp with time zone,timestamptz,YES,,NO,NEVER,1,0,N,
vendors,specializations,47,jsonb,jsonb,YES,'[]'::jsonb,NO,NEVER,0,-0.3764044940471649,N,
vendors,service_radius,48,numeric,numeric,YES,,NO,NEVER,0.7865168452262878,11,N,
vendors,logo_url,49,text,text,YES,,NO,NEVER,1,0,N,
vendors,is_online,50,boolean,bool,YES,true,NO,NEVER,0,2,N,
vendors,went_offline_at,51,timestamp with time zone,timestamptz,YES,,NO,NEVER,0.966292142868042,-0.03370785713195801,N,
vendors,profile_image,52,text,text,YES,,NO,NEVER,1,0,N,
vendors,availability_configured,53,boolean,bool,YES,false,NO,NEVER,0,2,N,
vendors,services_configured,54,boolean,bool,YES,false,NO,NEVER,0,1,N,
vendors,emergency_contact,55,jsonb,jsonb,YES,,NO,NEVER,0.8146067261695862,-0.16292135417461395,N,
vendors,max_dogs_per_walk,56,integer,int4,YES,,NO,NEVER,1,0,N,
vendors,walk_durations,57,ARRAY,_text,YES,ARRAY[]::text[],NO,NEVER,0.18539325892925262,1,N,
vendors,other_config,58,jsonb,jsonb,YES,'{}'::jsonb,NO,NEVER,0,1,N,
vendors,available_for_instant_tele,59,boolean,bool,NO,false,NO,NEVER,0,2,N,
vendors,is_deleted,60,boolean,bool,YES,false,NO,NEVER,0,2,N,
vendors,upi_vpa_holder_name,61,text,text,YES,,NO,NEVER,1,0,N,
vendors,password_hash,62,text,text,YES,,NO,NEVER,0.516853928565979,-0.483146071434021,N,
vendors,auth_version,63,integer,int4,NO,0,NO,NEVER,0,5,N,
vendors,rating,64,numeric,numeric,YES,0,NO,NEVER,0,1,N,
vendors,boarding_disclaimer,65,text,text,YES,,NO,NEVER,0.9887640476226807,-0.011235952377319336,N,
vendors,boarding_disclaimer_points,66,jsonb,jsonb,YES,'[]'::jsonb,NO,NEVER,0,3,N,
vendors,service_distance_km,67,numeric,numeric,YES,,NO,NEVER,0.9044944047927856,7,N,
vendors,commission_tier_id,68,uuid,uuid,YES,,NO,NEVER,1,0,N,
vendors,commission_rate,69,numeric,numeric,YES,,NO,NEVER,1,0,N,
vendors,current_tier_id,70,uuid,uuid,YES,,NO,NEVER,1,0,N,vendor_tiers.id
vendors,tier_subscription_id,71,uuid,uuid,YES,,NO,NEVER,1,0,N,vendor_tier_subscriptions.id
vendors,tier_upgraded_at,72,timestamp with time zone,timestamptz,YES,,NO,NEVER,1,0,N,
vendors,last_password_reset_at,73,timestamp with time zone,timestamptz,YES,,NO,NEVER,0.9775280952453613,-0.022471904754638672,N,
vendors,return_policy_text,74,text,text,YES,,NO,NEVER,1,0,N,
video_call_history,id,1,text,text,NO,,NO,NEVER,,,Y,
video_call_history,room_id,2,text,text,NO,,NO,NEVER,,,N,video_call_rooms.room_id
video_call_history,booking_id,3,uuid,uuid,YES,,NO,NEVER,,,N,bookings.id
video_call_history,started_at,4,timestamp with time zone,timestamptz,NO,,NO,NEVER,,,N,
video_call_history,ended_at,5,timestamp with time zone,timestamptz,YES,,NO,NEVER,,,N,
video_call_history,duration,6,integer,int4,YES,,NO,NEVER,,,N,
video_call_history,participants,7,jsonb,jsonb,YES,'[]'::jsonb,NO,NEVER,,,N,
video_call_history,call_type,8,text,text,NO,'video'::text,NO,NEVER,,,N,
video_call_history,created_at,9,timestamp with time zone,timestamptz,YES,now(),NO,NEVER,,,N,
video_call_rooms,id,1,text,text,NO,,NO,NEVER,,,Y,
video_call_rooms,booking_id,2,uuid,uuid,YES,,NO,NEVER,,,N,bookings.id
video_call_rooms,room_id,3,text,text,NO,,NO,NEVER,,,N,
video_call_rooms,participants,4,jsonb,jsonb,YES,'[]'::jsonb,NO,NEVER,,,N,
video_call_rooms,status,5,text,text,NO,'active'::text,NO,NEVER,,,N,
video_call_rooms,offer,6,jsonb,jsonb,YES,,NO,NEVER,,,N,
video_call_rooms,answer,7,jsonb,jsonb,YES,,NO,NEVER,,,N,
video_call_rooms,ice_candidates,8,jsonb,jsonb,YES,'[]'::jsonb,NO,NEVER,,,N,
video_call_rooms,ended_at,9,timestamp with time zone,timestamptz,YES,,NO,NEVER,,,N,
video_call_rooms,ended_by,10,text,text,YES,,NO,NEVER,,,N,
video_call_rooms,duration,11,integer,int4,YES,,NO,NEVER,,,N,
video_call_rooms,created_at,12,timestamp with time zone,timestamptz,YES,now(),NO,NEVER,,,N,
video_call_rooms,updated_at,13,timestamp with time zone,timestamptz,YES,now(),NO,NEVER,,,N,
video_call_sessions,id,1,uuid,uuid,NO,gen_random_uuid(),NO,NEVER,0,-1,Y,
video_call_sessions,booking_id,2,uuid,uuid,NO,,NO,NEVER,0,-1,N,bookings.id
video_call_sessions,meeting_id,3,text,text,NO,,NO,NEVER,0,-1,N,
video_call_sessions,customer_id,4,uuid,uuid,YES,,NO,NEVER,0,7,N,
video_call_sessions,vendor_id,5,uuid,uuid,YES,,NO,NEVER,0,-0.1428571492433548,N,
video_call_sessions,customer_attendee_id,6,text,text,YES,,NO,NEVER,0.1318681389093399,-0.8681318759918213,N,
video_call_sessions,vendor_attendee_id,7,text,text,YES,,NO,NEVER,0.12087912112474442,-0.8791208863258362,N,
video_call_sessions,status,8,text,text,NO,'active'::text,NO,NEVER,0,4,N,
video_call_sessions,started_at,9,timestamp with time zone,timestamptz,YES,now(),NO,NEVER,0,-1,N,
video_call_sessions,ended_at,10,timestamp with time zone,timestamptz,YES,,NO,NEVER,0.1428571492433548,-0.7582417726516724,N,
video_call_sessions,duration_seconds,11,integer,int4,YES,,NO,NEVER,1,0,N,
video_call_sessions,recording_url,12,text,text,YES,,NO,NEVER,1,0,N,
video_call_sessions,created_at,13,timestamp with time zone,timestamptz,YES,now(),NO,NEVER,0,-1,N,
video_call_sessions,updated_at,14,timestamp with time zone,timestamptz,YES,now(),NO,NEVER,0,-0.901098906993866,N,
video_call_sessions,customer_join_token,15,text,text,YES,,NO,NEVER,0.1318681389093399,-0.8681318759918213,N,
video_call_sessions,vendor_join_token,16,text,text,YES,,NO,NEVER,0.12087912112474442,-0.8791208863258362,N,
video_call_sessions,staff_id,17,uuid,uuid,YES,,NO,NEVER,1,0,N,staff.id
video_call_sessions,customer_joined_at,18,timestamp with time zone,timestamptz,YES,,NO,NEVER,0.9120879173278809,-0.08791208267211914,N,
video_call_sessions,vendor_joined_at,19,timestamp with time zone,timestamptz,YES,,NO,NEVER,0.9120879173278809,-0.08791208267211914,N,
video_call_sessions,customer_left_at,20,timestamp with time zone,timestamptz,YES,,NO,NEVER,0.9670329689979553,-0.03296703100204468,N,
video_call_sessions,vendor_left_at,21,timestamp with time zone,timestamptz,YES,,NO,NEVER,0.9340659379959106,-0.06593406200408936,N,
video_call_sessions,overlap_duration_seconds,22,integer,int4,NO,0,NO,NEVER,0,8,N,
video_call_sessions,completion_qualified,23,boolean,bool,NO,false,NO,NEVER,0,1,N,
video_call_sessions,completion_source,24,character varying,varchar,YES,,NO,NEVER,1,0,N,
video_call_sessions,consultation_started_at,25,timestamp with time zone,timestamptz,YES,,NO,NEVER,0.9120879173278809,-0.08791208267211914,N,
video_call_sessions,consultation_completed_at,26,timestamp with time zone,timestamptz,YES,,NO,NEVER,1,0,N,
video_call_sessions,call_timer_remaining_seconds,27,integer,int4,YES,,NO,NEVER,0.9120879173278809,-0.08791208267211914,N,
video_call_sessions,call_timer_running_since,28,timestamp with time zone,timestamptz,YES,,NO,NEVER,0.9780219793319702,-0.021978020668029785,N,
video_call_sessions,overlap_segment_started_at,29,timestamp with time zone,timestamptz,YES,,NO,NEVER,0.9780219793319702,-0.021978020668029785,N,
walk_routes,id,1,uuid,uuid,NO,gen_random_uuid(),NO,NEVER,,,Y,
walk_routes,booking_id,2,uuid,uuid,NO,,NO,NEVER,,,N,bookings.id
walk_routes,walker_id,3,uuid,uuid,NO,,NO,NEVER,,,N,vendors.id
walk_routes,customer_id,4,uuid,uuid,NO,,NO,NEVER,,,N,customers.id
walk_routes,pet_id,5,uuid,uuid,YES,,NO,NEVER,,,N,pets.id
walk_routes,route_polyline,6,text,text,YES,,NO,NEVER,,,N,
walk_routes,total_distance_meters,7,integer,int4,YES,0,NO,NEVER,,,N,
walk_routes,total_duration_seconds,8,integer,int4,YES,0,NO,NEVER,,,N,
walk_routes,average_speed_kmh,9,numeric,numeric,YES,,NO,NEVER,,,N,
walk_routes,start_location,10,jsonb,jsonb,YES,,NO,NEVER,,,N,
walk_routes,end_location,11,jsonb,jsonb,YES,,NO,NEVER,,,N,
walk_routes,waypoints,12,jsonb,jsonb,YES,'[]'::jsonb,NO,NEVER,,,N,
walk_routes,photos,13,jsonb,jsonb,YES,'[]'::jsonb,NO,NEVER,,,N,
walk_routes,notes,14,text,text,YES,,NO,NEVER,,,N,
walk_routes,potty_breaks,15,integer,int4,YES,0,NO,NEVER,,,N,
walk_routes,weather_conditions,16,text,text,YES,,NO,NEVER,,,N,
walk_routes,started_at,17,timestamp with time zone,timestamptz,YES,,NO,NEVER,,,N,
walk_routes,ended_at,18,timestamp with time zone,timestamptz,YES,,NO,NEVER,,,N,
walk_routes,created_at,19,timestamp with time zone,timestamptz,YES,now(),NO,NEVER,,,N,
walker_live_sessions,id,1,uuid,uuid,NO,gen_random_uuid(),NO,NEVER,,,Y,
walker_live_sessions,booking_id,2,uuid,uuid,NO,,NO,NEVER,,,N,bookings.id
walker_live_sessions,walker_id,3,uuid,uuid,NO,,NO,NEVER,,,N,vendors.id
walker_live_sessions,customer_id,4,uuid,uuid,NO,,NO,NEVER,,,N,customers.id
walker_live_sessions,current_lat,5,numeric,numeric,YES,,NO,NEVER,,,N,
walker_live_sessions,current_lng,6,numeric,numeric,YES,,NO,NEVER,,,N,
walker_live_sessions,heading,7,numeric,numeric,YES,,NO,NEVER,,,N,
walker_live_sessions,speed_kmh,8,numeric,numeric,YES,,NO,NEVER,,,N,
walker_live_sessions,accuracy_meters,9,numeric,numeric,YES,,NO,NEVER,,,N,
walker_live_sessions,battery_level,10,integer,int4,YES,,NO,NEVER,,,N,
walker_live_sessions,last_updated,11,timestamp with time zone,timestamptz,YES,now(),NO,NEVER,,,N,
walker_live_sessions,is_active,12,boolean,bool,YES,true,NO,NEVER,,,N,
walker_live_sessions,started_at,13,timestamp with time zone,timestamptz,YES,now(),NO,NEVER,,,N,
wallet_checkout_rules,id,1,uuid,uuid,NO,gen_random_uuid(),NO,NEVER,,,Y,
wallet_checkout_rules,is_active,2,boolean,bool,NO,true,NO,NEVER,,,N,
wallet_checkout_rules,enabled,3,boolean,bool,NO,true,NO,NEVER,,,N,
wallet_checkout_rules,respect_loyalty_redeem_floor,4,boolean,bool,NO,true,NO,NEVER,,,N,
wallet_checkout_rules,min_balance_inr_override,5,numeric,numeric,YES,,NO,NEVER,,,N,
wallet_checkout_rules,created_at,6,timestamp with time zone,timestamptz,NO,now(),NO,NEVER,,,N,
wallet_checkout_rules,updated_at,7,timestamp with time zone,timestamptz,NO,now(),NO,NEVER,,,N,
wallet_transactions,id,1,uuid,uuid,NO,gen_random_uuid(),NO,NEVER,0,-1,Y,
wallet_transactions,wallet_id,2,uuid,uuid,NO,,NO,NEVER,0,-0.17931035161018372,N,customer_wallets.id
wallet_transactions,transaction_type,3,text,text,NO,,NO,NEVER,0,2,N,
wallet_transactions,amount,4,numeric,numeric,NO,,NO,NEVER,0,-0.23103448748588562,N,
wallet_transactions,balance_after,5,numeric,numeric,NO,,NO,NEVER,0,-0.5,N,
wallet_transactions,reference_type,6,text,text,YES,,NO,NEVER,0.4724137783050537,4,N,
wallet_transactions,reference_id,7,uuid,uuid,YES,,NO,NEVER,0.4724137783050537,-0.41034483909606934,N,
wallet_transactions,description,8,text,text,YES,,NO,NEVER,0,-0.5896551609039307,N,
wallet_transactions,created_at,9,timestamp with time zone,timestamptz,YES,now(),NO,NEVER,0,-1,N,
wishlists,id,1,uuid,uuid,NO,gen_random_uuid(),NO,NEVER,,,Y,
wishlists,customer_id,2,uuid,uuid,NO,,NO,NEVER,,,N,customers.id
wishlists,product_id,3,uuid,uuid,YES,,NO,NEVER,,,N,
wishlists,service_id,4,uuid,uuid,YES,,NO,NEVER,,,N,
wishlists,created_at,5,timestamp with time zone,timestamptz,YES,now(),NO,NEVER,,,N,
zero_result_searches,id,1,uuid,uuid,NO,gen_random_uuid(),NO,NEVER,,,Y,
zero_result_searches,query,2,text,text,NO,,NO,NEVER,,,N,
zero_result_searches,search_count,3,integer,int4,YES,1,NO,NEVER,,,N,
zero_result_searches,last_searched_at,4,timestamp with time zone,timestamptz,YES,now(),NO,NEVER,,,N,
zero_result_searches,created_at,5,timestamp with time zone,timestamptz,YES,now(),NO,NEVER,,,N,